ID;ID progetto;REQUISITO (testo);Classe dei requisiti;CATEGORIA;PAROLA
R1;1;The system shall refresh the display every 60 seconds.;PE;NULL;NULL
R2;1;The application shall match the color of the schema set forth by Department of Homeland Security;LF;NULL;NULL
R3;1;If projected  the data must be readable.  On a 10x10 projection screen  90% of viewers must be able to read Event / Activity data from a viewing distance of 30;US;vague;able to
R3;1;If projected  the data must be readable.  On a 10x10 projection screen  90% of viewers must be able to read Event / Activity data from a viewing distance of 30;US;vague;/
R3;1;If projected  the data must be readable.  On a 10x10 projection screen  90% of viewers must be able to read Event / Activity data from a viewing distance of 30;US;plurals;viewers
R4;1;The product shall be available during normal business hours. As long as the user has access to the client PC  the system will be available 99% of the time during the first six months of operation.;A;vague;normal
R4;1;The product shall be available during normal business hours. As long as the user has access to the client PC  the system will be available 99% of the time during the first six months of operation.;A;weak_1;will
R5;1;If projected  the data must be understandable. On a 10x10 projection screen  90% of viewers must be able to determine that Events or Activities are occuring in current time from a viewing distance of 100;US;vague;able to
R5;1;If projected  the data must be understandable. On a 10x10 projection screen  90% of viewers must be able to determine that Events or Activities are occuring in current time from a viewing distance of 100;US;vague;understandable
R5;1;If projected  the data must be understandable. On a 10x10 projection screen  90% of viewers must be able to determine that Events or Activities are occuring in current time from a viewing distance of 100;US;plurals;viewers
R5;1;If projected  the data must be understandable. On a 10x10 projection screen  90% of viewers must be able to determine that Events or Activities are occuring in current time from a viewing distance of 100;US;pronoun;that
R5;1;If projected  the data must be understandable. On a 10x10 projection screen  90% of viewers must be able to determine that Events or Activities are occuring in current time from a viewing distance of 100;US;plurals;Events
R5;1;If projected  the data must be understandable. On a 10x10 projection screen  90% of viewers must be able to determine that Events or Activities are occuring in current time from a viewing distance of 100;US;optional;or
R5;1;If projected  the data must be understandable. On a 10x10 projection screen  90% of viewers must be able to determine that Events or Activities are occuring in current time from a viewing distance of 100;US;plurals;Activities
R6;1;The product shall ensure that it can only be accessed by authorized users.  The product will be able to distinguish between authorized and unauthorized users in all access attempts;SE;vague;able to
R6;1;The product shall ensure that it can only be accessed by authorized users.  The product will be able to distinguish between authorized and unauthorized users in all access attempts;SE;pronoun;that
R6;1;The product shall ensure that it can only be accessed by authorized users.  The product will be able to distinguish between authorized and unauthorized users in all access attempts;SE;pronoun;it
R6;1;The product shall ensure that it can only be accessed by authorized users.  The product will be able to distinguish between authorized and unauthorized users in all access attempts;SE;weak_1;can
R6;1;The product shall ensure that it can only be accessed by authorized users.  The product will be able to distinguish between authorized and unauthorized users in all access attempts;SE;vague;only
R6;1;The product shall ensure that it can only be accessed by authorized users.  The product will be able to distinguish between authorized and unauthorized users in all access attempts;SE;plurals;users
R6;1;The product shall ensure that it can only be accessed by authorized users.  The product will be able to distinguish between authorized and unauthorized users in all access attempts;SE;weak_1;will
R6;1;The product shall ensure that it can only be accessed by authorized users.  The product will be able to distinguish between authorized and unauthorized users in all access attempts;SE;vague;and
R6;1;The product shall ensure that it can only be accessed by authorized users.  The product will be able to distinguish between authorized and unauthorized users in all access attempts;SE;qualifier;all
R7;1;The product shall be intuitive and self-explanatory. 90% of new users shall be able to start the display of Events or Activities within 90 minutes of using the product.;US;vague;able to
R7;1;The product shall be intuitive and self-explanatory. 90% of new users shall be able to start the display of Events or Activities within 90 minutes of using the product.;US;vague;and
R7;1;The product shall be intuitive and self-explanatory. 90% of new users shall be able to start the display of Events or Activities within 90 minutes of using the product.;US;plurals;users
R7;1;The product shall be intuitive and self-explanatory. 90% of new users shall be able to start the display of Events or Activities within 90 minutes of using the product.;US;plurals;Events
R7;1;The product shall be intuitive and self-explanatory. 90% of new users shall be able to start the display of Events or Activities within 90 minutes of using the product.;US;optional;or
R7;1;The product shall be intuitive and self-explanatory. 90% of new users shall be able to start the display of Events or Activities within 90 minutes of using the product.;US;plurals;Activities
R8;1;The product shall respond fast to keep up-to-date data in the display.;PE;vague;fast
R9;1;The system shall have a MDI form that allows for the viewing of the graph and the data table.;F;directive;table.
R9;1;The system shall have a MDI form that allows for the viewing of the graph and the data table.;F;pronoun;that
R9;1;The system shall have a MDI form that allows for the viewing of the graph and the data table.;F;vague;and
R10;1;The system shall display Events in a vertical table by time.;F;plurals;Events
R10;1;The system shall display Events in a vertical table by time.;F;directive;table
R11;1;The system shall display the Events in a graph by time.;F;plurals;Events
R12;1;The system shall display Events or Activities.;F;plurals;Events
R12;1;The system shall display Events or Activities.;F;optional;or
R12;1;The system shall display Events or Activities.;F;plurals;Activities
R13;1;The display shall have two regions:  left 2/3 of the display is graphical  right 1/3 of the display is a data table;F;plurals;regions
R13;1;The display shall have two regions:  left 2/3 of the display is graphical  right 1/3 of the display is a data table;F;continuance;:
R13;1;The display shall have two regions:  left 2/3 of the display is graphical  right 1/3 of the display is a data table;F;directive;table
R14;1;The data displayed in both the nodes within the graph and the rows in the table are MSEL Summary data;F;vague;both
R14;1;The data displayed in both the nodes within the graph and the rows in the table are MSEL Summary data;F;plurals;nodes
R14;1;The data displayed in both the nodes within the graph and the rows in the table are MSEL Summary data;F;vague;and
R14;1;The data displayed in both the nodes within the graph and the rows in the table are MSEL Summary data;F;plurals;rows
R14;1;The data displayed in both the nodes within the graph and the rows in the table are MSEL Summary data;F;directive;table
R15;1;The table side of the display shall be split into 2 regions: sequential and temporal.;F;directive;table
R15;1;The table side of the display shall be split into 2 regions: sequential and temporal.;F;plurals;regions
R15;1;The table side of the display shall be split into 2 regions: sequential and temporal.;F;continuance;:
R15;1;The table side of the display shall be split into 2 regions: sequential and temporal.;F;vague;sequential
R15;1;The table side of the display shall be split into 2 regions: sequential and temporal.;F;vague;and
R16;1;The top 1/4 of the table will hold events that are to occur sequentially.;F;directive;table
R16;1;The top 1/4 of the table will hold events that are to occur sequentially.;F;weak_1;will
R16;1;The top 1/4 of the table will hold events that are to occur sequentially.;F;plurals;events
R16;1;The top 1/4 of the table will hold events that are to occur sequentially.;F;pronoun;that
R17;1;The bottom 3/4 of the table will hold events that occur according to its relevance to current time.;F;directive;table
R17;1;The bottom 3/4 of the table will hold events that occur according to its relevance to current time.;F;weak_1;will
R17;1;The bottom 3/4 of the table will hold events that occur according to its relevance to current time.;F;plurals;events
R17;1;The bottom 3/4 of the table will hold events that occur according to its relevance to current time.;F;pronoun;that
R17;1;The bottom 3/4 of the table will hold events that occur according to its relevance to current time.;F;pronoun;its
R18;1;The system shall color code events according to their variance from current time.;F;plurals;events
R18;1;The system shall color code events according to their variance from current time.;F;pronoun;their
R19;1;The system shall display data from the Sync Matrix 1.0 and Exercise Management Tool 1.0 applications;F;vague;and
R19;1;The system shall display data from the Sync Matrix 1.0 and Exercise Management Tool 1.0 applications;F;plurals;applications
R20;1;The system shall link Events back to either the Sync Matrix 1.0 or the Exercise Managment Tool 1.0 applications for modifications.;F;plurals;Events
R20;1;The system shall link Events back to either the Sync Matrix 1.0 or the Exercise Managment Tool 1.0 applications for modifications.;F;optional;either
R20;1;The system shall link Events back to either the Sync Matrix 1.0 or the Exercise Managment Tool 1.0 applications for modifications.;F;optional;or
R20;1;The system shall link Events back to either the Sync Matrix 1.0 or the Exercise Managment Tool 1.0 applications for modifications.;F;plurals;applications
R20;1;The system shall link Events back to either the Sync Matrix 1.0 or the Exercise Managment Tool 1.0 applications for modifications.;F;plurals;modifications
R21;1;The system shall allow modification of the display.;F;NULL;NULL
R22;1;The system shall offer a display of all the Events in the exercise.;F;qualifier;all
R22;1;The system shall offer a display of all the Events in the exercise.;F;plurals;Events
R23;1;The system shall filter data by: Venues and Key Events.;F;continuance;:
R23;1;The system shall filter data by: Venues and Key Events.;F;plurals;Venues
R23;1;The system shall filter data by: Venues and Key Events.;F;vague;and
R23;1;The system shall filter data by: Venues and Key Events.;F;plurals;Events
R24;1;The system shall allow a user to define the time segments;F;plurals;segments
R25;1;The system shall display the local and exercise time in separate clocks;F;vague;and
R25;1;The system shall display the local and exercise time in separate clocks;F;plurals;clocks
R26;1;The system shall offer the ability to pause and resume the refresh of data.;F;vague;and
R27;1;The system shall provide charts for the Activity or Event actual versus assumed time.;F;plurals;charts
R27;1;The system shall provide charts for the Activity or Event actual versus assumed time.;F;optional;or
R28;1;The system shall provide a history report of changes made to the Activity or Event data;F;plurals;changes
R28;1;The system shall provide a history report of changes made to the Activity or Event data;F;optional;or
R29;2;The look and feel of the system shall conform to the user interface standards of the smart device.;LF;vague;and
R29;2;The look and feel of the system shall conform to the user interface standards of the smart device.;LF;plurals;standards
R30;2;The user interface shall have standard menus buttons for navigation;LF;plurals;menus
R30;2;The user interface shall have standard menus buttons for navigation;LF;plurals;buttons
R31;2;The system shall have a professional appearance;LF;NULL;NULL
R32;2;The product shall have a consistent color scheme and fonts.;LF;vague;consistent
R32;2;The product shall have a consistent color scheme and fonts.;LF;vague;and
R32;2;The product shall have a consistent color scheme and fonts.;LF;plurals;fonts
R33;2;The system shall be used by realtors with no training.;US;plurals;realtors
R34;2;The system shall be intuitive and self explanatory.;US;vague;and
R35;2;The product shall be easy for a realtor to learn.;US;vague;easy
R36;2;The product shall use symbols and words that are naturally understandable by the realtor community.;US;plurals;symbols
R36;2;The product shall use symbols and words that are naturally understandable by the realtor community.;US;vague;and
R36;2;The product shall use symbols and words that are naturally understandable by the realtor community.;US;plurals;words
R36;2;The product shall use symbols and words that are naturally understandable by the realtor community.;US;pronoun;that
R36;2;The product shall use symbols and words that are naturally understandable by the realtor community.;US;vague;understandable
R37;2;The product shall produce search results in an acceptable time;PE;plurals;results
R38;2;The search results shall be returned no later 30 seconds  after the user has entered the search criteria;PE;plurals;results
R38;2;The search results shall be returned no later 30 seconds  after the user has entered the search criteria;PE;plurals;criteria
R39;2;The product shall generate a CMA report in an acceptable time.;PE;NULL;NULL
R40;2;The CMA report shall be returned no later 60 seconds after the user has entered the CMA report criteria.;PE;plurals;criteria
R41;2;The product shall synchronize contacts and appointments in an acceptable time.;PE;plurals;contacts
R41;2;The product shall synchronize contacts and appointments in an acceptable time.;PE;vague;and
R41;2;The product shall synchronize contacts and appointments in an acceptable time.;PE;plurals;appointments
R42;2;The product shall synchronize with the office system every hour.;PE;NULL;NULL
R43;2;The product shall be available for use 24 hours per day 365 days  per year;A;NULL;NULL
R44;2;Out of 1000 accesses to the system the system is available 999 times.;A;NULL;NULL
R45;2;The product shall operate in offline mode whenever internet connection is unavailable.;FT;NULL;NULL
R46;2;The product shall allow the user to view previously downloaded search results CMA reports  and appointments.;FT;plurals;results
R46;2;The product shall allow the user to view previously downloaded search results CMA reports  and appointments.;FT;plurals;reports
R46;2;The product shall allow the user to view previously downloaded search results CMA reports  and appointments.;FT;vague;and
R46;2;The product shall allow the user to view previously downloaded search results CMA reports  and appointments.;FT;plurals;appointments
R47;2;The product shall retain user preferences in the event of a failure.;FT;plurals;preferences
R48;2;100% of saved user preferences shall be restored when system comes back online.;FT;plurals;preferences
R49;2;The product shall be able to support multiple remote users;SC;vague;able to
R49;2;The product shall be able to support multiple remote users;SC;plurals;users
R50;2;The product shall be able support 1000 simultaneous users.;SC;plurals;users
R51;2;The product shall be capable of handling the existing 1000 users. This number is expected to grow 5 times within the next year.;SC;vague;capable of
R51;2;The product shall be capable of handling the existing 1000 users. This number is expected to grow 5 times within the next year.;SC;vague;existing
R51;2;The product shall be capable of handling the existing 1000 users. This number is expected to grow 5 times within the next year.;SC;plurals;users
R51;2;The product shall be capable of handling the existing 1000 users. This number is expected to grow 5 times within the next year.;SC;pronoun;This
R52;2;The product shall be installed by an untrained realtor without recourse to separately-printed instructions.;US;plurals;instructions
R53;2;90% of untrained realtors shall be able to install the product on their device without printed instructions;US;vague;able to
R53;2;90% of untrained realtors shall be able to install the product on their device without printed instructions;US;plurals;realtors
R53;2;90% of untrained realtors shall be able to install the product on their device without printed instructions;US;pronoun;their
R53;2;90% of untrained realtors shall be able to install the product on their device without printed instructions;US;plurals;instructions
R54;2;The product is expected to run on Windows CE and Palm operating systems.;PO;plurals;Windows
R54;2;The product is expected to run on Windows CE and Palm operating systems.;PO;vague;and
R54;2;The product is expected to run on Windows CE and Palm operating systems.;PO;plurals;systems
R55;2;Only registered realtors shall be able to access the system.;SE;vague;able to
R55;2;Only registered realtors shall be able to access the system.;SE;vague;Only
R55;2;Only registered realtors shall be able to access the system.;SE;plurals;realtors
R56;2;Every user of the system shall be authenticated and authorized.;SE;vague;and
R57;2;The product shall prevent its data from incorrect data being introduced.;SE;pronoun;its
R58;2;The system shall allow a real estate agent to query MLS information;F;NULL;NULL
R59;2;The user shall be able to get driving directions to a selected property;F;vague;able to
R59;2;The user shall be able to get driving directions to a selected property;F;plurals;directions
R60;2;The user shall be able to download appointments and contact information for clients;F;vague;able to
R60;2;The user shall be able to download appointments and contact information for clients;F;plurals;appointments
R60;2;The user shall be able to download appointments and contact information for clients;F;vague;and
R60;2;The user shall be able to download appointments and contact information for clients;F;plurals;clients
R61;2;The system shall display clear property images in the search results;F;plurals;images
R61;2;The system shall display clear property images in the search results;F;plurals;results
R62;2;The system shall update or create new property listings in the MLS;F;optional;or
R62;2;The system shall update or create new property listings in the MLS;F;plurals;listings
R63;2;Realtor shall be able to generate a CMA report based on property criteria;F;vague;able to
R63;2;Realtor shall be able to generate a CMA report based on property criteria;F;plurals;criteria
R64;2;The system shall be able to call the seller or buyer to schedule an appointment;F;vague;able to
R64;2;The system shall be able to call the seller or buyer to schedule an appointment;F;optional;or
R65;2;The realtor shall be notified of new client appointments after automatic synchronization with office system;F;plurals;appointments
R66;2;The realtor shall be able to retrieve a map showing property locations for a specified area;F;vague;able to
R66;2;The realtor shall be able to retrieve a map showing property locations for a specified area;F;plurals;locations
R67;2;The system shall notify the realtor when a seller or buyer responds to an appointment request;F;optional;or
R68;2;The product shall allow the user to save the property search results.;F;plurals;results
R69;3;The system shall be easy to use by the Program Administrators/Nursing Staff Members.;US;vague;easy
R69;3;The system shall be easy to use by the Program Administrators/Nursing Staff Members.;US;plurals;Administrators
R69;3;The system shall be easy to use by the Program Administrators/Nursing Staff Members.;US;plurals;Members
R70;3;All of the users shall be able to use the system after one day of training.;US;vague;able to
R70;3;All of the users shall be able to use the system after one day of training.;US;qualifier;All
R70;3;All of the users shall be able to use the system after one day of training.;US;plurals;users
R71;3;The system shall help the user avoid making mistakes while scheduling classes and clinicals for the nursing students.;US;plurals;mistakes
R71;3;The system shall help the user avoid making mistakes while scheduling classes and clinicals for the nursing students.;US;plurals;classes
R71;3;The system shall help the user avoid making mistakes while scheduling classes and clinicals for the nursing students.;US;vague;and
R71;3;The system shall help the user avoid making mistakes while scheduling classes and clinicals for the nursing students.;US;plurals;students
R72;3;The number of mistakes noted by the students shall be decreased by 50% in the first year.;US;plurals;mistakes
R72;3;The number of mistakes noted by the students shall be decreased by 50% in the first year.;US;directive;noted
R72;3;The number of mistakes noted by the students shall be decreased by 50% in the first year.;US;plurals;students
R73;3;The system shall be intuitive to the Program Administrators/Nursing Staff Members.;US;plurals;Administrators
R73;3;The system shall be intuitive to the Program Administrators/Nursing Staff Members.;US;plurals;Members
R74;3;2 out of 3 Program Administrators/Nursing Staff Members shall successfully be able to use the system to manage the scheduling of classes and clinicals.;US;vague;able to
R74;3;2 out of 3 Program Administrators/Nursing Staff Members shall successfully be able to use the system to manage the scheduling of classes and clinicals.;US;plurals;Administrators
R74;3;2 out of 3 Program Administrators/Nursing Staff Members shall successfully be able to use the system to manage the scheduling of classes and clinicals.;US;plurals;Members
R74;3;2 out of 3 Program Administrators/Nursing Staff Members shall successfully be able to use the system to manage the scheduling of classes and clinicals.;US;plurals;classes
R74;3;2 out of 3 Program Administrators/Nursing Staff Members shall successfully be able to use the system to manage the scheduling of classes and clinicals.;US;vague;and
R75;3;The system shall use symbols and words that are naturally understandable by the user community.;US;plurals;symbols
R75;3;The system shall use symbols and words that are naturally understandable by the user community.;US;vague;and
R75;3;The system shall use symbols and words that are naturally understandable by the user community.;US;plurals;words
R75;3;The system shall use symbols and words that are naturally understandable by the user community.;US;pronoun;that
R75;3;The system shall use symbols and words that are naturally understandable by the user community.;US;vague;understandable
R76;3;The verbiage used within the system shall be consistent with Standard English and the terminology of the national Nursing Community.;US;vague;consistent
R76;3;The verbiage used within the system shall be consistent with Standard English and the terminology of the national Nursing Community.;US;vague;and
R77;3;Staff members shall be able to complete a set of tasks in a timely manner.;PE;vague;able to
R77;3;Staff members shall be able to complete a set of tasks in a timely manner.;PE;plurals;members
R77;3;Staff members shall be able to complete a set of tasks in a timely manner.;PE;plurals;tasks
R77;3;Staff members shall be able to complete a set of tasks in a timely manner.;PE;vague;timely
R78;3;The response time of general student management tasks shall take no longer than 5 seconds and the response time of schedule generation shall take no longer than 30 seconds.;PE;vague;general
R78;3;The response time of general student management tasks shall take no longer than 5 seconds and the response time of schedule generation shall take no longer than 30 seconds.;PE;plurals;tasks
R78;3;The response time of general student management tasks shall take no longer than 5 seconds and the response time of schedule generation shall take no longer than 30 seconds.;PE;vague;and
R79;3;The system shall be available for use between the hours of 8am and 6pm.;A;vague;and
R80;3;The system shall achieve 95% up time.;A;NULL;NULL
R81;3;system shall be able to handle all of the user requests/usage during business hours.;SC;vague;able to
R81;3;system shall be able to handle all of the user requests/usage during business hours.;SC;qualifier;all
R81;3;system shall be able to handle all of the user requests/usage during business hours.;SC;plurals;requests
R82;3;The system shall cater to 10 simultaneous users from 9am to 5pm.;SC;plurals;users
R83;3;The system shall be capable of processing 100% of nursing students and their classes for the next 10 years.;SC;vague;capable of
R83;3;The system shall be capable of processing 100% of nursing students and their classes for the next 10 years.;SC;plurals;students
R83;3;The system shall be capable of processing 100% of nursing students and their classes for the next 10 years.;SC;vague;and
R83;3;The system shall be capable of processing 100% of nursing students and their classes for the next 10 years.;SC;pronoun;their
R83;3;The system shall be capable of processing 100% of nursing students and their classes for the next 10 years.;SC;plurals;classes
R84;3;The system shall be expected to manage the nursing program curriculum and class/clinical scheduling for a minimum of 5 years.;SC;vague;and
R84;3;The system shall be expected to manage the nursing program curriculum and class/clinical scheduling for a minimum of 5 years.;SC;vague;minimum
R85;3;The system shall able to operate within a business office environment typical of the Nursing Department at DePaul University.;O;vague;able to
R86;3;The system shall be used within the specifications defined by the computers used by the Program Administrators/Nursing Staff Members.;O;plurals;specifications
R86;3;The system shall be used within the specifications defined by the computers used by the Program Administrators/Nursing Staff Members.;O;plurals;computers
R86;3;The system shall be used within the specifications defined by the computers used by the Program Administrators/Nursing Staff Members.;O;plurals;Administrators
R86;3;The system shall be used within the specifications defined by the computers used by the Program Administrators/Nursing Staff Members.;O;plurals;Members
R87;3;The system shall operate within the Windows XP Professional operating system.;O;plurals;Windows
R88;3;The system shall interface with CampusConnect\92s central server;O;NULL;NULL
R89;3;The system shall interface with the faculty central server.;O;NULL;NULL
R90;3;The system shall interface with the student master server.;O;NULL;NULL
R91;3;We must be able to interface with any HTML browser.;O;vague;able to
R91;3;We must be able to interface with any HTML browser.;O;pronoun;We
R91;3;We must be able to interface with any HTML browser.;O;qualifier;any
R92;3;Only authorized users shall have access to clinical site information.;SE;vague;Only
R92;3;Only authorized users shall have access to clinical site information.;SE;plurals;users
R93;3;Program Administrators/Nursing Staff Members are the only people who shall have access to clinical site details.;SE;plurals;Administrators
R93;3;Program Administrators/Nursing Staff Members are the only people who shall have access to clinical site details.;SE;plurals;Members
R93;3;Program Administrators/Nursing Staff Members are the only people who shall have access to clinical site details.;SE;vague;only
R93;3;Program Administrators/Nursing Staff Members are the only people who shall have access to clinical site details.;SE;plurals;people
R93;3;Program Administrators/Nursing Staff Members are the only people who shall have access to clinical site details.;SE;pronoun;who
R93;3;Program Administrators/Nursing Staff Members are the only people who shall have access to clinical site details.;SE;plurals;details
R94;3;Only authorized users shall have access to students\92 personal information.;SE;vague;Only
R94;3;Only authorized users shall have access to students\92 personal information.;SE;plurals;users
R95;3;Dr Susan Poslusny and Dr Julie Donalek are the only people who shall have access to students\92 personal information.;SE;vague;and
R95;3;Dr Susan Poslusny and Dr Julie Donalek are the only people who shall have access to students\92 personal information.;SE;vague;only
R95;3;Dr Susan Poslusny and Dr Julie Donalek are the only people who shall have access to students\92 personal information.;SE;plurals;people
R95;3;Dr Susan Poslusny and Dr Julie Donalek are the only people who shall have access to students\92 personal information.;SE;pronoun;who
R96;3;Only authorized users shall have access to the portion of the system that interfaces with CampusConnect.;SE;vague;Only
R96;3;Only authorized users shall have access to the portion of the system that interfaces with CampusConnect.;SE;plurals;users
R96;3;Only authorized users shall have access to the portion of the system that interfaces with CampusConnect.;SE;pronoun;that
R96;3;Only authorized users shall have access to the portion of the system that interfaces with CampusConnect.;SE;plurals;interfaces
R97;3;Fit Criterion: Dr Susan Poslusny and Karen Sysol are the only people who shall have access to the final class section scheduling for the system that interfaces with CampusConnect.;SE;continuance;:
R97;3;Fit Criterion: Dr Susan Poslusny and Karen Sysol are the only people who shall have access to the final class section scheduling for the system that interfaces with CampusConnect.;SE;vague;and
R97;3;Fit Criterion: Dr Susan Poslusny and Karen Sysol are the only people who shall have access to the final class section scheduling for the system that interfaces with CampusConnect.;SE;vague;only
R97;3;Fit Criterion: Dr Susan Poslusny and Karen Sysol are the only people who shall have access to the final class section scheduling for the system that interfaces with CampusConnect.;SE;plurals;people
R97;3;Fit Criterion: Dr Susan Poslusny and Karen Sysol are the only people who shall have access to the final class section scheduling for the system that interfaces with CampusConnect.;SE;pronoun;who
R97;3;Fit Criterion: Dr Susan Poslusny and Karen Sysol are the only people who shall have access to the final class section scheduling for the system that interfaces with CampusConnect.;SE;pronoun;that
R97;3;Fit Criterion: Dr Susan Poslusny and Karen Sysol are the only people who shall have access to the final class section scheduling for the system that interfaces with CampusConnect.;SE;plurals;interfaces
R98;3;The system shall have basic data integrity checking to reduce the possibility of incorrect or invalid data being introduced.;SE;optional;or
R99;3;The system shall protect private information in accordance with the organization\92s information policy.;SE;NULL;NULL
R100;3;The system shall be built such that it is as secure as possible from malicious interference.;SE;pronoun;that
R100;3;The system shall be built such that it is as secure as possible from malicious interference.;SE;pronoun;it
R100;3;The system shall be built such that it is as secure as possible from malicious interference.;SE;vague;secure
R101;3;The system shall use the organization\92s standard virus protection software to help monitor threats to itself.;SE;pronoun;itself
R102;3;A cohort shall be associated to one Program of Study offered by the department.;F;NULL;NULL
R103;3;Program Administrators and Nursing Staff Members shall be able to add a listing of students to a cohort.;F;vague;able to
R103;3;Program Administrators and Nursing Staff Members shall be able to add a listing of students to a cohort.;F;plurals;Administrators
R103;3;Program Administrators and Nursing Staff Members shall be able to add a listing of students to a cohort.;F;vague;and
R103;3;Program Administrators and Nursing Staff Members shall be able to add a listing of students to a cohort.;F;plurals;Members
R103;3;Program Administrators and Nursing Staff Members shall be able to add a listing of students to a cohort.;F;plurals;students
R104;3;Program Administrators and Nursing Staff Members shall be able to add a single student to a cohort;F;vague;able to
R104;3;Program Administrators and Nursing Staff Members shall be able to add a single student to a cohort;F;plurals;Administrators
R104;3;Program Administrators and Nursing Staff Members shall be able to add a single student to a cohort;F;vague;and
R104;3;Program Administrators and Nursing Staff Members shall be able to add a single student to a cohort;F;plurals;Members
R105;3;Students added to a cohort shall be eligible for the cohort\92s Program of Study.;F;plurals;Students
R106;3;Program Administrators and Nursing Staff Members shall be able to specify the preferred sequence of classes for a given cohort.;F;vague;able to
R106;3;Program Administrators and Nursing Staff Members shall be able to specify the preferred sequence of classes for a given cohort.;F;plurals;Administrators
R106;3;Program Administrators and Nursing Staff Members shall be able to specify the preferred sequence of classes for a given cohort.;F;vague;and
R106;3;Program Administrators and Nursing Staff Members shall be able to specify the preferred sequence of classes for a given cohort.;F;plurals;Members
R106;3;Program Administrators and Nursing Staff Members shall be able to specify the preferred sequence of classes for a given cohort.;F;weak_1;preferred
R106;3;Program Administrators and Nursing Staff Members shall be able to specify the preferred sequence of classes for a given cohort.;F;plurals;classes
R107;3;For each class within a sequence for a cohort  Program Administrators and Nursing Staff Members shall be able to specify which quarter that class will be offered.;F;vague;able to
R107;3;For each class within a sequence for a cohort  Program Administrators and Nursing Staff Members shall be able to specify which quarter that class will be offered.;F;plurals;Administrators
R107;3;For each class within a sequence for a cohort  Program Administrators and Nursing Staff Members shall be able to specify which quarter that class will be offered.;F;vague;and
R107;3;For each class within a sequence for a cohort  Program Administrators and Nursing Staff Members shall be able to specify which quarter that class will be offered.;F;plurals;Members
R107;3;For each class within a sequence for a cohort  Program Administrators and Nursing Staff Members shall be able to specify which quarter that class will be offered.;F;pronoun;which
R107;3;For each class within a sequence for a cohort  Program Administrators and Nursing Staff Members shall be able to specify which quarter that class will be offered.;F;pronoun;that
R107;3;For each class within a sequence for a cohort  Program Administrators and Nursing Staff Members shall be able to specify which quarter that class will be offered.;F;weak_1;will
R108;3;Program Administrators and Nursing Staff Members shall be able to add new classes to a sequence of classes;F;vague;able to
R108;3;Program Administrators and Nursing Staff Members shall be able to add new classes to a sequence of classes;F;plurals;Administrators
R108;3;Program Administrators and Nursing Staff Members shall be able to add new classes to a sequence of classes;F;vague;and
R108;3;Program Administrators and Nursing Staff Members shall be able to add new classes to a sequence of classes;F;plurals;Members
R108;3;Program Administrators and Nursing Staff Members shall be able to add new classes to a sequence of classes;F;plurals;classes
R109;3;Program Administrators and Nursing Staff Members shall be able to add clinical classes or sections to a sequence of classes;F;vague;able to
R109;3;Program Administrators and Nursing Staff Members shall be able to add clinical classes or sections to a sequence of classes;F;plurals;Administrators
R109;3;Program Administrators and Nursing Staff Members shall be able to add clinical classes or sections to a sequence of classes;F;vague;and
R109;3;Program Administrators and Nursing Staff Members shall be able to add clinical classes or sections to a sequence of classes;F;plurals;Members
R109;3;Program Administrators and Nursing Staff Members shall be able to add clinical classes or sections to a sequence of classes;F;plurals;classes
R109;3;Program Administrators and Nursing Staff Members shall be able to add clinical classes or sections to a sequence of classes;F;optional;or
R109;3;Program Administrators and Nursing Staff Members shall be able to add clinical classes or sections to a sequence of classes;F;plurals;sections
R110;3;Program Administrators and Nursing Staff Members shall be able to add a new cohort to the system  identified by start month and year.;F;vague;able to
R110;3;Program Administrators and Nursing Staff Members shall be able to add a new cohort to the system  identified by start month and year.;F;plurals;Administrators
R110;3;Program Administrators and Nursing Staff Members shall be able to add a new cohort to the system  identified by start month and year.;F;vague;and
R110;3;Program Administrators and Nursing Staff Members shall be able to add a new cohort to the system  identified by start month and year.;F;plurals;Members
R111;3;Program Administrators and Nursing Staff Members shall be able to add new classes for the nursing department into the system.;F;vague;able to
R111;3;Program Administrators and Nursing Staff Members shall be able to add new classes for the nursing department into the system.;F;plurals;Administrators
R111;3;Program Administrators and Nursing Staff Members shall be able to add new classes for the nursing department into the system.;F;vague;and
R111;3;Program Administrators and Nursing Staff Members shall be able to add new classes for the nursing department into the system.;F;plurals;Members
R111;3;Program Administrators and Nursing Staff Members shall be able to add new classes for the nursing department into the system.;F;plurals;classes
R112;3;A class shall be either a non-clinical class or a clinical class.;F;optional;either
R112;3;A class shall be either a non-clinical class or a clinical class.;F;optional;or
R113;3;A non-clinical class shall specify the course name  lecture room requirements  and instructor needs.;F;plurals;requirements
R113;3;A non-clinical class shall specify the course name  lecture room requirements  and instructor needs.;F;vague;and
R114;3;A clinical class shall specify the course name  lecture room requirements  clinical site needs  lecture instructor needs  and clinical lab instructor needs.;F;plurals;requirements
R114;3;A clinical class shall specify the course name  lecture room requirements  clinical site needs  lecture instructor needs  and clinical lab instructor needs.;F;vague;and
R115;3;Program Administrators/Nursing Staff Members shall be able to create a new Program of Study.;F;vague;able to
R115;3;Program Administrators/Nursing Staff Members shall be able to create a new Program of Study.;F;plurals;Administrators
R115;3;Program Administrators/Nursing Staff Members shall be able to create a new Program of Study.;F;plurals;Members
R116;3;A Program of Study shall consist of a program name and listing of required classes (both clinical and non-clinical) that must be completed.;F;vague;and
R116;3;A Program of Study shall consist of a program name and listing of required classes (both clinical and non-clinical) that must be completed.;F;plurals;classes
R116;3;A Program of Study shall consist of a program name and listing of required classes (both clinical and non-clinical) that must be completed.;F;vague;(
R116;3;A Program of Study shall consist of a program name and listing of required classes (both clinical and non-clinical) that must be completed.;F;vague;both
R116;3;A Program of Study shall consist of a program name and listing of required classes (both clinical and non-clinical) that must be completed.;F;pronoun;that
R117;3;Program Administrators and Nursing Staff Members shall have the ability to specify which classes are required for a Program of Study;F;plurals;Administrators
R117;3;Program Administrators and Nursing Staff Members shall have the ability to specify which classes are required for a Program of Study;F;vague;and
R117;3;Program Administrators and Nursing Staff Members shall have the ability to specify which classes are required for a Program of Study;F;plurals;Members
R117;3;Program Administrators and Nursing Staff Members shall have the ability to specify which classes are required for a Program of Study;F;pronoun;which
R117;3;Program Administrators and Nursing Staff Members shall have the ability to specify which classes are required for a Program of Study;F;plurals;classes
R118;3;The system shall be able to display a report of needed classes for a given quarter for all cohorts of all programs for Program Administrators/Nursing Staff Members\92 planning purposes.;F;vague;able to
R118;3;The system shall be able to display a report of needed classes for a given quarter for all cohorts of all programs for Program Administrators/Nursing Staff Members\92 planning purposes.;F;plurals;classes
R118;3;The system shall be able to display a report of needed classes for a given quarter for all cohorts of all programs for Program Administrators/Nursing Staff Members\92 planning purposes.;F;qualifier;all
R118;3;The system shall be able to display a report of needed classes for a given quarter for all cohorts of all programs for Program Administrators/Nursing Staff Members\92 planning purposes.;F;plurals;cohorts
R118;3;The system shall be able to display a report of needed classes for a given quarter for all cohorts of all programs for Program Administrators/Nursing Staff Members\92 planning purposes.;F;plurals;programs
R118;3;The system shall be able to display a report of needed classes for a given quarter for all cohorts of all programs for Program Administrators/Nursing Staff Members\92 planning purposes.;F;plurals;Administrators
R118;3;The system shall be able to display a report of needed classes for a given quarter for all cohorts of all programs for Program Administrators/Nursing Staff Members\92 planning purposes.;F;plurals;purposes
R119;3;The report of needed classes shall include (but not be limited to) classes to be offered  number of sections needed  number of labs needed  and room types needed.;F;plurals;classes
R119;3;The report of needed classes shall include (but not be limited to) classes to be offered  number of sections needed  number of labs needed  and room types needed.;F;vague;(
R119;3;The report of needed classes shall include (but not be limited to) classes to be offered  number of sections needed  number of labs needed  and room types needed.;F;vague;but
R119;3;The report of needed classes shall include (but not be limited to) classes to be offered  number of sections needed  number of labs needed  and room types needed.;F;plurals;sections
R119;3;The report of needed classes shall include (but not be limited to) classes to be offered  number of sections needed  number of labs needed  and room types needed.;F;plurals;labs
R119;3;The report of needed classes shall include (but not be limited to) classes to be offered  number of sections needed  number of labs needed  and room types needed.;F;vague;and
R119;3;The report of needed classes shall include (but not be limited to) classes to be offered  number of sections needed  number of labs needed  and room types needed.;F;plurals;types
R120;3;Classes for a given cohort shall not conflict with regards to the time and day that they are offered.;F;plurals;Classes
R120;3;Classes for a given cohort shall not conflict with regards to the time and day that they are offered.;F;plurals;regards
R120;3;Classes for a given cohort shall not conflict with regards to the time and day that they are offered.;F;vague;and
R120;3;Classes for a given cohort shall not conflict with regards to the time and day that they are offered.;F;pronoun;that
R120;3;Classes for a given cohort shall not conflict with regards to the time and day that they are offered.;F;pronoun;they
R121;3;Program Administrators and Nursing Staff Members shall be able to add a new clinical site into the system.;F;vague;able to
R121;3;Program Administrators and Nursing Staff Members shall be able to add a new clinical site into the system.;F;plurals;Administrators
R121;3;Program Administrators and Nursing Staff Members shall be able to add a new clinical site into the system.;F;vague;and
R121;3;Program Administrators and Nursing Staff Members shall be able to add a new clinical site into the system.;F;plurals;Members
R122;3;Clinical site information shall include (but not be limited to) the name of the site  contact person  and contact information.;F;vague;(
R122;3;Clinical site information shall include (but not be limited to) the name of the site  contact person  and contact information.;F;vague;but
R122;3;Clinical site information shall include (but not be limited to) the name of the site  contact person  and contact information.;F;vague;and
R123;3;Program Administrators and Nursing Staff Members shall be able to add a new clinical lab section for an existing clinical class into the System.;F;vague;able to
R123;3;Program Administrators and Nursing Staff Members shall be able to add a new clinical lab section for an existing clinical class into the System.;F;plurals;Administrators
R123;3;Program Administrators and Nursing Staff Members shall be able to add a new clinical lab section for an existing clinical class into the System.;F;vague;and
R123;3;Program Administrators and Nursing Staff Members shall be able to add a new clinical lab section for an existing clinical class into the System.;F;plurals;Members
R123;3;Program Administrators and Nursing Staff Members shall be able to add a new clinical lab section for an existing clinical class into the System.;F;vague;existing
R124;3;A clinical lab section shall include the clinical site name  the class  instructor  day and time of the lab.;F;vague;and
R125;3;Program Administrators and Nursing Staff Members shall be able to add a student who has registered for a clinical class to a clinical lab section for that class.;F;vague;able to
R125;3;Program Administrators and Nursing Staff Members shall be able to add a student who has registered for a clinical class to a clinical lab section for that class.;F;plurals;Administrators
R125;3;Program Administrators and Nursing Staff Members shall be able to add a student who has registered for a clinical class to a clinical lab section for that class.;F;vague;and
R125;3;Program Administrators and Nursing Staff Members shall be able to add a student who has registered for a clinical class to a clinical lab section for that class.;F;plurals;Members
R125;3;Program Administrators and Nursing Staff Members shall be able to add a student who has registered for a clinical class to a clinical lab section for that class.;F;pronoun;who
R125;3;Program Administrators and Nursing Staff Members shall be able to add a student who has registered for a clinical class to a clinical lab section for that class.;F;pronoun;that
R126;3;The system shall allow a Program Administrator or Nursing staff member to remove a student from a clinical lab section.;F;optional;or
R127;3;The system shall allow a Program Administrator/Nursing Staff Member to move a student from one clinical lab section to another clinical lab section corresponding to the same clinical class.;F;NULL;NULL
R128;3;Program Administrators/Nursing Staff Members shall be able to cancel a clinical lab section only if there are no students registered for that clinical lab section.;F;vague;able to
R128;3;Program Administrators/Nursing Staff Members shall be able to cancel a clinical lab section only if there are no students registered for that clinical lab section.;F;plurals;Administrators
R128;3;Program Administrators/Nursing Staff Members shall be able to cancel a clinical lab section only if there are no students registered for that clinical lab section.;F;plurals;Members
R128;3;Program Administrators/Nursing Staff Members shall be able to cancel a clinical lab section only if there are no students registered for that clinical lab section.;F;vague;only
R128;3;Program Administrators/Nursing Staff Members shall be able to cancel a clinical lab section only if there are no students registered for that clinical lab section.;F;vague;there
R128;3;Program Administrators/Nursing Staff Members shall be able to cancel a clinical lab section only if there are no students registered for that clinical lab section.;F;plurals;students
R128;3;Program Administrators/Nursing Staff Members shall be able to cancel a clinical lab section only if there are no students registered for that clinical lab section.;F;pronoun;that
R129;3;A Program Administrator/Nursing Staff Member shall be able to add a new nursing student to the system.;F;vague;able to
R130;3;A staff member shall have the ability to manage the progress of a part time student  which includes modifying their sequence of classes and timeline of classes.;F;pronoun;which
R130;3;A staff member shall have the ability to manage the progress of a part time student  which includes modifying their sequence of classes and timeline of classes.;F;pronoun;their
R130;3;A staff member shall have the ability to manage the progress of a part time student  which includes modifying their sequence of classes and timeline of classes.;F;plurals;classes
R130;3;A staff member shall have the ability to manage the progress of a part time student  which includes modifying their sequence of classes and timeline of classes.;F;vague;and
R131;3;The system shall be able to display a printable summary for individual cohorts  which will include the students enlisted  the Program of study  sequence of classes  cohort progress through the program  and timeline of completion.;F;vague;able to
R131;3;The system shall be able to display a printable summary for individual cohorts  which will include the students enlisted  the Program of study  sequence of classes  cohort progress through the program  and timeline of completion.;F;plurals;cohorts
R131;3;The system shall be able to display a printable summary for individual cohorts  which will include the students enlisted  the Program of study  sequence of classes  cohort progress through the program  and timeline of completion.;F;pronoun;which
R131;3;The system shall be able to display a printable summary for individual cohorts  which will include the students enlisted  the Program of study  sequence of classes  cohort progress through the program  and timeline of completion.;F;weak_1;will
R131;3;The system shall be able to display a printable summary for individual cohorts  which will include the students enlisted  the Program of study  sequence of classes  cohort progress through the program  and timeline of completion.;F;plurals;students
R131;3;The system shall be able to display a printable summary for individual cohorts  which will include the students enlisted  the Program of study  sequence of classes  cohort progress through the program  and timeline of completion.;F;plurals;classes
R131;3;The system shall be able to display a printable summary for individual cohorts  which will include the students enlisted  the Program of study  sequence of classes  cohort progress through the program  and timeline of completion.;F;vague;and
R132;3;The system shall be able to display a printable summary for individual clinical sites  which will include information on labs being held at that site for the given quarter (Clinical site  general information on labs held at that location  dates and times of all labs held there).;F;vague;able to
R132;3;The system shall be able to display a printable summary for individual clinical sites  which will include information on labs being held at that site for the given quarter (Clinical site  general information on labs held at that location  dates and times of all labs held there).;F;plurals;sites
R132;3;The system shall be able to display a printable summary for individual clinical sites  which will include information on labs being held at that site for the given quarter (Clinical site  general information on labs held at that location  dates and times of all labs held there).;F;pronoun;which
R132;3;The system shall be able to display a printable summary for individual clinical sites  which will include information on labs being held at that site for the given quarter (Clinical site  general information on labs held at that location  dates and times of all labs held there).;F;weak_1;will
R132;3;The system shall be able to display a printable summary for individual clinical sites  which will include information on labs being held at that site for the given quarter (Clinical site  general information on labs held at that location  dates and times of all labs held there).;F;plurals;labs
R132;3;The system shall be able to display a printable summary for individual clinical sites  which will include information on labs being held at that site for the given quarter (Clinical site  general information on labs held at that location  dates and times of all labs held there).;F;pronoun;that
R132;3;The system shall be able to display a printable summary for individual clinical sites  which will include information on labs being held at that site for the given quarter (Clinical site  general information on labs held at that location  dates and times of all labs held there).;F;vague;(
R132;3;The system shall be able to display a printable summary for individual clinical sites  which will include information on labs being held at that site for the given quarter (Clinical site  general information on labs held at that location  dates and times of all labs held there).;F;vague;general
R132;3;The system shall be able to display a printable summary for individual clinical sites  which will include information on labs being held at that site for the given quarter (Clinical site  general information on labs held at that location  dates and times of all labs held there).;F;plurals;dates
R132;3;The system shall be able to display a printable summary for individual clinical sites  which will include information on labs being held at that site for the given quarter (Clinical site  general information on labs held at that location  dates and times of all labs held there).;F;vague;and
R132;3;The system shall be able to display a printable summary for individual clinical sites  which will include information on labs being held at that site for the given quarter (Clinical site  general information on labs held at that location  dates and times of all labs held there).;F;qualifier;all
R132;3;The system shall be able to display a printable summary for individual clinical sites  which will include information on labs being held at that site for the given quarter (Clinical site  general information on labs held at that location  dates and times of all labs held there).;F;vague;there
R133;3;The system shall be able to display a printable summary for individual clinical labs  which will include (but not be limited to) class name  class number  lab section  listing of students enrolled  instructor  day(s)  time  and location.;F;vague;able to
R133;3;The system shall be able to display a printable summary for individual clinical labs  which will include (but not be limited to) class name  class number  lab section  listing of students enrolled  instructor  day(s)  time  and location.;F;plurals;labs
R133;3;The system shall be able to display a printable summary for individual clinical labs  which will include (but not be limited to) class name  class number  lab section  listing of students enrolled  instructor  day(s)  time  and location.;F;pronoun;which
R133;3;The system shall be able to display a printable summary for individual clinical labs  which will include (but not be limited to) class name  class number  lab section  listing of students enrolled  instructor  day(s)  time  and location.;F;weak_1;will
R133;3;The system shall be able to display a printable summary for individual clinical labs  which will include (but not be limited to) class name  class number  lab section  listing of students enrolled  instructor  day(s)  time  and location.;F;vague;(
R133;3;The system shall be able to display a printable summary for individual clinical labs  which will include (but not be limited to) class name  class number  lab section  listing of students enrolled  instructor  day(s)  time  and location.;F;vague;but
R133;3;The system shall be able to display a printable summary for individual clinical labs  which will include (but not be limited to) class name  class number  lab section  listing of students enrolled  instructor  day(s)  time  and location.;F;plurals;students
R133;3;The system shall be able to display a printable summary for individual clinical labs  which will include (but not be limited to) class name  class number  lab section  listing of students enrolled  instructor  day(s)  time  and location.;F;vague;and
R134;3;The system shall be able to display a printable summary for individual nursing students  which will include (but not be limited to) student name  student ID  admission date  classes  credits  GPA  and the cohort that the student is enrolled in.;F;vague;able to
R134;3;The system shall be able to display a printable summary for individual nursing students  which will include (but not be limited to) student name  student ID  admission date  classes  credits  GPA  and the cohort that the student is enrolled in.;F;plurals;students
R134;3;The system shall be able to display a printable summary for individual nursing students  which will include (but not be limited to) student name  student ID  admission date  classes  credits  GPA  and the cohort that the student is enrolled in.;F;pronoun;which
R134;3;The system shall be able to display a printable summary for individual nursing students  which will include (but not be limited to) student name  student ID  admission date  classes  credits  GPA  and the cohort that the student is enrolled in.;F;weak_1;will
R134;3;The system shall be able to display a printable summary for individual nursing students  which will include (but not be limited to) student name  student ID  admission date  classes  credits  GPA  and the cohort that the student is enrolled in.;F;vague;(
R134;3;The system shall be able to display a printable summary for individual nursing students  which will include (but not be limited to) student name  student ID  admission date  classes  credits  GPA  and the cohort that the student is enrolled in.;F;vague;but
R134;3;The system shall be able to display a printable summary for individual nursing students  which will include (but not be limited to) student name  student ID  admission date  classes  credits  GPA  and the cohort that the student is enrolled in.;F;plurals;classes
R134;3;The system shall be able to display a printable summary for individual nursing students  which will include (but not be limited to) student name  student ID  admission date  classes  credits  GPA  and the cohort that the student is enrolled in.;F;plurals;credits
R134;3;The system shall be able to display a printable summary for individual nursing students  which will include (but not be limited to) student name  student ID  admission date  classes  credits  GPA  and the cohort that the student is enrolled in.;F;vague;and
R134;3;The system shall be able to display a printable summary for individual nursing students  which will include (but not be limited to) student name  student ID  admission date  classes  credits  GPA  and the cohort that the student is enrolled in.;F;pronoun;that
R135;3;The system shall be able to display a printable summary of the system log.;F;vague;able to
R136;3;The system shall contain contact information (e-mail and phone number) for all people relevant to the system  including (but not limited to) staff members  students  lecture instructors  clinical lab instructors  and clinical site administrators.;F;vague;but not limited to
R136;3;The system shall contain contact information (e-mail and phone number) for all people relevant to the system  including (but not limited to) staff members  students  lecture instructors  clinical lab instructors  and clinical site administrators.;F;vague;(
R136;3;The system shall contain contact information (e-mail and phone number) for all people relevant to the system  including (but not limited to) staff members  students  lecture instructors  clinical lab instructors  and clinical site administrators.;F;vague;and
R136;3;The system shall contain contact information (e-mail and phone number) for all people relevant to the system  including (but not limited to) staff members  students  lecture instructors  clinical lab instructors  and clinical site administrators.;F;qualifier;all
R136;3;The system shall contain contact information (e-mail and phone number) for all people relevant to the system  including (but not limited to) staff members  students  lecture instructors  clinical lab instructors  and clinical site administrators.;F;plurals;people
R136;3;The system shall contain contact information (e-mail and phone number) for all people relevant to the system  including (but not limited to) staff members  students  lecture instructors  clinical lab instructors  and clinical site administrators.;F;vague;relevant
R136;3;The system shall contain contact information (e-mail and phone number) for all people relevant to the system  including (but not limited to) staff members  students  lecture instructors  clinical lab instructors  and clinical site administrators.;F;plurals;members
R136;3;The system shall contain contact information (e-mail and phone number) for all people relevant to the system  including (but not limited to) staff members  students  lecture instructors  clinical lab instructors  and clinical site administrators.;F;plurals;students
R136;3;The system shall contain contact information (e-mail and phone number) for all people relevant to the system  including (but not limited to) staff members  students  lecture instructors  clinical lab instructors  and clinical site administrators.;F;plurals;instructors
R136;3;The system shall contain contact information (e-mail and phone number) for all people relevant to the system  including (but not limited to) staff members  students  lecture instructors  clinical lab instructors  and clinical site administrators.;F;plurals;administrators
R137;3;The system will use the stored e-mail addresses as a primary means of communicating information to affected parties.;F;weak_1;will
R137;3;The system will use the stored e-mail addresses as a primary means of communicating information to affected parties.;F;plurals;addresses
R137;3;The system will use the stored e-mail addresses as a primary means of communicating information to affected parties.;F;plurals;means
R137;3;The system will use the stored e-mail addresses as a primary means of communicating information to affected parties.;F;plurals;parties
R138;3;The system will notify affected parties for routine communication purposes  including but not limited to informing students of upcoming offered classes (timeline) and what their schedule will be/shall be.;F;vague;but not limited to
R138;3;The system will notify affected parties for routine communication purposes  including but not limited to informing students of upcoming offered classes (timeline) and what their schedule will be/shall be.;F;weak_1;will
R138;3;The system will notify affected parties for routine communication purposes  including but not limited to informing students of upcoming offered classes (timeline) and what their schedule will be/shall be.;F;plurals;parties
R138;3;The system will notify affected parties for routine communication purposes  including but not limited to informing students of upcoming offered classes (timeline) and what their schedule will be/shall be.;F;vague;routine
R138;3;The system will notify affected parties for routine communication purposes  including but not limited to informing students of upcoming offered classes (timeline) and what their schedule will be/shall be.;F;plurals;purposes
R138;3;The system will notify affected parties for routine communication purposes  including but not limited to informing students of upcoming offered classes (timeline) and what their schedule will be/shall be.;F;plurals;students
R138;3;The system will notify affected parties for routine communication purposes  including but not limited to informing students of upcoming offered classes (timeline) and what their schedule will be/shall be.;F;plurals;classes
R138;3;The system will notify affected parties for routine communication purposes  including but not limited to informing students of upcoming offered classes (timeline) and what their schedule will be/shall be.;F;vague;(
R138;3;The system will notify affected parties for routine communication purposes  including but not limited to informing students of upcoming offered classes (timeline) and what their schedule will be/shall be.;F;vague;and
R138;3;The system will notify affected parties for routine communication purposes  including but not limited to informing students of upcoming offered classes (timeline) and what their schedule will be/shall be.;F;pronoun;what
R138;3;The system will notify affected parties for routine communication purposes  including but not limited to informing students of upcoming offered classes (timeline) and what their schedule will be/shall be.;F;pronoun;their
R139;3;The system will notify affected parties when changes occur affecting clinicals  including but not limited to clinical section capacity changes  and clinical section cancellations.;F;vague;but not limited to
R139;3;The system will notify affected parties when changes occur affecting clinicals  including but not limited to clinical section capacity changes  and clinical section cancellations.;F;weak_1;will
R139;3;The system will notify affected parties when changes occur affecting clinicals  including but not limited to clinical section capacity changes  and clinical section cancellations.;F;plurals;parties
R139;3;The system will notify affected parties when changes occur affecting clinicals  including but not limited to clinical section capacity changes  and clinical section cancellations.;F;plurals;changes
R139;3;The system will notify affected parties when changes occur affecting clinicals  including but not limited to clinical section capacity changes  and clinical section cancellations.;F;vague;and
R139;3;The system will notify affected parties when changes occur affecting clinicals  including but not limited to clinical section capacity changes  and clinical section cancellations.;F;plurals;cancellations
R140;3;The system will notify affected parties when changes occur affecting classes  including but not limited to class cancellations  class section detail changes  and changes to class offerings for a given quarter.;F;vague;but not limited to
R140;3;The system will notify affected parties when changes occur affecting classes  including but not limited to class cancellations  class section detail changes  and changes to class offerings for a given quarter.;F;weak_1;will
R140;3;The system will notify affected parties when changes occur affecting classes  including but not limited to class cancellations  class section detail changes  and changes to class offerings for a given quarter.;F;plurals;parties
R140;3;The system will notify affected parties when changes occur affecting classes  including but not limited to class cancellations  class section detail changes  and changes to class offerings for a given quarter.;F;plurals;changes
R140;3;The system will notify affected parties when changes occur affecting classes  including but not limited to class cancellations  class section detail changes  and changes to class offerings for a given quarter.;F;plurals;classes
R140;3;The system will notify affected parties when changes occur affecting classes  including but not limited to class cancellations  class section detail changes  and changes to class offerings for a given quarter.;F;plurals;cancellations
R140;3;The system will notify affected parties when changes occur affecting classes  including but not limited to class cancellations  class section detail changes  and changes to class offerings for a given quarter.;F;vague;and
R140;3;The system will notify affected parties when changes occur affecting classes  including but not limited to class cancellations  class section detail changes  and changes to class offerings for a given quarter.;F;plurals;offerings
R141;3;The system will notify affected parties when changes occur affecting cohorts  including but not limited to changes to the sequence for a cohort\92s program of study and changes to a given week\92s schedule (lab cancelled this week due to instructor illness).;F;vague;but not limited to
R141;3;The system will notify affected parties when changes occur affecting cohorts  including but not limited to changes to the sequence for a cohort\92s program of study and changes to a given week\92s schedule (lab cancelled this week due to instructor illness).;F;weak_1;will
R141;3;The system will notify affected parties when changes occur affecting cohorts  including but not limited to changes to the sequence for a cohort\92s program of study and changes to a given week\92s schedule (lab cancelled this week due to instructor illness).;F;plurals;parties
R141;3;The system will notify affected parties when changes occur affecting cohorts  including but not limited to changes to the sequence for a cohort\92s program of study and changes to a given week\92s schedule (lab cancelled this week due to instructor illness).;F;plurals;changes
R141;3;The system will notify affected parties when changes occur affecting cohorts  including but not limited to changes to the sequence for a cohort\92s program of study and changes to a given week\92s schedule (lab cancelled this week due to instructor illness).;F;plurals;cohorts
R141;3;The system will notify affected parties when changes occur affecting cohorts  including but not limited to changes to the sequence for a cohort\92s program of study and changes to a given week\92s schedule (lab cancelled this week due to instructor illness).;F;vague;and
R141;3;The system will notify affected parties when changes occur affecting cohorts  including but not limited to changes to the sequence for a cohort\92s program of study and changes to a given week\92s schedule (lab cancelled this week due to instructor illness).;F;vague;(
R141;3;The system will notify affected parties when changes occur affecting cohorts  including but not limited to changes to the sequence for a cohort\92s program of study and changes to a given week\92s schedule (lab cancelled this week due to instructor illness).;F;pronoun;this
R142;3;The system will notify affected parties when changes occur affecting specific students  including but not limited to changing a student\92s status from full time to part time and moving a student to a different clinical section.;F;vague;but not limited to
R142;3;The system will notify affected parties when changes occur affecting specific students  including but not limited to changing a student\92s status from full time to part time and moving a student to a different clinical section.;F;weak_1;will
R142;3;The system will notify affected parties when changes occur affecting specific students  including but not limited to changing a student\92s status from full time to part time and moving a student to a different clinical section.;F;plurals;parties
R142;3;The system will notify affected parties when changes occur affecting specific students  including but not limited to changing a student\92s status from full time to part time and moving a student to a different clinical section.;F;plurals;changes
R142;3;The system will notify affected parties when changes occur affecting specific students  including but not limited to changing a student\92s status from full time to part time and moving a student to a different clinical section.;F;vague;specific
R142;3;The system will notify affected parties when changes occur affecting specific students  including but not limited to changing a student\92s status from full time to part time and moving a student to a different clinical section.;F;plurals;students
R142;3;The system will notify affected parties when changes occur affecting specific students  including but not limited to changing a student\92s status from full time to part time and moving a student to a different clinical section.;F;vague;and
R143;3;Program Administrators/Nursing Staff Members shall have the ability to modify information relating to cohorts including cohort identifier  program of study  preferred sequence of classes and quarters that a cohort will be taking specific classes.;F;plurals;Administrators
R143;3;Program Administrators/Nursing Staff Members shall have the ability to modify information relating to cohorts including cohort identifier  program of study  preferred sequence of classes and quarters that a cohort will be taking specific classes.;F;plurals;Members
R143;3;Program Administrators/Nursing Staff Members shall have the ability to modify information relating to cohorts including cohort identifier  program of study  preferred sequence of classes and quarters that a cohort will be taking specific classes.;F;plurals;cohorts
R143;3;Program Administrators/Nursing Staff Members shall have the ability to modify information relating to cohorts including cohort identifier  program of study  preferred sequence of classes and quarters that a cohort will be taking specific classes.;F;weak_1;preferred
R143;3;Program Administrators/Nursing Staff Members shall have the ability to modify information relating to cohorts including cohort identifier  program of study  preferred sequence of classes and quarters that a cohort will be taking specific classes.;F;plurals;classes
R143;3;Program Administrators/Nursing Staff Members shall have the ability to modify information relating to cohorts including cohort identifier  program of study  preferred sequence of classes and quarters that a cohort will be taking specific classes.;F;vague;and
R143;3;Program Administrators/Nursing Staff Members shall have the ability to modify information relating to cohorts including cohort identifier  program of study  preferred sequence of classes and quarters that a cohort will be taking specific classes.;F;plurals;quarters
R143;3;Program Administrators/Nursing Staff Members shall have the ability to modify information relating to cohorts including cohort identifier  program of study  preferred sequence of classes and quarters that a cohort will be taking specific classes.;F;pronoun;that
R143;3;Program Administrators/Nursing Staff Members shall have the ability to modify information relating to cohorts including cohort identifier  program of study  preferred sequence of classes and quarters that a cohort will be taking specific classes.;F;weak_1;will
R143;3;Program Administrators/Nursing Staff Members shall have the ability to modify information relating to cohorts including cohort identifier  program of study  preferred sequence of classes and quarters that a cohort will be taking specific classes.;F;vague;specific
R144;3;Program Administrators/Nursing Staff Members shall have the ability to modify information relating to a Program of Study within the Nursing Department including the Program of study name  and required classes for that Program of Study.;F;plurals;Administrators
R144;3;Program Administrators/Nursing Staff Members shall have the ability to modify information relating to a Program of Study within the Nursing Department including the Program of study name  and required classes for that Program of Study.;F;plurals;Members
R144;3;Program Administrators/Nursing Staff Members shall have the ability to modify information relating to a Program of Study within the Nursing Department including the Program of study name  and required classes for that Program of Study.;F;vague;and
R144;3;Program Administrators/Nursing Staff Members shall have the ability to modify information relating to a Program of Study within the Nursing Department including the Program of study name  and required classes for that Program of Study.;F;plurals;classes
R144;3;Program Administrators/Nursing Staff Members shall have the ability to modify information relating to a Program of Study within the Nursing Department including the Program of study name  and required classes for that Program of Study.;F;pronoun;that
R145;3;Program Administrators/Nursing Staff Members shall have the ability to modify information relating to a Clinical Site  including the clinical site name  site contact person  contact information  and address.;F;plurals;Administrators
R145;3;Program Administrators/Nursing Staff Members shall have the ability to modify information relating to a Clinical Site  including the clinical site name  site contact person  contact information  and address.;F;plurals;Members
R145;3;Program Administrators/Nursing Staff Members shall have the ability to modify information relating to a Clinical Site  including the clinical site name  site contact person  contact information  and address.;F;vague;and
R146;3;Program Administrators/Nursing Staff Members shall have the ability to modify information relating to a Clinical Lab Section  including the clinical site name the department/section for the lab  the class instructor day and time of lab and contact information.;F;plurals;Administrators
R146;3;Program Administrators/Nursing Staff Members shall have the ability to modify information relating to a Clinical Lab Section  including the clinical site name the department/section for the lab  the class instructor day and time of lab and contact information.;F;plurals;Members
R146;3;Program Administrators/Nursing Staff Members shall have the ability to modify information relating to a Clinical Lab Section  including the clinical site name the department/section for the lab  the class instructor day and time of lab and contact information.;F;vague;and
R147;3;Program Administrators/Nursing Staff Members shall have the ability to modify information relating to a Nursing Student  including student ID  student name phone number e-mail status (full time or part time) and program of study.;F;plurals;Administrators
R147;3;Program Administrators/Nursing Staff Members shall have the ability to modify information relating to a Nursing Student  including student ID  student name phone number e-mail status (full time or part time) and program of study.;F;plurals;Members
R147;3;Program Administrators/Nursing Staff Members shall have the ability to modify information relating to a Nursing Student  including student ID  student name phone number e-mail status (full time or part time) and program of study.;F;vague;(
R147;3;Program Administrators/Nursing Staff Members shall have the ability to modify information relating to a Nursing Student  including student ID  student name phone number e-mail status (full time or part time) and program of study.;F;optional;or
R147;3;Program Administrators/Nursing Staff Members shall have the ability to modify information relating to a Nursing Student  including student ID  student name phone number e-mail status (full time or part time) and program of study.;F;vague;and
R148;4;The Disputes application shall comply with the corporate standards for user interface creation for internally and externally used applications.;LF;plurals;Disputes
R148;4;The Disputes application shall comply with the corporate standards for user interface creation for internally and externally used applications.;LF;plurals;standards
R148;4;The Disputes application shall comply with the corporate standards for user interface creation for internally and externally used applications.;LF;vague;and
R148;4;The Disputes application shall comply with the corporate standards for user interface creation for internally and externally used applications.;LF;plurals;applications
R149;4;All screens created as part of the Disputes application must comply with corporate standards for interface creation.;LF;qualifier;All
R149;4;All screens created as part of the Disputes application must comply with corporate standards for interface creation.;LF;plurals;screens
R149;4;All screens created as part of the Disputes application must comply with corporate standards for interface creation.;LF;plurals;Disputes
R149;4;All screens created as part of the Disputes application must comply with corporate standards for interface creation.;LF;plurals;standards
R150;4;The list of dispute cases that are displayed after a search is performed must be color coded for easy identification of dispute cases based upon the dispute case status.;US;plurals;cases
R150;4;The list of dispute cases that are displayed after a search is performed must be color coded for easy identification of dispute cases based upon the dispute case status.;US;pronoun;that
R150;4;The list of dispute cases that are displayed after a search is performed must be color coded for easy identification of dispute cases based upon the dispute case status.;US;vague;easy
R151;4;100% of the cardmember and merchant services representatives shall use the Disputes application regularly after a 2-day training course.;US;vague;and
R151;4;100% of the cardmember and merchant services representatives shall use the Disputes application regularly after a 2-day training course.;US;plurals;services
R151;4;100% of the cardmember and merchant services representatives shall use the Disputes application regularly after a 2-day training course.;US;plurals;representatives
R151;4;100% of the cardmember and merchant services representatives shall use the Disputes application regularly after a 2-day training course.;US;plurals;Disputes
R152;4;100% of cardmember services representatives shall be able to successfully create a dispute case on the first encounter after completing the training course.;US;vague;able to
R152;4;100% of cardmember services representatives shall be able to successfully create a dispute case on the first encounter after completing the training course.;US;plurals;services
R152;4;100% of cardmember services representatives shall be able to successfully create a dispute case on the first encounter after completing the training course.;US;plurals;representatives
R153;4;100% of merchant services representatives shall be able to successfully perform a follow up action on a dispute case on the first encounter after completing the training course.;US;vague;able to
R153;4;100% of merchant services representatives shall be able to successfully perform a follow up action on a dispute case on the first encounter after completing the training course.;US;plurals;services
R153;4;100% of merchant services representatives shall be able to successfully perform a follow up action on a dispute case on the first encounter after completing the training course.;US;plurals;representatives
R154;4;The maximum wait time for a user navigating from one screen to another within the Disputes application shall be no more than 5 seconds.;PE;vague;maximum
R154;4;The maximum wait time for a user navigating from one screen to another within the Disputes application shall be no more than 5 seconds.;PE;plurals;Disputes
R154;4;The maximum wait time for a user navigating from one screen to another within the Disputes application shall be no more than 5 seconds.;PE;vague;more
R155;4;The Disputes application shall support 350 concurrent users without any degradation of performance in the application.;PE;plurals;Disputes
R155;4;The Disputes application shall support 350 concurrent users without any degradation of performance in the application.;PE;plurals;users
R155;4;The Disputes application shall support 350 concurrent users without any degradation of performance in the application.;PE;qualifier;any
R156;4; The Disputes application shall be available 24x7x365  with the exception of the following scheduled maintenance windows.  Monday \96 Saturday 3:00am to 4:00am EST Sunday 1:00amd to 5:00am EST;O;plurals;Disputes
R156;4; The Disputes application shall be available 24x7x365  with the exception of the following scheduled maintenance windows.  Monday \96 Saturday 3:00am to 4:00am EST Sunday 1:00amd to 5:00am EST;O;continuance;following
R156;4; The Disputes application shall be available 24x7x365  with the exception of the following scheduled maintenance windows.  Monday \96 Saturday 3:00am to 4:00am EST Sunday 1:00amd to 5:00am EST;O;plurals;windows
R157;4;The Disputes application shall interface with the Statement Database. The Statement Database provides the transaction details to the Disputes System. All transaction details must be obtained from the Statement Database;O;plurals;Disputes
R157;4;The Disputes application shall interface with the Statement Database. The Statement Database provides the transaction details to the Disputes System. All transaction details must be obtained from the Statement Database;O;plurals;details
R157;4;The Disputes application shall interface with the Statement Database. The Statement Database provides the transaction details to the Disputes System. All transaction details must be obtained from the Statement Database;O;qualifier;All
R158;4;The Disputes application shall interface with the Cardmember Information Database. The Cardmember Information Database provides detailed information with regard to a cardmember. All cardmember detail information must be obtained from the Cardmember Information Database.;O;plurals;Disputes
R158;4;The Disputes application shall interface with the Cardmember Information Database. The Cardmember Information Database provides detailed information with regard to a cardmember. All cardmember detail information must be obtained from the Cardmember Information Database.;O;qualifier;All
R159;4;The Disputes applications shall interface with the Merchant Information Database. The Merchant Information Database provides detailed information with regard to the merchant. All merchant detail information shall be obtained from the Merchant Information Database.;O;plurals;Disputes
R159;4;The Disputes applications shall interface with the Merchant Information Database. The Merchant Information Database provides detailed information with regard to the merchant. All merchant detail information shall be obtained from the Merchant Information Database.;O;plurals;applications
R159;4;The Disputes applications shall interface with the Merchant Information Database. The Merchant Information Database provides detailed information with regard to the merchant. All merchant detail information shall be obtained from the Merchant Information Database.;O;qualifier;All
R160;4;The Disputes application shall interface with the Letters application.  This will allow the Disputes application to request letters as part of the dispute initiation and dispute follow up process. All letter requests must be sent to the Print Letter Utility application.;O;plurals;Disputes
R160;4;The Disputes application shall interface with the Letters application.  This will allow the Disputes application to request letters as part of the dispute initiation and dispute follow up process. All letter requests must be sent to the Print Letter Utility application.;O;plurals;Letters
R160;4;The Disputes application shall interface with the Letters application.  This will allow the Disputes application to request letters as part of the dispute initiation and dispute follow up process. All letter requests must be sent to the Print Letter Utility application.;O;pronoun;This
R160;4;The Disputes application shall interface with the Letters application.  This will allow the Disputes application to request letters as part of the dispute initiation and dispute follow up process. All letter requests must be sent to the Print Letter Utility application.;O;weak_1;will
R160;4;The Disputes application shall interface with the Letters application.  This will allow the Disputes application to request letters as part of the dispute initiation and dispute follow up process. All letter requests must be sent to the Print Letter Utility application.;O;plurals;letters
R160;4;The Disputes application shall interface with the Letters application.  This will allow the Disputes application to request letters as part of the dispute initiation and dispute follow up process. All letter requests must be sent to the Print Letter Utility application.;O;vague;and
R160;4;The Disputes application shall interface with the Letters application.  This will allow the Disputes application to request letters as part of the dispute initiation and dispute follow up process. All letter requests must be sent to the Print Letter Utility application.;O;qualifier;All
R160;4;The Disputes application shall interface with the Letters application.  This will allow the Disputes application to request letters as part of the dispute initiation and dispute follow up process. All letter requests must be sent to the Print Letter Utility application.;O;plurals;requests
R161;4;The Disputes application shall interface with the Cardmember Posting and Billing System.  This will allow the Disputes application to request adjustments to cardmember and merchant\92s accounts. All adjustment requests must be sent to the Cardmember Posting and Billing System.;O;plurals;Disputes
R161;4;The Disputes application shall interface with the Cardmember Posting and Billing System.  This will allow the Disputes application to request adjustments to cardmember and merchant\92s accounts. All adjustment requests must be sent to the Cardmember Posting and Billing System.;O;vague;and
R161;4;The Disputes application shall interface with the Cardmember Posting and Billing System.  This will allow the Disputes application to request adjustments to cardmember and merchant\92s accounts. All adjustment requests must be sent to the Cardmember Posting and Billing System.;O;pronoun;This
R161;4;The Disputes application shall interface with the Cardmember Posting and Billing System.  This will allow the Disputes application to request adjustments to cardmember and merchant\92s accounts. All adjustment requests must be sent to the Cardmember Posting and Billing System.;O;weak_1;will
R161;4;The Disputes application shall interface with the Cardmember Posting and Billing System.  This will allow the Disputes application to request adjustments to cardmember and merchant\92s accounts. All adjustment requests must be sent to the Cardmember Posting and Billing System.;O;plurals;adjustments
R161;4;The Disputes application shall interface with the Cardmember Posting and Billing System.  This will allow the Disputes application to request adjustments to cardmember and merchant\92s accounts. All adjustment requests must be sent to the Cardmember Posting and Billing System.;O;plurals;accounts
R161;4;The Disputes application shall interface with the Cardmember Posting and Billing System.  This will allow the Disputes application to request adjustments to cardmember and merchant\92s accounts. All adjustment requests must be sent to the Cardmember Posting and Billing System.;O;qualifier;All
R161;4;The Disputes application shall interface with the Cardmember Posting and Billing System.  This will allow the Disputes application to request adjustments to cardmember and merchant\92s accounts. All adjustment requests must be sent to the Cardmember Posting and Billing System.;O;plurals;requests
R162;4;The Disputes application shall ensure that only users with the appropriate access level are allowed to initiate dispute requests.;SE;plurals;Disputes
R162;4;The Disputes application shall ensure that only users with the appropriate access level are allowed to initiate dispute requests.;SE;pronoun;that
R162;4;The Disputes application shall ensure that only users with the appropriate access level are allowed to initiate dispute requests.;SE;vague;only
R162;4;The Disputes application shall ensure that only users with the appropriate access level are allowed to initiate dispute requests.;SE;plurals;users
R162;4;The Disputes application shall ensure that only users with the appropriate access level are allowed to initiate dispute requests.;SE;plurals;requests
R163;4;Only users with Update access must be able to initiate dispute requests.;SE;vague;able to
R163;4;Only users with Update access must be able to initiate dispute requests.;SE;vague;Only
R163;4;Only users with Update access must be able to initiate dispute requests.;SE;plurals;users
R163;4;Only users with Update access must be able to initiate dispute requests.;SE;plurals;requests
R164;4;The Disputes application shall ensure that only authorized users are allowed to logon to the application.;SE;plurals;Disputes
R164;4;The Disputes application shall ensure that only authorized users are allowed to logon to the application.;SE;pronoun;that
R164;4;The Disputes application shall ensure that only authorized users are allowed to logon to the application.;SE;vague;only
R164;4;The Disputes application shall ensure that only authorized users are allowed to logon to the application.;SE;plurals;users
R165;4;All authorized users  once authenticated must be able to logon to the Disputes System;SE;vague;able to
R165;4;All authorized users  once authenticated must be able to logon to the Disputes System;SE;qualifier;All
R165;4;All authorized users  once authenticated must be able to logon to the Disputes System;SE;plurals;users
R165;4;All authorized users  once authenticated must be able to logon to the Disputes System;SE;plurals;Disputes
R166;4;The Disputes System shall generate a User Report that details any new users that have been added and any changes to an existing user\92s access level. The report will be reviewed for auditing purposes.;SE;plurals;Disputes
R166;4;The Disputes System shall generate a User Report that details any new users that have been added and any changes to an existing user\92s access level. The report will be reviewed for auditing purposes.;SE;pronoun;that
R166;4;The Disputes System shall generate a User Report that details any new users that have been added and any changes to an existing user\92s access level. The report will be reviewed for auditing purposes.;SE;plurals;details
R166;4;The Disputes System shall generate a User Report that details any new users that have been added and any changes to an existing user\92s access level. The report will be reviewed for auditing purposes.;SE;qualifier;any
R166;4;The Disputes System shall generate a User Report that details any new users that have been added and any changes to an existing user\92s access level. The report will be reviewed for auditing purposes.;SE;plurals;users
R166;4;The Disputes System shall generate a User Report that details any new users that have been added and any changes to an existing user\92s access level. The report will be reviewed for auditing purposes.;SE;vague;and
R166;4;The Disputes System shall generate a User Report that details any new users that have been added and any changes to an existing user\92s access level. The report will be reviewed for auditing purposes.;SE;plurals;changes
R166;4;The Disputes System shall generate a User Report that details any new users that have been added and any changes to an existing user\92s access level. The report will be reviewed for auditing purposes.;SE;vague;existing
R166;4;The Disputes System shall generate a User Report that details any new users that have been added and any changes to an existing user\92s access level. The report will be reviewed for auditing purposes.;SE;weak_1;will
R166;4;The Disputes System shall generate a User Report that details any new users that have been added and any changes to an existing user\92s access level. The report will be reviewed for auditing purposes.;SE;plurals;purposes
R167;4;All additions of new users and modifications to user\92s access shall be recorded on the User Report.;SE;qualifier;All
R167;4;All additions of new users and modifications to user\92s access shall be recorded on the User Report.;SE;plurals;additions
R167;4;All additions of new users and modifications to user\92s access shall be recorded on the User Report.;SE;plurals;users
R167;4;All additions of new users and modifications to user\92s access shall be recorded on the User Report.;SE;vague;and
R167;4;All additions of new users and modifications to user\92s access shall be recorded on the User Report.;SE;plurals;modifications
R168;4;If a user account is revoked  it can only be re-instantiated by the System Administrator.;SE;pronoun;it
R168;4;If a user account is revoked  it can only be re-instantiated by the System Administrator.;SE;weak_1;can
R168;4;If a user account is revoked  it can only be re-instantiated by the System Administrator.;SE;vague;only
R169;4;Only the System Administrator shall be able to reset a revoked user logon account;SE;vague;able to
R169;4;Only the System Administrator shall be able to reset a revoked user logon account;SE;vague;Only
R170;4;The Disputes application shall manipulate and view business data. Users will not have direct access to data files or databases.;SE;plurals;Disputes
R170;4;The Disputes application shall manipulate and view business data. Users will not have direct access to data files or databases.;SE;vague;and
R170;4;The Disputes application shall manipulate and view business data. Users will not have direct access to data files or databases.;SE;plurals;Users
R170;4;The Disputes application shall manipulate and view business data. Users will not have direct access to data files or databases.;SE;weak_1;will
R170;4;The Disputes application shall manipulate and view business data. Users will not have direct access to data files or databases.;SE;plurals;files
R170;4;The Disputes application shall manipulate and view business data. Users will not have direct access to data files or databases.;SE;optional;or
R170;4;The Disputes application shall manipulate and view business data. Users will not have direct access to data files or databases.;SE;plurals;databases
R171;4;All updates to data files or database must be initiated from the Disputes System.;SE;qualifier;All
R171;4;All updates to data files or database must be initiated from the Disputes System.;SE;plurals;files
R171;4;All updates to data files or database must be initiated from the Disputes System.;SE;optional;or
R171;4;All updates to data files or database must be initiated from the Disputes System.;SE;plurals;Disputes
R172;4;The Disputes application must conform to the legal requirements as specified by the Merchant Operating Regulations.;L;incompletes;as specified
R172;4;The Disputes application must conform to the legal requirements as specified by the Merchant Operating Regulations.;L;plurals;Disputes
R172;4;The Disputes application must conform to the legal requirements as specified by the Merchant Operating Regulations.;L;plurals;requirements
R172;4;The Disputes application must conform to the legal requirements as specified by the Merchant Operating Regulations.;L;plurals;Regulations
R173;4;All business rules specified in the Disputes System shall be in compliance with the Merchant Operating Regulations.;L;qualifier;All
R173;4;All business rules specified in the Disputes System shall be in compliance with the Merchant Operating Regulations.;L;plurals;Disputes
R173;4;All business rules specified in the Disputes System shall be in compliance with the Merchant Operating Regulations.;L;plurals;Regulations
R174;4;The Disputes application must conform to the legal requirements as specified by Regulation E and Regulation Z that govern credit card disputes processing.;L;incompletes;as specified
R174;4;The Disputes application must conform to the legal requirements as specified by Regulation E and Regulation Z that govern credit card disputes processing.;L;plurals;Disputes
R174;4;The Disputes application must conform to the legal requirements as specified by Regulation E and Regulation Z that govern credit card disputes processing.;L;plurals;requirements
R174;4;The Disputes application must conform to the legal requirements as specified by Regulation E and Regulation Z that govern credit card disputes processing.;L;vague;and
R174;4;The Disputes application must conform to the legal requirements as specified by Regulation E and Regulation Z that govern credit card disputes processing.;L;pronoun;that
R174;4;The Disputes application must conform to the legal requirements as specified by Regulation E and Regulation Z that govern credit card disputes processing.;L;plurals;disputes
R175;4;All business rules specified in the Disputes System shall be in compliance to the guidelines of Regulation E and Regulation Z.;L;qualifier;All
R175;4;All business rules specified in the Disputes System shall be in compliance to the guidelines of Regulation E and Regulation Z.;L;plurals;Disputes
R175;4;All business rules specified in the Disputes System shall be in compliance to the guidelines of Regulation E and Regulation Z.;L;plurals;guidelines
R175;4;All business rules specified in the Disputes System shall be in compliance to the guidelines of Regulation E and Regulation Z.;L;vague;and
R176;4;The Disputes application must maintain a detailed history of every action that a user takes on a dispute case.  This ensures a complete audit trail if questions arise later on with regard to a particular dispute case.;L;plurals;Disputes
R176;4;The Disputes application must maintain a detailed history of every action that a user takes on a dispute case.  This ensures a complete audit trail if questions arise later on with regard to a particular dispute case.;L;pronoun;that
R176;4;The Disputes application must maintain a detailed history of every action that a user takes on a dispute case.  This ensures a complete audit trail if questions arise later on with regard to a particular dispute case.;L;pronoun;This
R176;4;The Disputes application must maintain a detailed history of every action that a user takes on a dispute case.  This ensures a complete audit trail if questions arise later on with regard to a particular dispute case.;L;vague;particular
R177;4;All actions that modify an existing dispute case must be recorded in the case history.;L;qualifier;All
R177;4;All actions that modify an existing dispute case must be recorded in the case history.;L;plurals;actions
R177;4;All actions that modify an existing dispute case must be recorded in the case history.;L;pronoun;that
R177;4;All actions that modify an existing dispute case must be recorded in the case history.;L;vague;existing
R178;4;The Disputes System must be accessible by both internal and external users.;F;plurals;Disputes
R178;4;The Disputes System must be accessible by both internal and external users.;F;vague;both
R178;4;The Disputes System must be accessible by both internal and external users.;F;vague;and
R178;4;The Disputes System must be accessible by both internal and external users.;F;plurals;users
R179;4;The Disputes System must prevent users from accessing any dispute cases that do not belong to their cardholder base.;F;plurals;Disputes
R179;4;The Disputes System must prevent users from accessing any dispute cases that do not belong to their cardholder base.;F;plurals;users
R179;4;The Disputes System must prevent users from accessing any dispute cases that do not belong to their cardholder base.;F;qualifier;any
R179;4;The Disputes System must prevent users from accessing any dispute cases that do not belong to their cardholder base.;F;plurals;cases
R179;4;The Disputes System must prevent users from accessing any dispute cases that do not belong to their cardholder base.;F;pronoun;that
R179;4;The Disputes System must prevent users from accessing any dispute cases that do not belong to their cardholder base.;F;pronoun;their
R180;4;The Disputes System will facilitate direct data entry of a dispute case via a user interface that supports real time responses to the users.;F;plurals;Disputes
R180;4;The Disputes System will facilitate direct data entry of a dispute case via a user interface that supports real time responses to the users.;F;weak_1;will
R180;4;The Disputes System will facilitate direct data entry of a dispute case via a user interface that supports real time responses to the users.;F;pronoun;that
R180;4;The Disputes System will facilitate direct data entry of a dispute case via a user interface that supports real time responses to the users.;F;plurals;supports
R180;4;The Disputes System will facilitate direct data entry of a dispute case via a user interface that supports real time responses to the users.;F;plurals;responses
R180;4;The Disputes System will facilitate direct data entry of a dispute case via a user interface that supports real time responses to the users.;F;plurals;users
R181;4;The Disputes System must provide different levels of access with regard to disputes case initiation and follow-up actions.;F;plurals;Disputes
R181;4;The Disputes System must provide different levels of access with regard to disputes case initiation and follow-up actions.;F;plurals;levels
R181;4;The Disputes System must provide different levels of access with regard to disputes case initiation and follow-up actions.;F;plurals;disputes
R181;4;The Disputes System must provide different levels of access with regard to disputes case initiation and follow-up actions.;F;vague;and
R181;4;The Disputes System must provide different levels of access with regard to disputes case initiation and follow-up actions.;F;plurals;actions
R182;4;The Disputes System shall provide view access capability for authorized users of the application.;F;plurals;Disputes
R182;4;The Disputes System shall provide view access capability for authorized users of the application.;F;plurals;users
R183;4;The Disputes System shall provide update access capability for authorized users of the application.;F;plurals;Disputes
R183;4;The Disputes System shall provide update access capability for authorized users of the application.;F;plurals;users
R184;4;The Disputes System must allow the users to select disputable transactions (based on the age of the transaction) from a user interface and initiate a dispute (ticket retrieval request or chargeback notification) on the selected transaction.;F;plurals;Disputes
R184;4;The Disputes System must allow the users to select disputable transactions (based on the age of the transaction) from a user interface and initiate a dispute (ticket retrieval request or chargeback notification) on the selected transaction.;F;plurals;users
R184;4;The Disputes System must allow the users to select disputable transactions (based on the age of the transaction) from a user interface and initiate a dispute (ticket retrieval request or chargeback notification) on the selected transaction.;F;plurals;transactions
R184;4;The Disputes System must allow the users to select disputable transactions (based on the age of the transaction) from a user interface and initiate a dispute (ticket retrieval request or chargeback notification) on the selected transaction.;F;vague;(
R184;4;The Disputes System must allow the users to select disputable transactions (based on the age of the transaction) from a user interface and initiate a dispute (ticket retrieval request or chargeback notification) on the selected transaction.;F;vague;and
R184;4;The Disputes System must allow the users to select disputable transactions (based on the age of the transaction) from a user interface and initiate a dispute (ticket retrieval request or chargeback notification) on the selected transaction.;F;optional;or
R185;4;The Disputes System must provide the user the ability to initiate a single dispute case on multiple transactions that belong to a single merchant.;F;plurals;Disputes
R185;4;The Disputes System must provide the user the ability to initiate a single dispute case on multiple transactions that belong to a single merchant.;F;plurals;transactions
R185;4;The Disputes System must provide the user the ability to initiate a single dispute case on multiple transactions that belong to a single merchant.;F;pronoun;that
R186;4;The Disputes System will provide the user the ability to create or initiate a ticket retrieval request.   As part of ticket retrieval creation process the system must prompt the user to enter all the required information to create the ticket retrieval request.  The ticket retrieval request is a document that is sent to merchant inquiring the validity of a transaction.;F;plurals;Disputes
R186;4;The Disputes System will provide the user the ability to create or initiate a ticket retrieval request.   As part of ticket retrieval creation process the system must prompt the user to enter all the required information to create the ticket retrieval request.  The ticket retrieval request is a document that is sent to merchant inquiring the validity of a transaction.;F;weak_1;will
R186;4;The Disputes System will provide the user the ability to create or initiate a ticket retrieval request.   As part of ticket retrieval creation process the system must prompt the user to enter all the required information to create the ticket retrieval request.  The ticket retrieval request is a document that is sent to merchant inquiring the validity of a transaction.;F;optional;or
R186;4;The Disputes System will provide the user the ability to create or initiate a ticket retrieval request.   As part of ticket retrieval creation process the system must prompt the user to enter all the required information to create the ticket retrieval request.  The ticket retrieval request is a document that is sent to merchant inquiring the validity of a transaction.;F;vague;prompt
R186;4;The Disputes System will provide the user the ability to create or initiate a ticket retrieval request.   As part of ticket retrieval creation process the system must prompt the user to enter all the required information to create the ticket retrieval request.  The ticket retrieval request is a document that is sent to merchant inquiring the validity of a transaction.;F;qualifier;all
R186;4;The Disputes System will provide the user the ability to create or initiate a ticket retrieval request.   As part of ticket retrieval creation process the system must prompt the user to enter all the required information to create the ticket retrieval request.  The ticket retrieval request is a document that is sent to merchant inquiring the validity of a transaction.;F;pronoun;that
R187;4;The Disputes System must allow the user to create three unique types of ticket retrieval requests.  The three types of ticket retrieval requests are (1) Request for original receipt (2) Request for a copy of the receipt or (3) Request for a portfolio. A portfolio consists of documentation that would provide proof of a purchase such as the documentation that is received from a car rental agency that is more than a sales receipt.;F;plurals;Disputes
R187;4;The Disputes System must allow the user to create three unique types of ticket retrieval requests.  The three types of ticket retrieval requests are (1) Request for original receipt (2) Request for a copy of the receipt or (3) Request for a portfolio. A portfolio consists of documentation that would provide proof of a purchase such as the documentation that is received from a car rental agency that is more than a sales receipt.;F;plurals;types
R187;4;The Disputes System must allow the user to create three unique types of ticket retrieval requests.  The three types of ticket retrieval requests are (1) Request for original receipt (2) Request for a copy of the receipt or (3) Request for a portfolio. A portfolio consists of documentation that would provide proof of a purchase such as the documentation that is received from a car rental agency that is more than a sales receipt.;F;plurals;requests
R187;4;The Disputes System must allow the user to create three unique types of ticket retrieval requests.  The three types of ticket retrieval requests are (1) Request for original receipt (2) Request for a copy of the receipt or (3) Request for a portfolio. A portfolio consists of documentation that would provide proof of a purchase such as the documentation that is received from a car rental agency that is more than a sales receipt.;F;vague;(
R187;4;The Disputes System must allow the user to create three unique types of ticket retrieval requests.  The three types of ticket retrieval requests are (1) Request for original receipt (2) Request for a copy of the receipt or (3) Request for a portfolio. A portfolio consists of documentation that would provide proof of a purchase such as the documentation that is received from a car rental agency that is more than a sales receipt.;F;optional;or
R187;4;The Disputes System must allow the user to create three unique types of ticket retrieval requests.  The three types of ticket retrieval requests are (1) Request for original receipt (2) Request for a copy of the receipt or (3) Request for a portfolio. A portfolio consists of documentation that would provide proof of a purchase such as the documentation that is received from a car rental agency that is more than a sales receipt.;F;pronoun;that
R187;4;The Disputes System must allow the user to create three unique types of ticket retrieval requests.  The three types of ticket retrieval requests are (1) Request for original receipt (2) Request for a copy of the receipt or (3) Request for a portfolio. A portfolio consists of documentation that would provide proof of a purchase such as the documentation that is received from a car rental agency that is more than a sales receipt.;F;weak_1;would
R187;4;The Disputes System must allow the user to create three unique types of ticket retrieval requests.  The three types of ticket retrieval requests are (1) Request for original receipt (2) Request for a copy of the receipt or (3) Request for a portfolio. A portfolio consists of documentation that would provide proof of a purchase such as the documentation that is received from a car rental agency that is more than a sales receipt.;F;vague;more
R187;4;The Disputes System must allow the user to create three unique types of ticket retrieval requests.  The three types of ticket retrieval requests are (1) Request for original receipt (2) Request for a copy of the receipt or (3) Request for a portfolio. A portfolio consists of documentation that would provide proof of a purchase such as the documentation that is received from a car rental agency that is more than a sales receipt.;F;plurals;sales
R188;4;The Disputes System must prevent external users from requesting original receipts. Requests for original receipts are restricted to internal users.;F;plurals;Disputes
R188;4;The Disputes System must prevent external users from requesting original receipts. Requests for original receipts are restricted to internal users.;F;plurals;users
R188;4;The Disputes System must prevent external users from requesting original receipts. Requests for original receipts are restricted to internal users.;F;plurals;receipts
R188;4;The Disputes System must prevent external users from requesting original receipts. Requests for original receipts are restricted to internal users.;F;plurals;Requests
R189;4;"The Disputes System must provide a confirmation to the user upon the creation of ticket retrieval request that contains the following information; the dispute case number  the type of retrieval requested (copy  original or portfolio)  and the date that the merchant response is due.";F;plurals;Disputes
R189;4;"The Disputes System must provide a confirmation to the user upon the creation of ticket retrieval request that contains the following information; the dispute case number  the type of retrieval requested (copy  original or portfolio)  and the date that the merchant response is due.";F;pronoun;that
R189;4;"The Disputes System must provide a confirmation to the user upon the creation of ticket retrieval request that contains the following information; the dispute case number  the type of retrieval requested (copy  original or portfolio)  and the date that the merchant response is due.";F;continuance;following
R189;4;"The Disputes System must provide a confirmation to the user upon the creation of ticket retrieval request that contains the following information; the dispute case number  the type of retrieval requested (copy  original or portfolio)  and the date that the merchant response is due.";F;vague;";"
R189;4;"The Disputes System must provide a confirmation to the user upon the creation of ticket retrieval request that contains the following information; the dispute case number  the type of retrieval requested (copy  original or portfolio)  and the date that the merchant response is due.";F;vague;(
R189;4;"The Disputes System must provide a confirmation to the user upon the creation of ticket retrieval request that contains the following information; the dispute case number  the type of retrieval requested (copy  original or portfolio)  and the date that the merchant response is due.";F;optional;or
R189;4;"The Disputes System must provide a confirmation to the user upon the creation of ticket retrieval request that contains the following information; the dispute case number  the type of retrieval requested (copy  original or portfolio)  and the date that the merchant response is due.";F;vague;and
R190;4;The Disputes System shall allow the user to create or initiate a chargeback request.  The system must prompt the user to enter the required information to initiate a chargeback request. The chargeback request results in a printed chargeback notification that is sent to merchant indicating that their account will be charged back if no proof is provided that the disputed transaction is valid.;F;plurals;Disputes
R190;4;The Disputes System shall allow the user to create or initiate a chargeback request.  The system must prompt the user to enter the required information to initiate a chargeback request. The chargeback request results in a printed chargeback notification that is sent to merchant indicating that their account will be charged back if no proof is provided that the disputed transaction is valid.;F;optional;or
R190;4;The Disputes System shall allow the user to create or initiate a chargeback request.  The system must prompt the user to enter the required information to initiate a chargeback request. The chargeback request results in a printed chargeback notification that is sent to merchant indicating that their account will be charged back if no proof is provided that the disputed transaction is valid.;F;vague;prompt
R190;4;The Disputes System shall allow the user to create or initiate a chargeback request.  The system must prompt the user to enter the required information to initiate a chargeback request. The chargeback request results in a printed chargeback notification that is sent to merchant indicating that their account will be charged back if no proof is provided that the disputed transaction is valid.;F;plurals;results
R190;4;The Disputes System shall allow the user to create or initiate a chargeback request.  The system must prompt the user to enter the required information to initiate a chargeback request. The chargeback request results in a printed chargeback notification that is sent to merchant indicating that their account will be charged back if no proof is provided that the disputed transaction is valid.;F;pronoun;that
R190;4;The Disputes System shall allow the user to create or initiate a chargeback request.  The system must prompt the user to enter the required information to initiate a chargeback request. The chargeback request results in a printed chargeback notification that is sent to merchant indicating that their account will be charged back if no proof is provided that the disputed transaction is valid.;F;pronoun;their
R190;4;The Disputes System shall allow the user to create or initiate a chargeback request.  The system must prompt the user to enter the required information to initiate a chargeback request. The chargeback request results in a printed chargeback notification that is sent to merchant indicating that their account will be charged back if no proof is provided that the disputed transaction is valid.;F;weak_1;will
R190;4;The Disputes System shall allow the user to create or initiate a chargeback request.  The system must prompt the user to enter the required information to initiate a chargeback request. The chargeback request results in a printed chargeback notification that is sent to merchant indicating that their account will be charged back if no proof is provided that the disputed transaction is valid.;F;vague;provided
R191;4;"The Disputes System must provide a confirmation to the user upon the creation of a chargeback request. The confirmation must contain the following information; the dispute case number  the type of chargeback requested (pending or immediate)  and the date that the merchant response is due.";F;plurals;Disputes
R191;4;"The Disputes System must provide a confirmation to the user upon the creation of a chargeback request. The confirmation must contain the following information; the dispute case number  the type of chargeback requested (pending or immediate)  and the date that the merchant response is due.";F;continuance;following
R191;4;"The Disputes System must provide a confirmation to the user upon the creation of a chargeback request. The confirmation must contain the following information; the dispute case number  the type of chargeback requested (pending or immediate)  and the date that the merchant response is due.";F;vague;";"
R191;4;"The Disputes System must provide a confirmation to the user upon the creation of a chargeback request. The confirmation must contain the following information; the dispute case number  the type of chargeback requested (pending or immediate)  and the date that the merchant response is due.";F;vague;(
R191;4;"The Disputes System must provide a confirmation to the user upon the creation of a chargeback request. The confirmation must contain the following information; the dispute case number  the type of chargeback requested (pending or immediate)  and the date that the merchant response is due.";F;optional;or
R191;4;"The Disputes System must provide a confirmation to the user upon the creation of a chargeback request. The confirmation must contain the following information; the dispute case number  the type of chargeback requested (pending or immediate)  and the date that the merchant response is due.";F;vague;and
R191;4;"The Disputes System must provide a confirmation to the user upon the creation of a chargeback request. The confirmation must contain the following information; the dispute case number  the type of chargeback requested (pending or immediate)  and the date that the merchant response is due.";F;pronoun;that
R192;4;The Disputes System shall prevent the creation of duplicate dispute requests 100% of the time.;F;plurals;Disputes
R192;4;The Disputes System shall prevent the creation of duplicate dispute requests 100% of the time.;F;plurals;requests
R193;4;The Disputes System shall accurately provide a list of possible reason codes for a given transaction.  The list of possible reason codes must be derived based on the type of transaction and the industry that the merchant belongs to  according to the business rules defined for the Disputes System.;F;plurals;Disputes
R193;4;The Disputes System shall accurately provide a list of possible reason codes for a given transaction.  The list of possible reason codes must be derived based on the type of transaction and the industry that the merchant belongs to  according to the business rules defined for the Disputes System.;F;plurals;codes
R193;4;The Disputes System shall accurately provide a list of possible reason codes for a given transaction.  The list of possible reason codes must be derived based on the type of transaction and the industry that the merchant belongs to  according to the business rules defined for the Disputes System.;F;vague;and
R193;4;The Disputes System shall accurately provide a list of possible reason codes for a given transaction.  The list of possible reason codes must be derived based on the type of transaction and the industry that the merchant belongs to  according to the business rules defined for the Disputes System.;F;pronoun;that
R194;4;The Disputes System must provide the ability to view existing dispute cases.;F;plurals;Disputes
R194;4;The Disputes System must provide the ability to view existing dispute cases.;F;vague;existing
R194;4;The Disputes System must provide the ability to view existing dispute cases.;F;plurals;cases
R195;4;The Disputes System must provide Search functionality.  The search method must include the ability to search by (1) the dispute case number  (2) the merchant account number  (3) the cardmember account number and (4) the issuer number.  In addition to the above criteria  the search functionality must further allow the user to limit the results of the search by a date range  the type of dispute (ticket retrieval request or chargeback notification)  the case status (open  closed or all) and the dispute reason code.;F;incompletes;In addition
R195;4;The Disputes System must provide Search functionality.  The search method must include the ability to search by (1) the dispute case number  (2) the merchant account number  (3) the cardmember account number and (4) the issuer number.  In addition to the above criteria  the search functionality must further allow the user to limit the results of the search by a date range  the type of dispute (ticket retrieval request or chargeback notification)  the case status (open  closed or all) and the dispute reason code.;F;plurals;Disputes
R195;4;The Disputes System must provide Search functionality.  The search method must include the ability to search by (1) the dispute case number  (2) the merchant account number  (3) the cardmember account number and (4) the issuer number.  In addition to the above criteria  the search functionality must further allow the user to limit the results of the search by a date range  the type of dispute (ticket retrieval request or chargeback notification)  the case status (open  closed or all) and the dispute reason code.;F;vague;(
R195;4;The Disputes System must provide Search functionality.  The search method must include the ability to search by (1) the dispute case number  (2) the merchant account number  (3) the cardmember account number and (4) the issuer number.  In addition to the above criteria  the search functionality must further allow the user to limit the results of the search by a date range  the type of dispute (ticket retrieval request or chargeback notification)  the case status (open  closed or all) and the dispute reason code.;F;vague;and
R195;4;The Disputes System must provide Search functionality.  The search method must include the ability to search by (1) the dispute case number  (2) the merchant account number  (3) the cardmember account number and (4) the issuer number.  In addition to the above criteria  the search functionality must further allow the user to limit the results of the search by a date range  the type of dispute (ticket retrieval request or chargeback notification)  the case status (open  closed or all) and the dispute reason code.;F;plurals;criteria
R195;4;The Disputes System must provide Search functionality.  The search method must include the ability to search by (1) the dispute case number  (2) the merchant account number  (3) the cardmember account number and (4) the issuer number.  In addition to the above criteria  the search functionality must further allow the user to limit the results of the search by a date range  the type of dispute (ticket retrieval request or chargeback notification)  the case status (open  closed or all) and the dispute reason code.;F;plurals;results
R195;4;The Disputes System must provide Search functionality.  The search method must include the ability to search by (1) the dispute case number  (2) the merchant account number  (3) the cardmember account number and (4) the issuer number.  In addition to the above criteria  the search functionality must further allow the user to limit the results of the search by a date range  the type of dispute (ticket retrieval request or chargeback notification)  the case status (open  closed or all) and the dispute reason code.;F;optional;or
R195;4;The Disputes System must provide Search functionality.  The search method must include the ability to search by (1) the dispute case number  (2) the merchant account number  (3) the cardmember account number and (4) the issuer number.  In addition to the above criteria  the search functionality must further allow the user to limit the results of the search by a date range  the type of dispute (ticket retrieval request or chargeback notification)  the case status (open  closed or all) and the dispute reason code.;F;qualifier;all
R196;4;A list of all disputes cases that meet the entered search criteria must be provided to the user.  The list of cases must differentiate the type and/or status of the case by color -coding the line item in the list.  For example all open cases will be yellow and all closed cases will be gray.;F;directive;For example
R196;4;A list of all disputes cases that meet the entered search criteria must be provided to the user.  The list of cases must differentiate the type and/or status of the case by color -coding the line item in the list.  For example all open cases will be yellow and all closed cases will be gray.;F;qualifier;all
R196;4;A list of all disputes cases that meet the entered search criteria must be provided to the user.  The list of cases must differentiate the type and/or status of the case by color -coding the line item in the list.  For example all open cases will be yellow and all closed cases will be gray.;F;plurals;disputes
R196;4;A list of all disputes cases that meet the entered search criteria must be provided to the user.  The list of cases must differentiate the type and/or status of the case by color -coding the line item in the list.  For example all open cases will be yellow and all closed cases will be gray.;F;plurals;cases
R196;4;A list of all disputes cases that meet the entered search criteria must be provided to the user.  The list of cases must differentiate the type and/or status of the case by color -coding the line item in the list.  For example all open cases will be yellow and all closed cases will be gray.;F;pronoun;that
R196;4;A list of all disputes cases that meet the entered search criteria must be provided to the user.  The list of cases must differentiate the type and/or status of the case by color -coding the line item in the list.  For example all open cases will be yellow and all closed cases will be gray.;F;plurals;criteria
R196;4;A list of all disputes cases that meet the entered search criteria must be provided to the user.  The list of cases must differentiate the type and/or status of the case by color -coding the line item in the list.  For example all open cases will be yellow and all closed cases will be gray.;F;vague;provided
R196;4;A list of all disputes cases that meet the entered search criteria must be provided to the user.  The list of cases must differentiate the type and/or status of the case by color -coding the line item in the list.  For example all open cases will be yellow and all closed cases will be gray.;F;weak_1;will
R196;4;A list of all disputes cases that meet the entered search criteria must be provided to the user.  The list of cases must differentiate the type and/or status of the case by color -coding the line item in the list.  For example all open cases will be yellow and all closed cases will be gray.;F;vague;and
R197;4;The Disputes System shall provide the users the ability to view the history of all activities that have occurred on the dispute case.;F;plurals;Disputes
R197;4;The Disputes System shall provide the users the ability to view the history of all activities that have occurred on the dispute case.;F;plurals;users
R197;4;The Disputes System shall provide the users the ability to view the history of all activities that have occurred on the dispute case.;F;qualifier;all
R197;4;The Disputes System shall provide the users the ability to view the history of all activities that have occurred on the dispute case.;F;plurals;activities
R197;4;The Disputes System shall provide the users the ability to view the history of all activities that have occurred on the dispute case.;F;pronoun;that
R198;4;The Dispute System shall provide the users with the ability to follow up on a dispute case via follow-up actions.  The list of available follow up actions for a given dispute case must be filtered by the status of the case and the access level of the user.;F;plurals;users
R198;4;The Dispute System shall provide the users with the ability to follow up on a dispute case via follow-up actions.  The list of available follow up actions for a given dispute case must be filtered by the status of the case and the access level of the user.;F;plurals;actions
R198;4;The Dispute System shall provide the users with the ability to follow up on a dispute case via follow-up actions.  The list of available follow up actions for a given dispute case must be filtered by the status of the case and the access level of the user.;F;vague;and
R199;4;The Disputes System shall record the name of the user and the date for any activity that creates or modifies the disputes case in the system.  A detailed history of the actions taken on the case  including the date and the user that performed the action must be maintained for auditing purposes.;F;plurals;Disputes
R199;4;The Disputes System shall record the name of the user and the date for any activity that creates or modifies the disputes case in the system.  A detailed history of the actions taken on the case  including the date and the user that performed the action must be maintained for auditing purposes.;F;vague;and
R199;4;The Disputes System shall record the name of the user and the date for any activity that creates or modifies the disputes case in the system.  A detailed history of the actions taken on the case  including the date and the user that performed the action must be maintained for auditing purposes.;F;qualifier;any
R199;4;The Disputes System shall record the name of the user and the date for any activity that creates or modifies the disputes case in the system.  A detailed history of the actions taken on the case  including the date and the user that performed the action must be maintained for auditing purposes.;F;pronoun;that
R199;4;The Disputes System shall record the name of the user and the date for any activity that creates or modifies the disputes case in the system.  A detailed history of the actions taken on the case  including the date and the user that performed the action must be maintained for auditing purposes.;F;optional;or
R199;4;The Disputes System shall record the name of the user and the date for any activity that creates or modifies the disputes case in the system.  A detailed history of the actions taken on the case  including the date and the user that performed the action must be maintained for auditing purposes.;F;plurals;disputes
R199;4;The Disputes System shall record the name of the user and the date for any activity that creates or modifies the disputes case in the system.  A detailed history of the actions taken on the case  including the date and the user that performed the action must be maintained for auditing purposes.;F;plurals;actions
R199;4;The Disputes System shall record the name of the user and the date for any activity that creates or modifies the disputes case in the system.  A detailed history of the actions taken on the case  including the date and the user that performed the action must be maintained for auditing purposes.;F;plurals;purposes
R200;4;For any systematic (non-user initiated) action that occurs on a case such as the disputes aging process  a case activity will be generated.  Upon the next logon the user that initiated the dispute case must be notified that a systematic action has occurred on the dispute case.;F;qualifier;any
R200;4;For any systematic (non-user initiated) action that occurs on a case such as the disputes aging process  a case activity will be generated.  Upon the next logon the user that initiated the dispute case must be notified that a systematic action has occurred on the dispute case.;F;vague;(
R200;4;For any systematic (non-user initiated) action that occurs on a case such as the disputes aging process  a case activity will be generated.  Upon the next logon the user that initiated the dispute case must be notified that a systematic action has occurred on the dispute case.;F;pronoun;that
R200;4;For any systematic (non-user initiated) action that occurs on a case such as the disputes aging process  a case activity will be generated.  Upon the next logon the user that initiated the dispute case must be notified that a systematic action has occurred on the dispute case.;F;plurals;disputes
R200;4;For any systematic (non-user initiated) action that occurs on a case such as the disputes aging process  a case activity will be generated.  Upon the next logon the user that initiated the dispute case must be notified that a systematic action has occurred on the dispute case.;F;weak_1;will
R201;4;All letter requests must be formatted according to guidelines specified by the Print Letter Utility system.;F;qualifier;All
R201;4;All letter requests must be formatted according to guidelines specified by the Print Letter Utility system.;F;plurals;requests
R201;4;All letter requests must be formatted according to guidelines specified by the Print Letter Utility system.;F;plurals;guidelines
R202;4;Any disputes cases that have been closed for over 6 months must be purged from the online disputes database.;F;qualifier;Any
R202;4;Any disputes cases that have been closed for over 6 months must be purged from the online disputes database.;F;plurals;disputes
R202;4;Any disputes cases that have been closed for over 6 months must be purged from the online disputes database.;F;plurals;cases
R202;4;Any disputes cases that have been closed for over 6 months must be purged from the online disputes database.;F;pronoun;that
R203;5;The product must support Internet Explorer 5.5 and above.;O;vague;and
R204;5;The product must support Mozilla Firefox 1.0 and above.;O;vague;and
R205;5;The product shall interface with the Choice Parts System.  This provides the feed of recycled parts data.;O;plurals;Parts
R205;5;The product shall interface with the Choice Parts System.  This provides the feed of recycled parts data.;O;pronoun;This
R205;5;The product shall interface with the Choice Parts System.  This provides the feed of recycled parts data.;O;plurals;parts
R206;5;The product shall run on the existing hardware for all environments.;O;vague;existing
R206;5;The product shall run on the existing hardware for all environments.;O;qualifier;all
R206;5;The product shall run on the existing hardware for all environments.;O;plurals;environments
R207;5;The product shall adhere to the corporate Architecture guidelines;O;plurals;guidelines
R208;5;The product shall comply with corporate User Interface Guidelines;LF;plurals;Guidelines
R209;5;The product shall comply with corporate color scheme;LF;NULL;NULL
R210;5;The appearance of the product shall appear professional;LF;NULL;NULL
R211;5;The product shall be easy to use by Adjusters and Collision Estimators.  95% of Adjusters and Collision Estimators shall find the product easy to use.;US;vague;easy
R211;5;The product shall be easy to use by Adjusters and Collision Estimators.  95% of Adjusters and Collision Estimators shall find the product easy to use.;US;plurals;Adjusters
R211;5;The product shall be easy to use by Adjusters and Collision Estimators.  95% of Adjusters and Collision Estimators shall find the product easy to use.;US;vague;and
R212;5;The product shall increase productivity of Collision Estimators. 80% of the Collision Estimators shall agree their productivity has increase within 1 month of using the product.;US;pronoun;their
R213;5;Users shall feel satisfied using the product.  85% of all users will be satisfied with the product.;US;plurals;Users
R213;5;Users shall feel satisfied using the product.  85% of all users will be satisfied with the product.;US;qualifier;all
R213;5;Users shall feel satisfied using the product.  85% of all users will be satisfied with the product.;US;plurals;users
R213;5;Users shall feel satisfied using the product.  85% of all users will be satisfied with the product.;US;weak_1;will
R214;5;The product shall be easy to learn by Adjusters and Collision Estimators.  The product shall be learned with two days onsite training;US;vague;easy
R214;5;The product shall be easy to learn by Adjusters and Collision Estimators.  The product shall be learned with two days onsite training;US;plurals;Adjusters
R214;5;The product shall be easy to learn by Adjusters and Collision Estimators.  The product shall be learned with two days onsite training;US;vague;and
R215;5;The user shall easily locate instructions while using the product.  User help can be found within 90% of the system.;US;vague;easily
R215;5;The user shall easily locate instructions while using the product.  User help can be found within 90% of the system.;US;plurals;instructions
R215;5;The user shall easily locate instructions while using the product.  User help can be found within 90% of the system.;US;weak_1;can
R216;5;The search for recycled parts shall take no longer than 15 seconds.  The search results shall be returned in under 15 seconds.;PE;plurals;parts
R216;5;The search for recycled parts shall take no longer than 15 seconds.  The search results shall be returned in under 15 seconds.;PE;plurals;results
R217;5;The search for the preferred repair facility shall take no longer than 8 seconds.  The preferred repair facility is returned within 8 seconds;PE;weak_1;preferred
R218;5;The recycled parts audit report shall be returned to the user within 10 seconds.  The audit report shall be returned within 10 seconds.;PE;plurals;parts
R219;5;The preferred repair facility ratings shall be saved within 5 seconds. The save shall occur within 5 seconds.;PE;weak_1;preferred
R219;5;The preferred repair facility ratings shall be saved within 5 seconds. The save shall occur within 5 seconds.;PE;plurals;ratings
R220;5;The product shall adhere to the corporate online availability schedule.  The application is brought down only within 98% of the scheduled outages per the availability schedule.;A;vague;only
R221;5;The product shall achieve a 98% uptime. The product shall not fail more than 2% of the available online time.;A;vague;more
R222;5;The product shall be able to handle up to 1500 simultaneous users. The system shall perform with 1500 users as a time.;SC;vague;able to
R222;5;The product shall be able to handle up to 1500 simultaneous users. The system shall perform with 1500 users as a time.;SC;plurals;users
R223;5;The average number of recycled parts records per day shall be 50 000.;SC;plurals;parts
R223;5;The average number of recycled parts records per day shall be 50 000.;SC;plurals;records
R224;5;The product shall be able to handle 10 000 concurrent users within 2 years of the initial launch.;SC;vague;able to
R224;5;The product shall be able to handle 10 000 concurrent users within 2 years of the initial launch.;SC;plurals;users
R225;5;For estimators  the product shall be able to be operated in a repair facility during dirty and noisy conditions.;O;vague;able to
R225;5;For estimators  the product shall be able to be operated in a repair facility during dirty and noisy conditions.;O;vague;and
R226;5;The product shall interface with the ChoiceParts system once per day at approximately 1:00 AM.;O;NULL;NULL
R227;5;The maintenance of the product will fall within the established corporate maintenance windows.;O;weak_1;will
R227;5;The maintenance of the product will fall within the established corporate maintenance windows.;O;plurals;windows
R228;5;The product shall be supported using the corporate support center.;O;NULL;NULL
R229;5;Product installations and upgrades shall be handled by the middleware technology team within established launch time frames.;O;plurals;installations
R229;5;Product installations and upgrades shall be handled by the middleware technology team within established launch time frames.;O;vague;and
R229;5;Product installations and upgrades shall be handled by the middleware technology team within established launch time frames.;O;plurals;upgrades
R229;5;Product installations and upgrades shall be handled by the middleware technology team within established launch time frames.;O;plurals;frames
R230;5;Only adjusters can request recycled parts audit reports. No users without an adjuster role shall request recycled parts audits.;SE;vague;Only
R230;5;Only adjusters can request recycled parts audit reports. No users without an adjuster role shall request recycled parts audits.;SE;plurals;adjusters
R230;5;Only adjusters can request recycled parts audit reports. No users without an adjuster role shall request recycled parts audits.;SE;weak_1;can
R230;5;Only adjusters can request recycled parts audit reports. No users without an adjuster role shall request recycled parts audits.;SE;plurals;parts
R230;5;Only adjusters can request recycled parts audit reports. No users without an adjuster role shall request recycled parts audits.;SE;plurals;reports
R230;5;Only adjusters can request recycled parts audit reports. No users without an adjuster role shall request recycled parts audits.;SE;plurals;users
R230;5;Only adjusters can request recycled parts audit reports. No users without an adjuster role shall request recycled parts audits.;SE;plurals;audits
R231;5;Only adjusters with a supervisor role can update preferred repair facility ratings. Users without the supervisor role cannot access the repair facility ratings.;SE;vague;Only
R231;5;Only adjusters with a supervisor role can update preferred repair facility ratings. Users without the supervisor role cannot access the repair facility ratings.;SE;plurals;adjusters
R231;5;Only adjusters with a supervisor role can update preferred repair facility ratings. Users without the supervisor role cannot access the repair facility ratings.;SE;weak_1;can
R231;5;Only adjusters with a supervisor role can update preferred repair facility ratings. Users without the supervisor role cannot access the repair facility ratings.;SE;weak_1;preferred
R231;5;Only adjusters with a supervisor role can update preferred repair facility ratings. Users without the supervisor role cannot access the repair facility ratings.;SE;plurals;ratings
R231;5;Only adjusters with a supervisor role can update preferred repair facility ratings. Users without the supervisor role cannot access the repair facility ratings.;SE;plurals;Users
R232;5;Only collision estimators shall search for recycled parts.  Users without the collision estimator role shall not have access to the search for recycled parts.;SE;vague;Only
R232;5;Only collision estimators shall search for recycled parts.  Users without the collision estimator role shall not have access to the search for recycled parts.;SE;plurals;parts
R232;5;Only collision estimators shall search for recycled parts.  Users without the collision estimator role shall not have access to the search for recycled parts.;SE;plurals;Users
R233;5;Only valid data shall be entered into the system. No invalid data shall be entered into the system.;SE;vague;Only
R234;5;One insurance company shall not be able to view another insurance companys claim data.;SE;vague;able to
R235;5;The product shall free of computer viruses.;SE;plurals;viruses
R236;5;The system shall prevent malicious attacks including denial of service.;SE;plurals;attacks
R237;5;The product must comply with Sarbanes-Oxley.;L;NULL;NULL
R238;5;The product shall comply with the estimatics laws relating to recycled parts usage.;L;plurals;laws
R238;5;The product shall comply with the estimatics laws relating to recycled parts usage.;L;plurals;parts
R239;5;The product shall comply with insurance regulations regarding claims processing.;L;plurals;regulations
R240;5;The user shall search for the preferred repair facility using vehicle  vehicle location  and radius in miles;F;weak_1;preferred
R240;5;The user shall search for the preferred repair facility using vehicle  vehicle location  and radius in miles;F;vague;and
R240;5;The user shall search for the preferred repair facility using vehicle  vehicle location  and radius in miles;F;plurals;miles
R241;5;The vehicle data shall include vehicle year make and model;F;vague;and
R242;5;The vehicle location shall include street address city state and zipcode;F;vague;and
R243;5;The system shall resolve the zipcode for the street address  city  and state if zipcode is unknown.;F;vague;and
R244;5;The search radius shall be between 1 and 30 miles;F;vague;and
R244;5;The search radius shall be between 1 and 30 miles;F;plurals;miles
R245;5;The system shall locate the preferred repair facility with the highest ratings for the input criteria;F;weak_1;preferred
R245;5;The system shall locate the preferred repair facility with the highest ratings for the input criteria;F;plurals;ratings
R245;5;The system shall locate the preferred repair facility with the highest ratings for the input criteria;F;plurals;criteria
R246;5;The adjuster shall enter the preferred repair facility on the estimate assignment.;F;weak_1;preferred
R247;5;The adjuster shall be able to override the preferred repair facitlity on the estimate assignment.;F;vague;able to
R247;5;The adjuster shall be able to override the preferred repair facitlity on the estimate assignment.;F;weak_1;preferred
R248;5;The preferred repair facility shall be returned to the user.;F;weak_1;preferred
R249;5;The system shall return a list of repair facilities within the radius if the preferred repair facility cannot be determined.;F;plurals;facilities
R249;5;The system shall return a list of repair facilities within the radius if the preferred repair facility cannot be determined.;F;weak_1;preferred
R249;5;The system shall return a list of repair facilities within the radius if the preferred repair facility cannot be determined.;F;weak_1;can
R250;5;The estimator shall search for available recycled parts using damaged vehicle parts information.;F;plurals;parts
R251;5;The estimator shall search for available recycled parts using a list of preferred parts suppliers.;F;plurals;parts
R251;5;The estimator shall search for available recycled parts using a list of preferred parts suppliers.;F;weak_1;preferred
R251;5;The estimator shall search for available recycled parts using a list of preferred parts suppliers.;F;plurals;suppliers
R252;5;The system shall search for available recycled parts for the supplied vehicle parts and suppliers.;F;plurals;parts
R252;5;The system shall search for available recycled parts for the supplied vehicle parts and suppliers.;F;vague;and
R252;5;The system shall search for available recycled parts for the supplied vehicle parts and suppliers.;F;plurals;suppliers
R253;5;The estimator shall search by zipcode with a radius of 30 miles if no parts are found for the preferred parts suppliers;F;plurals;miles
R253;5;The estimator shall search by zipcode with a radius of 30 miles if no parts are found for the preferred parts suppliers;F;plurals;parts
R253;5;The estimator shall search by zipcode with a radius of 30 miles if no parts are found for the preferred parts suppliers;F;weak_1;preferred
R253;5;The estimator shall search by zipcode with a radius of 30 miles if no parts are found for the preferred parts suppliers;F;plurals;suppliers
R254;5;The system shall retain the available recycled parts and suppliers returned from the search.;F;plurals;parts
R254;5;The system shall retain the available recycled parts and suppliers returned from the search.;F;vague;and
R254;5;The system shall retain the available recycled parts and suppliers returned from the search.;F;plurals;suppliers
R255;5;The available recycled parts information and their suppliers shall be returned to the user.;F;plurals;parts
R255;5;The available recycled parts information and their suppliers shall be returned to the user.;F;vague;and
R255;5;The available recycled parts information and their suppliers shall be returned to the user.;F;pronoun;their
R255;5;The available recycled parts information and their suppliers shall be returned to the user.;F;plurals;suppliers
R256;5;The estimator shall apply selected recycled parts to the collision estimate.;F;plurals;parts
R257;5;The estimator shall not apply recycled parts to the collision estimate if no available parts are returned.;F;plurals;parts
R258;5;The adjuster shall review the collision estimate.;F;NULL;NULL
R259;5;The adjuster shall request a recycled parts audit of the collision estimate.;F;plurals;parts
R260;5;The recycled parts search results provided to the estimator shall be retrieved by the system.;F;plurals;parts
R260;5;The recycled parts search results provided to the estimator shall be retrieved by the system.;F;plurals;results
R260;5;The recycled parts search results provided to the estimator shall be retrieved by the system.;F;vague;provided
R261;5;The system shall generate an audit report based on the available recycled parts and the collision estimate.;F;plurals;parts
R261;5;The system shall generate an audit report based on the available recycled parts and the collision estimate.;F;vague;and
R262;5;The audit report shall include the total number of recycled parts used in the estimate.;F;plurals;parts
R263;5;The audit report shall include the number of available recycled parts from the original search results.;F;plurals;parts
R263;5;The audit report shall include the number of available recycled parts from the original search results.;F;plurals;results
R264;5;The audit report shall include the percentage of available recycled parts used in the estimate ;F;plurals;parts
R265;5;The audit report shall include the total score of the audit which sums the indivual line items.;F;pronoun;which
R265;5;The audit report shall include the total score of the audit which sums the indivual line items.;F;plurals;sums
R265;5;The audit report shall include the total score of the audit which sums the indivual line items.;F;plurals;items
R266;5;The audit report shall be displayed to the user.;F;NULL;NULL
R267;5;The audit report shall be available to other adjusters at later points in time.;F;plurals;adjusters
R267;5;The audit report shall be available to other adjusters at later points in time.;F;plurals;points
R268;5;The user shall select to view the preferred repair facility ratings.;F;weak_1;preferred
R268;5;The user shall select to view the preferred repair facility ratings.;F;plurals;ratings
R269;5;The current repair facility ratings shall be displayed to the user.;F;plurals;ratings
R270;5;The system will display a blank set of ratings if there are not ratings yet defined.;F;weak_1;will
R270;5;The system will display a blank set of ratings if there are not ratings yet defined.;F;plurals;ratings
R270;5;The system will display a blank set of ratings if there are not ratings yet defined.;F;vague;there
R271;5;The user shall enter new ratings based on the audit report;F;plurals;ratings
R272;5;The ratings shall be from a scale of 1-10;F;plurals;ratings
R273;5;The ratings shall include categories for attempted use of recycled parts and actual use of recycled parts;F;plurals;ratings
R273;5;The ratings shall include categories for attempted use of recycled parts and actual use of recycled parts;F;plurals;categories
R273;5;The ratings shall include categories for attempted use of recycled parts and actual use of recycled parts;F;plurals;parts
R273;5;The ratings shall include categories for attempted use of recycled parts and actual use of recycled parts;F;vague;and
R274;5;The user shall select to save the preferred repair facility ratings.;F;weak_1;preferred
R274;5;The user shall select to save the preferred repair facility ratings.;F;plurals;ratings
R275;5;The preferred repair facility ratings shall be saved by the system.;F;weak_1;preferred
R275;5;The preferred repair facility ratings shall be saved by the system.;F;plurals;ratings
R276;6;The product must work with most database management systems (DBMS) on the market  whether the DBMS is colocated with the product on the same machine or is located on a different machine on the computer network.;O;pronoun;most
R276;6;The product must work with most database management systems (DBMS) on the market  whether the DBMS is colocated with the product on the same machine or is located on a different machine on the computer network.;O;plurals;systems
R276;6;The product must work with most database management systems (DBMS) on the market  whether the DBMS is colocated with the product on the same machine or is located on a different machine on the computer network.;O;vague;(
R276;6;The product must work with most database management systems (DBMS) on the market  whether the DBMS is colocated with the product on the same machine or is located on a different machine on the computer network.;O;optional;whether
R276;6;The product must work with most database management systems (DBMS) on the market  whether the DBMS is colocated with the product on the same machine or is located on a different machine on the computer network.;O;optional;or
R277;6;The product will function alongside server software on any operating system where the Java runtime can be installed.;O;weak_1;will
R277;6;The product will function alongside server software on any operating system where the Java runtime can be installed.;O;qualifier;any
R277;6;The product will function alongside server software on any operating system where the Java runtime can be installed.;O;weak_1;can
R278;6;The product will require collaboration with a database management system (DBMS).  The DBMS may be located on the same machine as the product or on a separate machine residing on the same computer network.;O;weak_1;will
R278;6;The product will require collaboration with a database management system (DBMS).  The DBMS may be located on the same machine as the product or on a separate machine residing on the same computer network.;O;vague;(
R278;6;The product will require collaboration with a database management system (DBMS).  The DBMS may be located on the same machine as the product or on a separate machine residing on the same computer network.;O;weak_1;may
R278;6;The product will require collaboration with a database management system (DBMS).  The DBMS may be located on the same machine as the product or on a separate machine residing on the same computer network.;O;optional;or
R279;6;The product must make use of web/application server technology.  Open source examples include Apache web server  Tomcat  and the JBoss application server.;O;plurals;examples
R279;6;The product must make use of web/application server technology.  Open source examples include Apache web server  Tomcat  and the JBoss application server.;O;vague;and
R280;6;A database management system such as Oracle  DB2  MySql or HSQL will need to be integrated with the product.;O;optional;or
R280;6;A database management system such as Oracle  DB2  MySql or HSQL will need to be integrated with the product.;O;weak_1;will
R281;6;The product\92s Look and Feel shall be able to incorporate aspects of the customer\92s organization such as logo  branding  and identity;LF;vague;able to
R281;6;The product\92s Look and Feel shall be able to incorporate aspects of the customer\92s organization such as logo  branding  and identity;LF;vague;and
R281;6;The product\92s Look and Feel shall be able to incorporate aspects of the customer\92s organization such as logo  branding  and identity;LF;plurals;aspects
R282;6;The product shall have a conservative and professional appearance.;LF;vague;and
R283;6;The product shall make the users want to use it. 80% of the users surveyed report they are regularly using the product after the first 2 weeks post-launch.;US;plurals;users
R283;6;The product shall make the users want to use it. 80% of the users surveyed report they are regularly using the product after the first 2 weeks post-launch.;US;pronoun;it
R283;6;The product shall make the users want to use it. 80% of the users surveyed report they are regularly using the product after the first 2 weeks post-launch.;US;pronoun;they
R284;6;The product shall be easy to use. 90% of users will be able to successfully reserve a conference room within 5 minutes of product use.;US;vague;able to
R284;6;The product shall be easy to use. 90% of users will be able to successfully reserve a conference room within 5 minutes of product use.;US;vague;easy
R284;6;The product shall be easy to use. 90% of users will be able to successfully reserve a conference room within 5 minutes of product use.;US;plurals;users
R284;6;The product shall be easy to use. 90% of users will be able to successfully reserve a conference room within 5 minutes of product use.;US;weak_1;will
R285;6;The product shall give users feedback when necessary. 80% of the users surveyed report that the product accurately confirms their actions.;US;plurals;users
R285;6;The product shall give users feedback when necessary. 80% of the users surveyed report that the product accurately confirms their actions.;US;vague;necessary
R285;6;The product shall give users feedback when necessary. 80% of the users surveyed report that the product accurately confirms their actions.;US;pronoun;that
R285;6;The product shall give users feedback when necessary. 80% of the users surveyed report that the product accurately confirms their actions.;US;pronoun;their
R285;6;The product shall give users feedback when necessary. 80% of the users surveyed report that the product accurately confirms their actions.;US;plurals;actions
R286;6;The product shall allow the user to select a chosen language from one of the target market countries.;US;plurals;countries
R287;6;The product shall allow for customization of start page and views preferences.;US;vague;and
R287;6;The product shall allow for customization of start page and views preferences.;US;plurals;preferences
R288;6;An employee will be able to successfully use the product within a few minutes.  After informally navigating the product for less than 15 minutes  users shall be able to successfully setup meetings and reserve conference rooms.;US;vague;able to
R288;6;An employee will be able to successfully use the product within a few minutes.  After informally navigating the product for less than 15 minutes  users shall be able to successfully setup meetings and reserve conference rooms.;US;weak_1;will
R288;6;An employee will be able to successfully use the product within a few minutes.  After informally navigating the product for less than 15 minutes  users shall be able to successfully setup meetings and reserve conference rooms.;US;qualifier;few
R288;6;An employee will be able to successfully use the product within a few minutes.  After informally navigating the product for less than 15 minutes  users shall be able to successfully setup meetings and reserve conference rooms.;US;vague;less
R288;6;An employee will be able to successfully use the product within a few minutes.  After informally navigating the product for less than 15 minutes  users shall be able to successfully setup meetings and reserve conference rooms.;US;plurals;users
R288;6;An employee will be able to successfully use the product within a few minutes.  After informally navigating the product for less than 15 minutes  users shall be able to successfully setup meetings and reserve conference rooms.;US;plurals;meetings
R288;6;An employee will be able to successfully use the product within a few minutes.  After informally navigating the product for less than 15 minutes  users shall be able to successfully setup meetings and reserve conference rooms.;US;vague;and
R288;6;An employee will be able to successfully use the product within a few minutes.  After informally navigating the product for less than 15 minutes  users shall be able to successfully setup meetings and reserve conference rooms.;US;plurals;rooms
R289;6;The product shall use a standard navigation menu familiar to most web users.;US;pronoun;most
R289;6;The product shall use a standard navigation menu familiar to most web users.;US;plurals;users
R290;6;The product shall allow for intuitive searching of available conference rooms.;US;plurals;rooms
R291;6;The product shall conform to the Americans with Disabilities Act.;US;plurals;Americans
R291;6;The product shall conform to the Americans with Disabilities Act.;US;plurals;Disabilities
R292;6;The response shall be fast enough to avoid interrupting the user\92s flow of thought.  90% of tasks shall complete within 5 seconds.  98% of tasks shall complete within 8 seconds.;PE;vague;fast
R292;6;The response shall be fast enough to avoid interrupting the user\92s flow of thought.  90% of tasks shall complete within 5 seconds.  98% of tasks shall complete within 8 seconds.;PE;plurals;tasks
R293;6;Aside from server failure  the software product shall achieve 99.99% up time.;A;NULL;NULL
R294;6;The product shall create an exception log of problems encountered within the product for transmission to our company for analysis and resolution.;FT;plurals;problems
R294;6;The product shall create an exception log of problems encountered within the product for transmission to our company for analysis and resolution.;FT;pronoun;our
R294;6;The product shall create an exception log of problems encountered within the product for transmission to our company for analysis and resolution.;FT;vague;and
R295;6;The product shall be capable of handling up to 1 000 concurrent requests.  This number will increase to 2 000 by Release 2.  The concurrency capacity must be able to handle peak scheduling times such as early morning and late afternoon hours.;SC;vague;capable of
R295;6;The product shall be capable of handling up to 1 000 concurrent requests.  This number will increase to 2 000 by Release 2.  The concurrency capacity must be able to handle peak scheduling times such as early morning and late afternoon hours.;SC;vague;able to
R295;6;The product shall be capable of handling up to 1 000 concurrent requests.  This number will increase to 2 000 by Release 2.  The concurrency capacity must be able to handle peak scheduling times such as early morning and late afternoon hours.;SC;plurals;requests
R295;6;The product shall be capable of handling up to 1 000 concurrent requests.  This number will increase to 2 000 by Release 2.  The concurrency capacity must be able to handle peak scheduling times such as early morning and late afternoon hours.;SC;pronoun;This
R295;6;The product shall be capable of handling up to 1 000 concurrent requests.  This number will increase to 2 000 by Release 2.  The concurrency capacity must be able to handle peak scheduling times such as early morning and late afternoon hours.;SC;weak_1;will
R295;6;The product shall be capable of handling up to 1 000 concurrent requests.  This number will increase to 2 000 by Release 2.  The concurrency capacity must be able to handle peak scheduling times such as early morning and late afternoon hours.;SC;vague;and
R296;6;The product shall be able to process 10 000 transactions per hour within two years of its launch.  This number will increase to 20 000 by Release 2.;SC;vague;able to
R296;6;The product shall be able to process 10 000 transactions per hour within two years of its launch.  This number will increase to 20 000 by Release 2.;SC;plurals;transactions
R296;6;The product shall be able to process 10 000 transactions per hour within two years of its launch.  This number will increase to 20 000 by Release 2.;SC;pronoun;its
R296;6;The product shall be able to process 10 000 transactions per hour within two years of its launch.  This number will increase to 20 000 by Release 2.;SC;pronoun;This
R296;6;The product shall be able to process 10 000 transactions per hour within two years of its launch.  This number will increase to 20 000 by Release 2.;SC;weak_1;will
R297;6;The product shall be expected to operate for at least 5 years for each customer installation.;SC;NULL;NULL
R298;6;The product shall be used in office environments.;O;plurals;environments
R299;6;The product must be able to interface with any HTML browser.  The product shall transmit data between the user and the product without problems. The product shall display HTML properly in 80% of all HTML browsers tested (minimum is to test 8 browsers).;O;vague;able to
R299;6;The product must be able to interface with any HTML browser.  The product shall transmit data between the user and the product without problems. The product shall display HTML properly in 80% of all HTML browsers tested (minimum is to test 8 browsers).;O;qualifier;any
R299;6;The product must be able to interface with any HTML browser.  The product shall transmit data between the user and the product without problems. The product shall display HTML properly in 80% of all HTML browsers tested (minimum is to test 8 browsers).;O;vague;and
R299;6;The product must be able to interface with any HTML browser.  The product shall transmit data between the user and the product without problems. The product shall display HTML properly in 80% of all HTML browsers tested (minimum is to test 8 browsers).;O;plurals;problems
R299;6;The product must be able to interface with any HTML browser.  The product shall transmit data between the user and the product without problems. The product shall display HTML properly in 80% of all HTML browsers tested (minimum is to test 8 browsers).;O;qualifier;all
R299;6;The product must be able to interface with any HTML browser.  The product shall transmit data between the user and the product without problems. The product shall display HTML properly in 80% of all HTML browsers tested (minimum is to test 8 browsers).;O;vague;(
R299;6;The product must be able to interface with any HTML browser.  The product shall transmit data between the user and the product without problems. The product shall display HTML properly in 80% of all HTML browsers tested (minimum is to test 8 browsers).;O;vague;minimum
R300;6;The product must be able to interface with various database management systems. The product shall communicate successfully with the database management system on 100% of all transactions.;O;vague;able to
R300;6;The product must be able to interface with various database management systems. The product shall communicate successfully with the database management system on 100% of all transactions.;O;vague;various
R300;6;The product must be able to interface with various database management systems. The product shall communicate successfully with the database management system on 100% of all transactions.;O;plurals;systems
R300;6;The product must be able to interface with various database management systems. The product shall communicate successfully with the database management system on 100% of all transactions.;O;qualifier;all
R300;6;The product must be able to interface with various database management systems. The product shall communicate successfully with the database management system on 100% of all transactions.;O;plurals;transactions
R301;6;The product must be able to interface with various email servers. The product shall be able to send email.;O;vague;able to
R301;6;The product must be able to interface with various email servers. The product shall be able to send email.;O;vague;various
R301;6;The product must be able to interface with various email servers. The product shall be able to send email.;O;plurals;servers
R302;6;The product shall be available for distribution via the Internet as a binary or ZIP file.;O;optional;or
R303;6;The product shall be available for distribution as a packaged CD.;O;NULL;NULL
R304;6;The product will be available for licensing as a one-server  two-five servers  or five-or-more servers license.;O;weak_1;will
R304;6;The product will be available for licensing as a one-server  two-five servers  or five-or-more servers license.;O;plurals;servers
R304;6;The product will be available for licensing as a one-server  two-five servers  or five-or-more servers license.;O;optional;or
R304;6;The product will be available for licensing as a one-server  two-five servers  or five-or-more servers license.;O;vague;more
R305;6;A new user must be able to be added to the system within 10 minutes. 90% of new users are able to log into the system within 10 minutes.;US;vague;able to
R305;6;A new user must be able to be added to the system within 10 minutes. 90% of new users are able to log into the system within 10 minutes.;US;plurals;users
R306;6;The product must be designed using Design Patterns and coding best practices.  90% of maintenance software developers are able to integrate new functionality into the product with 2 working days.;MN;vague;able to
R306;6;The product must be designed using Design Patterns and coding best practices.  90% of maintenance software developers are able to integrate new functionality into the product with 2 working days.;MN;plurals;Patterns
R306;6;The product must be designed using Design Patterns and coding best practices.  90% of maintenance software developers are able to integrate new functionality into the product with 2 working days.;MN;vague;and
R306;6;The product must be designed using Design Patterns and coding best practices.  90% of maintenance software developers are able to integrate new functionality into the product with 2 working days.;MN;vague;best
R306;6;The product must be designed using Design Patterns and coding best practices.  90% of maintenance software developers are able to integrate new functionality into the product with 2 working days.;MN;plurals;practices
R306;6;The product must be designed using Design Patterns and coding best practices.  90% of maintenance software developers are able to integrate new functionality into the product with 2 working days.;MN;plurals;developers
R307;6;The product must be highly configurable for use with various database management systems for the end users.  80% of end users are able to integrate new database management systems with the product without changing the product\92s software code.;MN;vague;able to
R307;6;The product must be highly configurable for use with various database management systems for the end users.  80% of end users are able to integrate new database management systems with the product without changing the product\92s software code.;MN;vague;various
R307;6;The product must be highly configurable for use with various database management systems for the end users.  80% of end users are able to integrate new database management systems with the product without changing the product\92s software code.;MN;plurals;systems
R307;6;The product must be highly configurable for use with various database management systems for the end users.  80% of end users are able to integrate new database management systems with the product without changing the product\92s software code.;MN;plurals;users
R308;6;Maintenance releases will be offered to customers once a year.  The releases shall take no longer than 5 minutes for 80% of the customer base to install.;MN;plurals;releases
R308;6;Maintenance releases will be offered to customers once a year.  The releases shall take no longer than 5 minutes for 80% of the customer base to install.;MN;weak_1;will
R308;6;Maintenance releases will be offered to customers once a year.  The releases shall take no longer than 5 minutes for 80% of the customer base to install.;MN;plurals;customers
R309;6;Every registered user will have access to the product\92s support site via the Internet.  70% of registered users shall find a solution to their problem within 5 minutes of using the support site.;US;weak_1;will
R309;6;Every registered user will have access to the product\92s support site via the Internet.  70% of registered users shall find a solution to their problem within 5 minutes of using the support site.;US;plurals;users
R309;6;Every registered user will have access to the product\92s support site via the Internet.  70% of registered users shall find a solution to their problem within 5 minutes of using the support site.;US;pronoun;their
R310;6;The customer shall be able to easily integrate new building maps with the product throughout the product\92s lifecycle.  Integration of new maps with the product shall be possible with little to no support from product support staff.;MN;vague;able to
R310;6;The customer shall be able to easily integrate new building maps with the product throughout the product\92s lifecycle.  Integration of new maps with the product shall be possible with little to no support from product support staff.;MN;vague;easily
R310;6;The customer shall be able to easily integrate new building maps with the product throughout the product\92s lifecycle.  Integration of new maps with the product shall be possible with little to no support from product support staff.;MN;plurals;maps
R310;6;The customer shall be able to easily integrate new building maps with the product throughout the product\92s lifecycle.  Integration of new maps with the product shall be possible with little to no support from product support staff.;MN;qualifier;little
R311;6;The product shall be translated into foreign languages other than the target market countries\92 languages in future releases.  For each emerging target market  it shall take no more than 5 days to configure the product for that market\92s language.;US;plurals;languages
R311;6;The product shall be translated into foreign languages other than the target market countries\92 languages in future releases.  For each emerging target market  it shall take no more than 5 days to configure the product for that market\92s language.;US;vague;future
R311;6;The product shall be translated into foreign languages other than the target market countries\92 languages in future releases.  For each emerging target market  it shall take no more than 5 days to configure the product for that market\92s language.;US;plurals;releases
R311;6;The product shall be translated into foreign languages other than the target market countries\92 languages in future releases.  For each emerging target market  it shall take no more than 5 days to configure the product for that market\92s language.;US;pronoun;it
R311;6;The product shall be translated into foreign languages other than the target market countries\92 languages in future releases.  For each emerging target market  it shall take no more than 5 days to configure the product for that market\92s language.;US;vague;more
R311;6;The product shall be translated into foreign languages other than the target market countries\92 languages in future releases.  For each emerging target market  it shall take no more than 5 days to configure the product for that market\92s language.;US;pronoun;that
R312;6;The product is expected to integrate with multiple database management systems. The product will operate with Oracle  SQL Server  DB2  MySQL  HSQL  and MS Access.;O;plurals;systems
R312;6;The product is expected to integrate with multiple database management systems. The product will operate with Oracle  SQL Server  DB2  MySQL  HSQL  and MS Access.;O;weak_1;will
R312;6;The product is expected to integrate with multiple database management systems. The product will operate with Oracle  SQL Server  DB2  MySQL  HSQL  and MS Access.;O;vague;and
R313;6;The product shall be able to be installed in any operating environment within 2 days.;O;vague;able to
R313;6;The product shall be able to be installed in any operating environment within 2 days.;O;qualifier;any
R314;6;The product shall ensure that only company employees or external users with company-approved user IDs may have product access.  100% of all logons shall be by either company employees or external users with company-approved user IDs.;SE;pronoun;that
R314;6;The product shall ensure that only company employees or external users with company-approved user IDs may have product access.  100% of all logons shall be by either company employees or external users with company-approved user IDs.;SE;vague;only
R314;6;The product shall ensure that only company employees or external users with company-approved user IDs may have product access.  100% of all logons shall be by either company employees or external users with company-approved user IDs.;SE;plurals;employees
R314;6;The product shall ensure that only company employees or external users with company-approved user IDs may have product access.  100% of all logons shall be by either company employees or external users with company-approved user IDs.;SE;optional;or
R314;6;The product shall ensure that only company employees or external users with company-approved user IDs may have product access.  100% of all logons shall be by either company employees or external users with company-approved user IDs.;SE;plurals;users
R314;6;The product shall ensure that only company employees or external users with company-approved user IDs may have product access.  100% of all logons shall be by either company employees or external users with company-approved user IDs.;SE;weak_1;may
R314;6;The product shall ensure that only company employees or external users with company-approved user IDs may have product access.  100% of all logons shall be by either company employees or external users with company-approved user IDs.;SE;qualifier;all
R314;6;The product shall ensure that only company employees or external users with company-approved user IDs may have product access.  100% of all logons shall be by either company employees or external users with company-approved user IDs.;SE;optional;either
R315;6;Only managers are able to perform search queries for reservations by user.  100% of all search queries for reservations by user shall be from logons of only management logons.;SE;vague;able to
R315;6;Only managers are able to perform search queries for reservations by user.  100% of all search queries for reservations by user shall be from logons of only management logons.;SE;vague;Only
R315;6;Only managers are able to perform search queries for reservations by user.  100% of all search queries for reservations by user shall be from logons of only management logons.;SE;plurals;managers
R315;6;Only managers are able to perform search queries for reservations by user.  100% of all search queries for reservations by user shall be from logons of only management logons.;SE;plurals;queries
R315;6;Only managers are able to perform search queries for reservations by user.  100% of all search queries for reservations by user shall be from logons of only management logons.;SE;plurals;reservations
R315;6;Only managers are able to perform search queries for reservations by user.  100% of all search queries for reservations by user shall be from logons of only management logons.;SE;qualifier;all
R315;6;Only managers are able to perform search queries for reservations by user.  100% of all search queries for reservations by user shall be from logons of only management logons.;SE;vague;only
R316;6;The product shall ensure that the database\92s data corresponds to the data entered by the user.  Each conference room reservation in the system will contain the same information as was entered by the user.;SE;pronoun;that
R316;6;The product shall ensure that the database\92s data corresponds to the data entered by the user.  Each conference room reservation in the system will contain the same information as was entered by the user.;SE;weak_1;will
R317;6;The product shall prevent the input of malicious data.  The product and/or adjacent hardware/software systems\92 data shall remain 100% uncorrupted each time malicious data is input into the product.;SE;NULL;NULL
R318;6;The product and/or dependent databases/filesystems shall remain operational as a result of the input of malicious data.  The product and/or dependent databases/filesystems shall not crash 100% of the time that malicious data is input into the product.;FT;plurals;databases
R318;6;The product and/or dependent databases/filesystems shall remain operational as a result of the input of malicious data.  The product and/or dependent databases/filesystems shall not crash 100% of the time that malicious data is input into the product.;FT;pronoun;that
R319;6;The product shall have the ability to receive automatic software updates as new threats emerge. 100% of customers will be able to receive automatic software updates transmitted to the installed product.;SE;vague;able to
R319;6;The product shall have the ability to receive automatic software updates as new threats emerge. 100% of customers will be able to receive automatic software updates transmitted to the installed product.;SE;plurals;customers
R319;6;The product shall have the ability to receive automatic software updates as new threats emerge. 100% of customers will be able to receive automatic software updates transmitted to the installed product.;SE;weak_1;will
R320;6;The language of the product shall accommodate all of the target market countries. 90% of survey respondents from each target market country will find that the language of the product is acceptable.;SC;qualifier;all
R320;6;The language of the product shall accommodate all of the target market countries. 90% of survey respondents from each target market country will find that the language of the product is acceptable.;SC;plurals;countries
R320;6;The language of the product shall accommodate all of the target market countries. 90% of survey respondents from each target market country will find that the language of the product is acceptable.;SC;plurals;respondents
R320;6;The language of the product shall accommodate all of the target market countries. 90% of survey respondents from each target market country will find that the language of the product is acceptable.;SC;weak_1;will
R320;6;The language of the product shall accommodate all of the target market countries. 90% of survey respondents from each target market country will find that the language of the product is acceptable.;SC;pronoun;that
R321;6;The product shall be able to display calendar dates and times according to the user\92s locale.  90% of survey respondents from each target market country will find that the date and time formatting of the product is correct.;US;vague;able to
R321;6;The product shall be able to display calendar dates and times according to the user\92s locale.  90% of survey respondents from each target market country will find that the date and time formatting of the product is correct.;US;plurals;dates
R321;6;The product shall be able to display calendar dates and times according to the user\92s locale.  90% of survey respondents from each target market country will find that the date and time formatting of the product is correct.;US;vague;and
R321;6;The product shall be able to display calendar dates and times according to the user\92s locale.  90% of survey respondents from each target market country will find that the date and time formatting of the product is correct.;US;plurals;respondents
R321;6;The product shall be able to display calendar dates and times according to the user\92s locale.  90% of survey respondents from each target market country will find that the date and time formatting of the product is correct.;US;weak_1;will
R321;6;The product shall be able to display calendar dates and times according to the user\92s locale.  90% of survey respondents from each target market country will find that the date and time formatting of the product is correct.;US;pronoun;that
R322;6;The product must be developed with the J2SE/J2EE programming language libraries;O;plurals;libraries
R323;6;The product shall record meeting entries.;F;plurals;entries
R324;6;The product will notify employees of meeting invitations.;F;weak_1;will
R324;6;The product will notify employees of meeting invitations.;F;plurals;employees
R324;6;The product will notify employees of meeting invitations.;F;plurals;invitations
R325;6;The product shall have the ability to send meeting reminders to employees.;F;plurals;reminders
R325;6;The product shall have the ability to send meeting reminders to employees.;F;plurals;employees
R326;6;The product shall assign the organizers contact information to each meeting they create.;F;plurals;organizers
R326;6;The product shall assign the organizers contact information to each meeting they create.;F;pronoun;they
R327;6;The product will record meeting acknowledgements.;F;weak_1;will
R328;6;The product shall store new conference rooms.;F;plurals;rooms
R329;6;The product shall update existing conference rooms.;F;vague;existing
R329;6;The product shall update existing conference rooms.;F;plurals;rooms
R330;6;The product will be able to delete conference rooms.;F;vague;able to
R330;6;The product will be able to delete conference rooms.;F;weak_1;will
R330;6;The product will be able to delete conference rooms.;F;plurals;rooms
R331;6;The product shall be able to store new room equipment.;F;vague;able to
R332;6;The product will update existing room equipment.;F;weak_1;will
R332;6;The product will update existing room equipment.;F;vague;existing
R333;6;The product shall be able to delete room equipment.;F;vague;able to
R334;6;The product shall allow an organizer to invite other employees to meetings.;F;plurals;employees
R334;6;The product shall allow an organizer to invite other employees to meetings.;F;plurals;meetings
R335;6; Each time a conference room is reserved  the conference room schedule shall be updated to reflect the time and date of the reservation.;F;vague;and
R336;6;The product shall record the transportation status of equipment reserved.;F;NULL;NULL
R337;6;The product shall display a map of the company building showing conference room locations.;F;plurals;locations
R338;6;The product shall record updated meeting agendas.;F;plurals;agendas
R339;6;The product shall send a meeting confirmation to the meeting organizer.;F;NULL;NULL
R340;6;The product shall display room equipment according to search parameters.;F;plurals;parameters
R341;6;The product shall display conference rooms according to search parameters.;F;plurals;rooms
R341;6;The product shall display conference rooms according to search parameters.;F;plurals;parameters
R342;6;The product shall record different meeting types.;F;plurals;types
R343;6;The product shall record all the equipment that has been reserved.;F;qualifier;all
R343;6;The product shall record all the equipment that has been reserved.;F;pronoun;that
R344;6;The product shall notify building personnel of equipment transport requests.;F;plurals;personnel
R344;6;The product shall notify building personnel of equipment transport requests.;F;plurals;requests
R345;6;The product will allow priviledged users to view meeting schedules in multiple reporting views.;F;weak_1;will
R345;6;The product will allow priviledged users to view meeting schedules in multiple reporting views.;F;plurals;users
R345;6;The product will allow priviledged users to view meeting schedules in multiple reporting views.;F;plurals;schedules
R346;6;The product shall be able to send meeting notifications via different kinds of end-user specified methods.;F;vague;able to
R346;6;The product shall be able to send meeting notifications via different kinds of end-user specified methods.;F;plurals;kinds
R346;6;The product shall be able to send meeting notifications via different kinds of end-user specified methods.;F;plurals;methods
R347;6;The product shall have a customizable Look and Feel.;F;vague;and
R348;6;The product shall have an intuitive user interface.;F;NULL;NULL
R349;6;The product will display an available status for unreserved conference rooms.;F;weak_1;will
R349;6;The product will display an available status for unreserved conference rooms.;F;plurals;rooms
R350;7;Recreation of Inventory Quantity Adjustment for the period of previous 30 days shall take no more than 30min.;PE;vague;more
R351;7;The System shall allow for a minimum of  6 users to work at the same time.;PE;vague;minimum
R351;7;The System shall allow for a minimum of  6 users to work at the same time.;PE;plurals;users
R352;7;The System shall utilize currently owned computer equipment.;O;NULL;NULL
R353;7;The System shall be able to automatically backup business data and restore them on demand.;O;vague;able to
R353;7;The System shall be able to automatically backup business data and restore them on demand.;O;vague;and
R353;7;The System shall be able to automatically backup business data and restore them on demand.;O;pronoun;them
R354;7;The System shall maintain consistent security.  Any changes in user passwords and/or permissions should take affect in all parts of the System.;SE;vague;consistent
R354;7;The System shall maintain consistent security.  Any changes in user passwords and/or permissions should take affect in all parts of the System.;SE;qualifier;Any
R354;7;The System shall maintain consistent security.  Any changes in user passwords and/or permissions should take affect in all parts of the System.;SE;plurals;changes
R354;7;The System shall maintain consistent security.  Any changes in user passwords and/or permissions should take affect in all parts of the System.;SE;plurals;passwords
R354;7;The System shall maintain consistent security.  Any changes in user passwords and/or permissions should take affect in all parts of the System.;SE;weak_1;should
R354;7;The System shall maintain consistent security.  Any changes in user passwords and/or permissions should take affect in all parts of the System.;SE;qualifier;all
R354;7;The System shall maintain consistent security.  Any changes in user passwords and/or permissions should take affect in all parts of the System.;SE;plurals;parts
R355;7;The System shall granularly control access rights to all major subsystems.  It should be possible to assign access rights to all subsystems independently.;SE;qualifier;all
R355;7;The System shall granularly control access rights to all major subsystems.  It should be possible to assign access rights to all subsystems independently.;SE;plurals;subsystems
R355;7;The System shall granularly control access rights to all major subsystems.  It should be possible to assign access rights to all subsystems independently.;SE;pronoun;It
R355;7;The System shall granularly control access rights to all major subsystems.  It should be possible to assign access rights to all subsystems independently.;SE;weak_1;should
R356;7;The System shall meet all applicable accounting standards.  The final version of the System must successfully pass independent audit performed by a certified auditor.;L;qualifier;all
R356;7;The System shall meet all applicable accounting standards.  The final version of the System must successfully pass independent audit performed by a certified auditor.;L;vague;applicable
R356;7;The System shall meet all applicable accounting standards.  The final version of the System must successfully pass independent audit performed by a certified auditor.;L;plurals;standards
R357;7;The System shall not require additional third party licenses resulting in royalty fees.;O;vague;additional
R357;7;The System shall not require additional third party licenses resulting in royalty fees.;O;plurals;licenses
R357;7;The System shall not require additional third party licenses resulting in royalty fees.;O;plurals;fees
R358;7;The System shall allow generation of Inventory Quantity Adjustment documents on demand.;F;plurals;documents
R359;7;The System shall allow on demand generation of all Inventory Quantity Adjustment documents since certain point of time.;F;qualifier;all
R359;7;The System shall allow on demand generation of all Inventory Quantity Adjustment documents since certain point of time.;F;plurals;documents
R359;7;The System shall allow on demand generation of all Inventory Quantity Adjustment documents since certain point of time.;F;vague;certain
R360;7;The IQA subsystem shall take into account current inventory status and adjust inventory of substitutionary ingredients accordingly.;F;vague;and
R360;7;The IQA subsystem shall take into account current inventory status and adjust inventory of substitutionary ingredients accordingly.;F;plurals;ingredients
R361;7;The System shall allow entering  storing and modifying product formulas.;F;vague;and
R361;7;The System shall allow entering  storing and modifying product formulas.;F;plurals;formulas
R362;7;Product formulas shall allow use of semi-products  which have own formulas.;F;plurals;formulas
R362;7;Product formulas shall allow use of semi-products  which have own formulas.;F;plurals;products
R362;7;Product formulas shall allow use of semi-products  which have own formulas.;F;pronoun;which
R363;7;Product formula ingredients shall allow defining substitutionary ingredients.;F;plurals;ingredients
R364;7;Product formula substitutionary ingredients shall be entered automatically by the PFE subsystem.;F;plurals;ingredients
R365;7;Formula substitutionary ingredients shall be kept in persisted order;F;plurals;ingredients
R366;7;Product shall allow entering  storing and modifying product menus used by POS terminals.;F;vague;and
R366;7;Product shall allow entering  storing and modifying product menus used by POS terminals.;F;plurals;menus
R366;7;Product shall allow entering  storing and modifying product menus used by POS terminals.;F;plurals;terminals
R367;7;PME Subsystem shall allow building product menus based on the list of products kept in the accounting system.;F;plurals;menus
R367;7;PME Subsystem shall allow building product menus based on the list of products kept in the accounting system.;F;plurals;products
R368;7;PME Subsystem shall allow keeping submenus within menus and products within submenus in a managed and persisted order.;F;plurals;menus
R368;7;PME Subsystem shall allow keeping submenus within menus and products within submenus in a managed and persisted order.;F;vague;and
R368;7;PME Subsystem shall allow keeping submenus within menus and products within submenus in a managed and persisted order.;F;plurals;products
R369;7;PME Subsystem shall allow for a product to exist in more than one submenu;F;vague;exist in
R369;7;PME Subsystem shall allow for a product to exist in more than one submenu;F;vague;more
R370;7;The RMS System shall have Windows XP look and feel and use GUI futures making its use intuitive.;F;plurals;Windows
R370;7;The RMS System shall have Windows XP look and feel and use GUI futures making its use intuitive.;F;vague;and
R370;7;The RMS System shall have Windows XP look and feel and use GUI futures making its use intuitive.;F;plurals;futures
R370;7;The RMS System shall have Windows XP look and feel and use GUI futures making its use intuitive.;F;pronoun;its
R371;7;The System shall generate Inventory Quantity Adjustment document based on product daily sales data and product formulas.;F;plurals;sales
R371;7;The System shall generate Inventory Quantity Adjustment document based on product daily sales data and product formulas.;F;vague;and
R371;7;The System shall generate Inventory Quantity Adjustment document based on product daily sales data and product formulas.;F;plurals;formulas
R372;7;The System shall generate Inventory Quantity Adjustment document automatically when daily Product Sales data is available.;F;plurals;Sales
R373;8;Administrator shall be able to activate a pre-paid card via the Administration section in under 5 seconds.;PE;vague;able to
R374;8; Customer shall be able to check the status of their prepaid card  by entering in the PIN number  in under 5 seconds.;PE;vague;able to
R374;8; Customer shall be able to check the status of their prepaid card  by entering in the PIN number  in under 5 seconds.;PE;pronoun;their
R375;8;System shall let customers register on the website as a \93pay as you go\94 user in under 5 minutes.;PE;plurals;customers
R375;8;System shall let customers register on the website as a \93pay as you go\94 user in under 5 minutes.;PE;pronoun;you
R376;8;System shall let customers register on the website as a \93unlimited movie subscriber\94 user in under 10 minutes.;PE;plurals;customers
R377;8;System shall let existing customers log into the website with their email address and password in under 5 seconds.;PE;vague;existing
R377;8;System shall let existing customers log into the website with their email address and password in under 5 seconds.;PE;plurals;customers
R377;8;System shall let existing customers log into the website with their email address and password in under 5 seconds.;PE;pronoun;their
R377;8;System shall let existing customers log into the website with their email address and password in under 5 seconds.;PE;vague;and
R378;8;System shall let customers cancel their account  process shall take no longer than 2 minutes.  Database will mark the account as inactive  and user will not be able to log into the website.;PE;vague;able to
R378;8;System shall let customers cancel their account  process shall take no longer than 2 minutes.  Database will mark the account as inactive  and user will not be able to log into the website.;PE;plurals;customers
R378;8;System shall let customers cancel their account  process shall take no longer than 2 minutes.  Database will mark the account as inactive  and user will not be able to log into the website.;PE;pronoun;their
R378;8;System shall let customers cancel their account  process shall take no longer than 2 minutes.  Database will mark the account as inactive  and user will not be able to log into the website.;PE;weak_1;will
R378;8;System shall let customers cancel their account  process shall take no longer than 2 minutes.  Database will mark the account as inactive  and user will not be able to log into the website.;PE;vague;and
R379;8;System shall let administrator de-activate a customer account in under 1 minute. Customer will no longer be able to access the website.;PE;vague;able to
R379;8;System shall let administrator de-activate a customer account in under 1 minute. Customer will no longer be able to access the website.;PE;weak_1;will
R380;8;System shall let administrator add/remove movies on the website in under 5 minutes.  Entered movie information will be stored in the database and will now be available on the website.;PE;plurals;movies
R380;8;System shall let administrator add/remove movies on the website in under 5 minutes.  Entered movie information will be stored in the database and will now be available on the website.;PE;weak_1;will
R380;8;System shall let administrator add/remove movies on the website in under 5 minutes.  Entered movie information will be stored in the database and will now be available on the website.;PE;vague;and
R381;8;System shall let the administrator add/remove categories on the website in under 5 minutes.;PE;plurals;categories
R382;8;System shall let Izogn Manager access sales and usage statistics in under 2 minutes.;PE;plurals;sales
R382;8;System shall let Izogn Manager access sales and usage statistics in under 2 minutes.;PE;vague;and
R382;8;System shall let Izogn Manager access sales and usage statistics in under 2 minutes.;PE;plurals;statistics
R383;8;System shall let administrators generate unique pre-paid pins in under 2 minutes and generate an Excel file with the generated PINs.;PE;plurals;administrators
R383;8;System shall let administrators generate unique pre-paid pins in under 2 minutes and generate an Excel file with the generated PINs.;PE;plurals;pins
R383;8;System shall let administrators generate unique pre-paid pins in under 2 minutes and generate an Excel file with the generated PINs.;PE;vague;and
R383;8;System shall let administrators generate unique pre-paid pins in under 2 minutes and generate an Excel file with the generated PINs.;PE;plurals;PINs
R384;8;The website shall be attractive to all audiences.  The website shall appear to be fun and the colors should be bright and vibrant.;LF;qualifier;all
R384;8;The website shall be attractive to all audiences.  The website shall appear to be fun and the colors should be bright and vibrant.;LF;plurals;audiences
R384;8;The website shall be attractive to all audiences.  The website shall appear to be fun and the colors should be bright and vibrant.;LF;vague;and
R384;8;The website shall be attractive to all audiences.  The website shall appear to be fun and the colors should be bright and vibrant.;LF;plurals;colors
R384;8;The website shall be attractive to all audiences.  The website shall appear to be fun and the colors should be bright and vibrant.;LF;weak_1;should
R385;8;The website should have an African feel  but should not alienate non-Africans.  The website should use animation on pages which are describing the services  to grab the users attention and encourage them to sign up.;LF;weak_1;should
R385;8;The website should have an African feel  but should not alienate non-Africans.  The website should use animation on pages which are describing the services  to grab the users attention and encourage them to sign up.;LF;vague;but
R385;8;The website should have an African feel  but should not alienate non-Africans.  The website should use animation on pages which are describing the services  to grab the users attention and encourage them to sign up.;LF;plurals;Africans
R385;8;The website should have an African feel  but should not alienate non-Africans.  The website should use animation on pages which are describing the services  to grab the users attention and encourage them to sign up.;LF;plurals;pages
R385;8;The website should have an African feel  but should not alienate non-Africans.  The website should use animation on pages which are describing the services  to grab the users attention and encourage them to sign up.;LF;pronoun;which
R385;8;The website should have an African feel  but should not alienate non-Africans.  The website should use animation on pages which are describing the services  to grab the users attention and encourage them to sign up.;LF;plurals;services
R385;8;The website should have an African feel  but should not alienate non-Africans.  The website should use animation on pages which are describing the services  to grab the users attention and encourage them to sign up.;LF;plurals;users
R385;8;The website should have an African feel  but should not alienate non-Africans.  The website should use animation on pages which are describing the services  to grab the users attention and encourage them to sign up.;LF;vague;and
R385;8;The website should have an African feel  but should not alienate non-Africans.  The website should use animation on pages which are describing the services  to grab the users attention and encourage them to sign up.;LF;pronoun;them
R386;8;The website design should be modern  clean  and concise.;LF;weak_1;should
R386;8;The website design should be modern  clean  and concise.;LF;vague;and
R387;8;The product should be able to be used by 90% of novice users on the Internet.;US;vague;able to
R387;8;The product should be able to be used by 90% of novice users on the Internet.;US;weak_1;should
R387;8;The product should be able to be used by 90% of novice users on the Internet.;US;plurals;users
R388;8;Users should only have to navigate through a maximum of 4 pages  to create an account with the website.;US;plurals;Users
R388;8;Users should only have to navigate through a maximum of 4 pages  to create an account with the website.;US;weak_1;should
R388;8;Users should only have to navigate through a maximum of 4 pages  to create an account with the website.;US;vague;only
R388;8;Users should only have to navigate through a maximum of 4 pages  to create an account with the website.;US;vague;maximum
R388;8;Users should only have to navigate through a maximum of 4 pages  to create an account with the website.;US;plurals;pages
R389;8;Users should be able to access their streaming movies in under 2 clicks after logging into the website.;US;vague;able to
R389;8;Users should be able to access their streaming movies in under 2 clicks after logging into the website.;US;plurals;Users
R389;8;Users should be able to access their streaming movies in under 2 clicks after logging into the website.;US;weak_1;should
R389;8;Users should be able to access their streaming movies in under 2 clicks after logging into the website.;US;pronoun;their
R389;8;Users should be able to access their streaming movies in under 2 clicks after logging into the website.;US;plurals;movies
R389;8;Users should be able to access their streaming movies in under 2 clicks after logging into the website.;US;plurals;clicks
R390;8;An anonymous survey will show that 70% of customers are comfortable purchasing streaming movies after 2 weeks using the website.;US;weak_1;will
R390;8;An anonymous survey will show that 70% of customers are comfortable purchasing streaming movies after 2 weeks using the website.;US;pronoun;that
R390;8;An anonymous survey will show that 70% of customers are comfortable purchasing streaming movies after 2 weeks using the website.;US;plurals;customers
R390;8;An anonymous survey will show that 70% of customers are comfortable purchasing streaming movies after 2 weeks using the website.;US;plurals;movies
R391;8;An anonymous survey will show that 95% of customers are comfortable using and purchasing pre-paid cards after a month of using the system.;US;weak_1;will
R391;8;An anonymous survey will show that 95% of customers are comfortable using and purchasing pre-paid cards after a month of using the system.;US;pronoun;that
R391;8;An anonymous survey will show that 95% of customers are comfortable using and purchasing pre-paid cards after a month of using the system.;US;plurals;customers
R391;8;An anonymous survey will show that 95% of customers are comfortable using and purchasing pre-paid cards after a month of using the system.;US;vague;and
R391;8;An anonymous survey will show that 95% of customers are comfortable using and purchasing pre-paid cards after a month of using the system.;US;plurals;cards
R392;8;The product shall retain the customer\92s buying preferences and information.;US;plurals;preferences
R392;8;The product shall retain the customer\92s buying preferences and information.;US;vague;and
R393;8;The product shall be easy for customers with novice skills on the  Internet to purchase and watch streaming movies.  Customers should be able to purchase and watch a pre-determined movie in under 3 minutes.;US;vague;able to
R393;8;The product shall be easy for customers with novice skills on the  Internet to purchase and watch streaming movies.  Customers should be able to purchase and watch a pre-determined movie in under 3 minutes.;US;vague;easy
R393;8;The product shall be easy for customers with novice skills on the  Internet to purchase and watch streaming movies.  Customers should be able to purchase and watch a pre-determined movie in under 3 minutes.;US;plurals;customers
R393;8;The product shall be easy for customers with novice skills on the  Internet to purchase and watch streaming movies.  Customers should be able to purchase and watch a pre-determined movie in under 3 minutes.;US;plurals;skills
R393;8;The product shall be easy for customers with novice skills on the  Internet to purchase and watch streaming movies.  Customers should be able to purchase and watch a pre-determined movie in under 3 minutes.;US;vague;and
R393;8;The product shall be easy for customers with novice skills on the  Internet to purchase and watch streaming movies.  Customers should be able to purchase and watch a pre-determined movie in under 3 minutes.;US;plurals;movies
R393;8;The product shall be easy for customers with novice skills on the  Internet to purchase and watch streaming movies.  Customers should be able to purchase and watch a pre-determined movie in under 3 minutes.;US;plurals;Customers
R393;8;The product shall be easy for customers with novice skills on the  Internet to purchase and watch streaming movies.  Customers should be able to purchase and watch a pre-determined movie in under 3 minutes.;US;weak_1;should
R394;8;The product shall use symbols and words that are naturally understandable by users familiar with websites;US;plurals;symbols
R394;8;The product shall use symbols and words that are naturally understandable by users familiar with websites;US;vague;and
R394;8;The product shall use symbols and words that are naturally understandable by users familiar with websites;US;plurals;words
R394;8;The product shall use symbols and words that are naturally understandable by users familiar with websites;US;pronoun;that
R394;8;The product shall use symbols and words that are naturally understandable by users familiar with websites;US;vague;understandable
R394;8;The product shall use symbols and words that are naturally understandable by users familiar with websites;US;plurals;users
R394;8;The product shall use symbols and words that are naturally understandable by users familiar with websites;US;plurals;websites
R395;8;The website will use standard Internet conventions when interacting with the user.;US;weak_1;will
R395;8;The website will use standard Internet conventions when interacting with the user.;US;plurals;conventions
R396;8;Any interface between a user and the automated system shall have a maximum response time of 5 seconds  unless noted by an exception below.;PE;qualifier;Any
R396;8;Any interface between a user and the automated system shall have a maximum response time of 5 seconds  unless noted by an exception below.;PE;vague;and
R396;8;Any interface between a user and the automated system shall have a maximum response time of 5 seconds  unless noted by an exception below.;PE;vague;maximum
R396;8;Any interface between a user and the automated system shall have a maximum response time of 5 seconds  unless noted by an exception below.;PE;vague;unless
R396;8;Any interface between a user and the automated system shall have a maximum response time of 5 seconds  unless noted by an exception below.;PE;directive;noted
R396;8;Any interface between a user and the automated system shall have a maximum response time of 5 seconds  unless noted by an exception below.;PE;continuance;below
R397;8;When purchasing a streaming movie or pre-paid card via credit card  the processing time should have a maximum response time of 15 seconds.;PE;optional;or
R397;8;When purchasing a streaming movie or pre-paid card via credit card  the processing time should have a maximum response time of 15 seconds.;PE;weak_1;should
R397;8;When purchasing a streaming movie or pre-paid card via credit card  the processing time should have a maximum response time of 15 seconds.;PE;vague;maximum
R398;8;When streaming a movie  the buffering time should take no longer than 10 seconds (plus any latency on the user\92s connection.);PE;weak_1;should
R398;8;When streaming a movie  the buffering time should take no longer than 10 seconds (plus any latency on the user\92s connection.);PE;vague;(
R398;8;When streaming a movie  the buffering time should take no longer than 10 seconds (plus any latency on the user\92s connection.);PE;qualifier;any
R399;8;While streaming a movie  buffering should only occur if there is latency in the user\92s connection.;PE;vague;there is
R399;8;While streaming a movie  buffering should only occur if there is latency in the user\92s connection.;PE;weak_1;should
R399;8;While streaming a movie  buffering should only occur if there is latency in the user\92s connection.;PE;vague;only
R400;8;All credit card information will be secured on the server  and only accessible by authorized Izogn administrators.  Information will be encrypted in the database.;SE;qualifier;All
R400;8;All credit card information will be secured on the server  and only accessible by authorized Izogn administrators.  Information will be encrypted in the database.;SE;weak_1;will
R400;8;All credit card information will be secured on the server  and only accessible by authorized Izogn administrators.  Information will be encrypted in the database.;SE;vague;secured
R400;8;All credit card information will be secured on the server  and only accessible by authorized Izogn administrators.  Information will be encrypted in the database.;SE;vague;and
R400;8;All credit card information will be secured on the server  and only accessible by authorized Izogn administrators.  Information will be encrypted in the database.;SE;vague;only
R400;8;All credit card information will be secured on the server  and only accessible by authorized Izogn administrators.  Information will be encrypted in the database.;SE;plurals;administrators
R401;8;The website shall be available for use 24 hours per day  365 days per year.;A;NULL;NULL
R402;8;The website shall achieve 99.5% up time.;A;NULL;NULL
R403;8;All movies shall be streamed on demand  at any time of the day.;A;qualifier;All
R403;8;All movies shall be streamed on demand  at any time of the day.;A;plurals;movies
R403;8;All movies shall be streamed on demand  at any time of the day.;A;qualifier;any
R404;8;The website shall continue to operate if the streaming server goes down.;FT;NULL;NULL
R405;8;The website shall continue to operate if the payment gateway goes down.;FT;NULL;NULL
R406;8;The streaming server will support 50 simultaneous streaming connections.;SC;weak_1;will
R406;8;The streaming server will support 50 simultaneous streaming connections.;SC;plurals;connections
R407;8;"The streaming server will support a maximum of 700 movies; new servers can be added to support more movies.";SC;weak_1;will
R407;8;"The streaming server will support a maximum of 700 movies; new servers can be added to support more movies.";SC;vague;maximum
R407;8;"The streaming server will support a maximum of 700 movies; new servers can be added to support more movies.";SC;plurals;movies
R407;8;"The streaming server will support a maximum of 700 movies; new servers can be added to support more movies.";SC;vague;";"
R407;8;"The streaming server will support a maximum of 700 movies; new servers can be added to support more movies.";SC;plurals;servers
R407;8;"The streaming server will support a maximum of 700 movies; new servers can be added to support more movies.";SC;weak_1;can
R407;8;"The streaming server will support a maximum of 700 movies; new servers can be added to support more movies.";SC;vague;more
R408;8;The server will support a maximum of 1 000 simultaneous users.;SC;weak_1;will
R408;8;The server will support a maximum of 1 000 simultaneous users.;SC;vague;maximum
R408;8;The server will support a maximum of 1 000 simultaneous users.;SC;plurals;users
R409;8;The website shall be capable of supporting 100 000 customers.;SC;vague;capable of
R409;8;The website shall be capable of supporting 100 000 customers.;SC;plurals;customers
R410;8;The product shall be expected to operate within the maximum maintenance budget for a minimum of 2 years.;MN;vague;maximum
R410;8;The product shall be expected to operate within the maximum maintenance budget for a minimum of 2 years.;MN;vague;minimum
R411;8;All aspects of the website shall be accessed by a web browser over the Internet.;O;qualifier;All
R411;8;All aspects of the website shall be accessed by a web browser over the Internet.;O;plurals;aspects
R412;8;The same hardware supporting the current website will be used to support the new system.;O;weak_1;will
R413;8;We must be able to interface with the following browsers: IE 5.X  6.0  Netscape 6.x  7.x  8.x and Firefox 1.0.;O;vague;able to
R413;8;We must be able to interface with the following browsers: IE 5.X  6.0  Netscape 6.x  7.x  8.x and Firefox 1.0.;O;pronoun;We
R413;8;We must be able to interface with the following browsers: IE 5.X  6.0  Netscape 6.x  7.x  8.x and Firefox 1.0.;O;continuance;following
R413;8;We must be able to interface with the following browsers: IE 5.X  6.0  Netscape 6.x  7.x  8.x and Firefox 1.0.;O;continuance;:
R413;8;We must be able to interface with the following browsers: IE 5.X  6.0  Netscape 6.x  7.x  8.x and Firefox 1.0.;O;vague;and
R414;8;Website must interface with the CyberSource API to process credit card transactions.;O;plurals;transactions
R415;8;Website must be fully operational with MSN TV2.;O;NULL;NULL
R416;8;Movies shall be encoded and streamed via Windows Media Player 9.0.;O;plurals;Movies
R416;8;Movies shall be encoded and streamed via Windows Media Player 9.0.;O;vague;and
R416;8;Movies shall be encoded and streamed via Windows Media Player 9.0.;O;plurals;Windows
R416;8;Movies shall be encoded and streamed via Windows Media Player 9.0.;O;plurals;Media
R417;8;Movies shall be encoded for 56k and 256k streams.;O;plurals;Movies
R417;8;Movies shall be encoded for 56k and 256k streams.;O;vague;and
R417;8;Movies shall be encoded for 56k and 256k streams.;O;plurals;streams
R418;8;Promotional updates to the website should take a day to update.;MN;weak_1;should
R419;8;Izogn Administrator must be able to update the category listings on the website within 2 minutes.;PE;vague;able to
R419;8;Izogn Administrator must be able to update the category listings on the website within 2 minutes.;PE;plurals;listings
R420;8;Izogn Administrator must be able to add new products to the website within 2 minutes.;PE;vague;able to
R420;8;Izogn Administrator must be able to add new products to the website within 2 minutes.;PE;plurals;products
R421;8;The system will provide a 24 hour 800 toll free number for support to its customers.;A;weak_1;will
R421;8;The system will provide a 24 hour 800 toll free number for support to its customers.;A;pronoun;its
R421;8;The system will provide a 24 hour 800 toll free number for support to its customers.;A;plurals;customers
R422;8;The website will provide a help section with answers and solutions to common problems.;US;weak_1;will
R422;8;The website will provide a help section with answers and solutions to common problems.;US;vague;and
R422;8;The website will provide a help section with answers and solutions to common problems.;US;plurals;solutions
R422;8;The website will provide a help section with answers and solutions to common problems.;US;vague;common
R422;8;The website will provide a help section with answers and solutions to common problems.;US;plurals;problems
R423;8;Velkat staff will be available for phone support between 7am-7pm  M-F to provide technical support to the Izogn administrators.;A;weak_1;will
R423;8;Velkat staff will be available for phone support between 7am-7pm  M-F to provide technical support to the Izogn administrators.;A;plurals;administrators
R424;8;The product shall be able to be installed in the specified environment within 1 working day.;O;vague;able to
R425;8;Only registered customers can purchase streaming movies.;SE;vague;Only
R425;8;Only registered customers can purchase streaming movies.;SE;plurals;customers
R425;8;Only registered customers can purchase streaming movies.;SE;weak_1;can
R425;8;Only registered customers can purchase streaming movies.;SE;plurals;movies
R426;8;A customer can only stream a movie if they purchased it  and are within the 2 day viewing period.;SE;weak_1;can
R426;8;A customer can only stream a movie if they purchased it  and are within the 2 day viewing period.;SE;vague;only
R426;8;A customer can only stream a movie if they purchased it  and are within the 2 day viewing period.;SE;pronoun;they
R426;8;A customer can only stream a movie if they purchased it  and are within the 2 day viewing period.;SE;pronoun;it
R426;8;A customer can only stream a movie if they purchased it  and are within the 2 day viewing period.;SE;vague;and
R427;8;Only authorized personnel can access customer records in the database.;SE;vague;Only
R427;8;Only authorized personnel can access customer records in the database.;SE;plurals;personnel
R427;8;Only authorized personnel can access customer records in the database.;SE;weak_1;can
R427;8;Only authorized personnel can access customer records in the database.;SE;plurals;records
R428;8;Only administrators can activate a pre-paid card.;SE;vague;Only
R428;8;Only administrators can activate a pre-paid card.;SE;plurals;administrators
R428;8;Only administrators can activate a pre-paid card.;SE;weak_1;can
R429;8;Only authorized personnel can access sales information.;SE;vague;Only
R429;8;Only authorized personnel can access sales information.;SE;plurals;personnel
R429;8;Only authorized personnel can access sales information.;SE;weak_1;can
R429;8;Only authorized personnel can access sales information.;SE;plurals;sales
R430;8;The website shall prevent its data from being corrupted when incorrect data is entered in.;SE;pronoun;its
R431;8;The website shall protect itself from intentional abuse  and notify the administrator at all occurrences.;SE;pronoun;itself
R431;8;The website shall protect itself from intentional abuse  and notify the administrator at all occurrences.;SE;vague;and
R431;8;The website shall protect itself from intentional abuse  and notify the administrator at all occurrences.;SE;qualifier;all
R431;8;The website shall protect itself from intentional abuse  and notify the administrator at all occurrences.;SE;plurals;occurrences
R432;8;Data integrity scripts will be run on a weekly basis to verify the integrity of the database.;SE;plurals;scripts
R432;8;Data integrity scripts will be run on a weekly basis to verify the integrity of the database.;SE;weak_1;will
R433;8;The website shall make its user aware of its information practices before collection data from them via a Privacy Policy  accessible on all pages of the website.;SE;pronoun;its
R433;8;The website shall make its user aware of its information practices before collection data from them via a Privacy Policy  accessible on all pages of the website.;SE;plurals;practices
R433;8;The website shall make its user aware of its information practices before collection data from them via a Privacy Policy  accessible on all pages of the website.;SE;pronoun;them
R433;8;The website shall make its user aware of its information practices before collection data from them via a Privacy Policy  accessible on all pages of the website.;SE;qualifier;all
R433;8;The website shall make its user aware of its information practices before collection data from them via a Privacy Policy  accessible on all pages of the website.;SE;plurals;pages
R434;8;The system shall notify customers of changes to its information policy.;SE;plurals;customers
R434;8;The system shall notify customers of changes to its information policy.;SE;plurals;changes
R434;8;The system shall notify customers of changes to its information policy.;SE;pronoun;its
R435;8;The system shall reveal private information only in compliance with the organization\92s information policy.;SE;vague;only
R436;8;All customer information will be stored on a secure database  accessible only to authorized personnel.;SE;qualifier;All
R436;8;All customer information will be stored on a secure database  accessible only to authorized personnel.;SE;weak_1;will
R436;8;All customer information will be stored on a secure database  accessible only to authorized personnel.;SE;vague;secure
R436;8;All customer information will be stored on a secure database  accessible only to authorized personnel.;SE;vague;only
R436;8;All customer information will be stored on a secure database  accessible only to authorized personnel.;SE;plurals;personnel
R437;8;All credit card information will be encrypted in the database.;SE;qualifier;All
R437;8;All credit card information will be encrypted in the database.;SE;weak_1;will
R438;8;The streaming server will have anti-virus software to prevent infection of malicious viruses.;SE;weak_1;will
R438;8;The streaming server will have anti-virus software to prevent infection of malicious viruses.;SE;plurals;viruses
R439;8;The website should cater to all tribes in Nigeria.;LF;weak_1;should
R439;8;The website should cater to all tribes in Nigeria.;LF;qualifier;all
R439;8;The website should cater to all tribes in Nigeria.;LF;plurals;tribes
R440;8;The website shall not be offensive to religious or ethnic groups.;LF;optional;or
R440;8;The website shall not be offensive to religious or ethnic groups.;LF;plurals;groups
R441;8;The website should appeal to all Africans  not only Nigerians.;LF;vague;not only
R441;8;The website should appeal to all Africans  not only Nigerians.;LF;weak_1;should
R441;8;The website should appeal to all Africans  not only Nigerians.;LF;qualifier;all
R441;8;The website should appeal to all Africans  not only Nigerians.;LF;plurals;Africans
R441;8;The website should appeal to all Africans  not only Nigerians.;LF;plurals;Nigerians
R442;8;The website should use Flash to provide animation on the home page.;O;weak_1;should
R443;8;IzognMovies shall meet the licensing requirements set forth by the appropriate organizations in order to stream African movies.;L;plurals;requirements
R443;8;IzognMovies shall meet the licensing requirements set forth by the appropriate organizations in order to stream African movies.;L;plurals;organizations
R443;8;IzognMovies shall meet the licensing requirements set forth by the appropriate organizations in order to stream African movies.;L;plurals;movies
R444;8;The website will comply with W3C standards.;L;weak_1;will
R444;8;The website will comply with W3C standards.;L;plurals;standards
R445;8;The PHP code will comply with PEAR standards.;L;weak_1;will
R445;8;The PHP code will comply with PEAR standards.;L;plurals;standards
R446;8;The website will allow customers to search for movies by title  actor  or director.;F;weak_1;will
R446;8;The website will allow customers to search for movies by title  actor  or director.;F;plurals;customers
R446;8;The website will allow customers to search for movies by title  actor  or director.;F;plurals;movies
R446;8;The website will allow customers to search for movies by title  actor  or director.;F;optional;or
R447;8;viewing a movie details the website will display the movies description actor and director entered in by the administrator.;F;plurals;details
R447;8;viewing a movie details the website will display the movies description actor and director entered in by the administrator.;F;weak_1;will
R447;8;viewing a movie details the website will display the movies description actor and director entered in by the administrator.;F;plurals;movies
R447;8;viewing a movie details the website will display the movies description actor and director entered in by the administrator.;F;vague;and
R448;8;Website shall request  and authorize credit card payment before allowing a user to stream a movie.;F;vague;and
R449;8;shall be able to stream purchased movie via Windows Media Player  for up to 2 days aftere purchase date.;F;vague;able to
R449;8;shall be able to stream purchased movie via Windows Media Player  for up to 2 days aftere purchase date.;F;plurals;Windows
R449;8;shall be able to stream purchased movie via Windows Media Player  for up to 2 days aftere purchase date.;F;plurals;Media
R450;8;Website shall allow customers to browse movies by categories entered in by izogn administrator.;F;plurals;customers
R450;8;Website shall allow customers to browse movies by categories entered in by izogn administrator.;F;plurals;movies
R450;8;Website shall allow customers to browse movies by categories entered in by izogn administrator.;F;plurals;categories
R451;8;Website shall allow customers to view reviews of selected movies by other customers.;F;plurals;customers
R451;8;Website shall allow customers to view reviews of selected movies by other customers.;F;plurals;reviews
R451;8;Website shall allow customers to view reviews of selected movies by other customers.;F;plurals;movies
R452;8;Website shall allow customers to add their own movie review for a selected movie.;F;plurals;customers
R452;8;Website shall allow customers to add their own movie review for a selected movie.;F;pronoun;their
R453;8;Website shall allow the Izogn administrator to approve a review posted by a customer.;F;NULL;NULL
R454;8;System will allow customers to pay for a streaming movie with a pre-paid card.;F;weak_1;will
R454;8;System will allow customers to pay for a streaming movie with a pre-paid card.;F;plurals;customers
R455;8;Website shall allow customers to purchase pre-paid cards of $5  $10  or $20 value either by credit card or mail-in payment option.;F;plurals;customers
R455;8;Website shall allow customers to purchase pre-paid cards of $5  $10  or $20 value either by credit card or mail-in payment option.;F;plurals;cards
R455;8;Website shall allow customers to purchase pre-paid cards of $5  $10  or $20 value either by credit card or mail-in payment option.;F;optional;or
R455;8;Website shall allow customers to purchase pre-paid cards of $5  $10  or $20 value either by credit card or mail-in payment option.;F;optional;either
R456;8;System shall automatically update the main page of the website every Friday  and show the 4 latest movies that have been added to the website.;F;vague;and
R456;8;System shall automatically update the main page of the website every Friday  and show the 4 latest movies that have been added to the website.;F;plurals;movies
R456;8;System shall automatically update the main page of the website every Friday  and show the 4 latest movies that have been added to the website.;F;pronoun;that
R457;8;System shall allow users to update their billing and contact information via the \93My Account\94 section of the website.;F;plurals;users
R457;8;System shall allow users to update their billing and contact information via the \93My Account\94 section of the website.;F;pronoun;their
R457;8;System shall allow users to update their billing and contact information via the \93My Account\94 section of the website.;F;vague;and
R458;8;Pre-paid cards shall be distributed via email or via a printed paper card.;F;plurals;cards
R458;8;Pre-paid cards shall be distributed via email or via a printed paper card.;F;optional;or
R459;8;Movies can only be streamed if the customer has purchased a movie  and is within the 2-day time period to stream the movie.;F;plurals;Movies
R459;8;Movies can only be streamed if the customer has purchased a movie  and is within the 2-day time period to stream the movie.;F;weak_1;can
R459;8;Movies can only be streamed if the customer has purchased a movie  and is within the 2-day time period to stream the movie.;F;vague;only
R459;8;Movies can only be streamed if the customer has purchased a movie  and is within the 2-day time period to stream the movie.;F;vague;and
R460;8;Website must be able to support free trial periods with various parameters set by the Izogn Manager.;F;vague;able to
R460;8;Website must be able to support free trial periods with various parameters set by the Izogn Manager.;F;vague;various
R460;8;Website must be able to support free trial periods with various parameters set by the Izogn Manager.;F;plurals;parameters
R461;8;All streaming movie sales will be logged in the database  and accessible by the administrator.;F;qualifier;All
R461;8;All streaming movie sales will be logged in the database  and accessible by the administrator.;F;plurals;sales
R461;8;All streaming movie sales will be logged in the database  and accessible by the administrator.;F;weak_1;will
R461;8;All streaming movie sales will be logged in the database  and accessible by the administrator.;F;vague;and
R462;8;All registered customer information shall be stored and maintained in the database  even after the customer cancels their account.;F;qualifier;All
R462;8;All registered customer information shall be stored and maintained in the database  even after the customer cancels their account.;F;vague;and
R462;8;All registered customer information shall be stored and maintained in the database  even after the customer cancels their account.;F;pronoun;their
R463;8;Daily usage statistics should be logged  and accessible by the administrator.;F;plurals;statistics
R463;8;Daily usage statistics should be logged  and accessible by the administrator.;F;weak_1;should
R463;8;Daily usage statistics should be logged  and accessible by the administrator.;F;vague;and
R464;8;The owner shall have free access to all of the streaming movies.;F;qualifier;all
R464;8;The owner shall have free access to all of the streaming movies.;F;plurals;movies
R465;9;"Total lead cycle time must be completed in 5 minutes for 90% of lead volume between the business hours of 8AM CST to 8PM CST; then 3 minutes for 99% of lead volume during off business hours.";PE;vague;";"
R466;9;No lead evaluation will complete in a time period longer than 25 seconds for 97% of all leads processed.;PE;weak_1;will
R466;9;No lead evaluation will complete in a time period longer than 25 seconds for 97% of all leads processed.;PE;qualifier;all
R466;9;No lead evaluation will complete in a time period longer than 25 seconds for 97% of all leads processed.;PE;plurals;leads
R467;9;For leads that process longer than 25 seconds the system will record the event and duration;PE;plurals;leads
R467;9;For leads that process longer than 25 seconds the system will record the event and duration;PE;pronoun;that
R467;9;For leads that process longer than 25 seconds the system will record the event and duration;PE;weak_1;will
R467;9;For leads that process longer than 25 seconds the system will record the event and duration;PE;vague;and
R468;9;The process must fit within the processing time conditions set forth by the Auto Rep Assignment process in which a lead is assigned within 3 minutes of the total life cycle.;PE;pronoun;which
R469;9;The lead washing process will operate within the established physical web service structure.;O;weak_1;will
R469;9;The lead washing process will operate within the established physical web service structure.;O;vague;physical
R470;9;The washing process must use a non binding  neutral data format  such as xml  when receiving and processing lead data.;O;vague;neutral
R470;9;The washing process must use a non binding  neutral data format  such as xml  when receiving and processing lead data.;O;vague;and
R471;9;Defect reports will be available to technical units on a 24x7 basis.;A;plurals;reports
R471;9;Defect reports will be available to technical units on a 24x7 basis.;A;weak_1;will
R471;9;Defect reports will be available to technical units on a 24x7 basis.;A;plurals;units
R472;9;Washing parameters will be updated during scheduled maintenance hours.;MN;plurals;parameters
R472;9;Washing parameters will be updated during scheduled maintenance hours.;MN;weak_1;will
R473;9;The vendor will verify the invalid lead.;F;weak_1;will
R474;9;Vendor will submit a credit validation record to be applied to the enterprise billing system.;F;weak_1;will
R475;9;If a lead is scored to the high range the system will supply the lead data and score to the enterprise system.;F;weak_1;will
R475;9;If a lead is scored to the high range the system will supply the lead data and score to the enterprise system.;F;vague;and
R476;9;The leads washing functionality will validate all leads received by the web service for valid data;F;plurals;leads
R476;9;The leads washing functionality will validate all leads received by the web service for valid data;F;weak_1;will
R476;9;The leads washing functionality will validate all leads received by the web service for valid data;F;qualifier;all
R477;9;The leads washing functionality will insert all leads captured by the web service.;F;plurals;leads
R477;9;The leads washing functionality will insert all leads captured by the web service.;F;weak_1;will
R477;9;The leads washing functionality will insert all leads captured by the web service.;F;qualifier;all
R478;9;If the leads score falls within the high average score then it will be process by the ARA functionality.;F;plurals;leads
R478;9;If the leads score falls within the high average score then it will be process by the ARA functionality.;F;pronoun;it
R478;9;If the leads score falls within the high average score then it will be process by the ARA functionality.;F;weak_1;will
R479;9;If the leads score falls within the medium average then it will be set for manual verification by an Enrollment Coordinator through the eleads system.;F;plurals;leads
R479;9;If the leads score falls within the medium average then it will be set for manual verification by an Enrollment Coordinator through the eleads system.;F;pronoun;it
R479;9;If the leads score falls within the medium average then it will be set for manual verification by an Enrollment Coordinator through the eleads system.;F;weak_1;will
R480;9;If the leads score falls within the low average then it will be returned to the supplying vendor;F;plurals;leads
R480;9;If the leads score falls within the low average then it will be returned to the supplying vendor;F;pronoun;it
R480;9;If the leads score falls within the low average then it will be returned to the supplying vendor;F;weak_1;will
R481;9;The leads washing functionality will compile both contact and academic scoring information for a total score.;F;plurals;leads
R481;9;The leads washing functionality will compile both contact and academic scoring information for a total score.;F;weak_1;will
R481;9;The leads washing functionality will compile both contact and academic scoring information for a total score.;F;vague;both
R481;9;The leads washing functionality will compile both contact and academic scoring information for a total score.;F;vague;and
R482;9;The leads washing functionality will use the parameters supplied by corporate and schools to score part of the lead.;F;plurals;leads
R482;9;The leads washing functionality will use the parameters supplied by corporate and schools to score part of the lead.;F;weak_1;will
R482;9;The leads washing functionality will use the parameters supplied by corporate and schools to score part of the lead.;F;plurals;parameters
R482;9;The leads washing functionality will use the parameters supplied by corporate and schools to score part of the lead.;F;vague;and
R482;9;The leads washing functionality will use the parameters supplied by corporate and schools to score part of the lead.;F;plurals;schools
R483;9;The leads washing functionality will return the lead data supplied to the vendor along with the reason of rejection.;F;plurals;leads
R483;9;The leads washing functionality will return the lead data supplied to the vendor along with the reason of rejection.;F;weak_1;will
R484;9;The leads washing functionality will have an interface in which lead data parameters can be maintained.;F;plurals;leads
R484;9;The leads washing functionality will have an interface in which lead data parameters can be maintained.;F;weak_1;will
R484;9;The leads washing functionality will have an interface in which lead data parameters can be maintained.;F;pronoun;which
R484;9;The leads washing functionality will have an interface in which lead data parameters can be maintained.;F;plurals;parameters
R484;9;The leads washing functionality will have an interface in which lead data parameters can be maintained.;F;weak_1;can
R485;9;The leads washing functionality will verify the users authentication and rights to make parameter updates.;F;plurals;leads
R485;9;The leads washing functionality will verify the users authentication and rights to make parameter updates.;F;weak_1;will
R485;9;The leads washing functionality will verify the users authentication and rights to make parameter updates.;F;plurals;users
R485;9;The leads washing functionality will verify the users authentication and rights to make parameter updates.;F;vague;and
R486;9;The leads washing functionality will store any potential lead duplicates returned by the enterprise system.;F;plurals;leads
R486;9;The leads washing functionality will store any potential lead duplicates returned by the enterprise system.;F;weak_1;will
R486;9;The leads washing functionality will store any potential lead duplicates returned by the enterprise system.;F;qualifier;any
R486;9;The leads washing functionality will store any potential lead duplicates returned by the enterprise system.;F;plurals;duplicates
R487;9;Prior to submitting the lead to the enterprise system the leads washing functionality will assign the lead to an admissions rep.;F;plurals;leads
R487;9;Prior to submitting the lead to the enterprise system the leads washing functionality will assign the lead to an admissions rep.;F;weak_1;will
R487;9;Prior to submitting the lead to the enterprise system the leads washing functionality will assign the lead to an admissions rep.;F;plurals;admissions
R488;9;The leads washing functionality shall receive a period list of available reps from the enterprise system.;F;plurals;leads
R489;10;The product shall simulate the look of ships at sea.;LF;plurals;ships
R490;10;The product shall display the grids within a circle as a view from a periscope.;LF;plurals;grids
R491;10;The product shall display each type of ship in a grid using an image of the specific type of ship.;LF;vague;specific
R492;10;When the offensive player takes a shot  the product shall simulate the sound of a ship at sea.;LF;NULL;NULL
R493;10;When a shot is marked as a miss  the product shall simulate the sound of a shot missing its target.;LF;pronoun;its
R494;10;When a shot is marked as a hit  the product shall simulate the sound of a shot hitting its target.;LF;pronoun;its
R495;10;When a ship is sunk  the product shall simulate the sound of a sinking ship.;LF;NULL;NULL
R496;10;The product shall be available 24 hours per day  seven days per week.;A;NULL;NULL
R497;10;The product shall able to handle a large number of games simultaneously.;PE;vague;able to
R497;10;The product shall able to handle a large number of games simultaneously.;PE;plurals;games
R498;10;The response time shall be fast enough to maintain the flow of the game.  The response time shall be no more than 2 seconds for 95% of responses and no more than 4% for the remaining responses.;PE;vague;fast
R498;10;The response time shall be fast enough to maintain the flow of the game.  The response time shall be no more than 2 seconds for 95% of responses and no more than 4% for the remaining responses.;PE;vague;more
R498;10;The response time shall be fast enough to maintain the flow of the game.  The response time shall be no more than 2 seconds for 95% of responses and no more than 4% for the remaining responses.;PE;plurals;responses
R498;10;The response time shall be fast enough to maintain the flow of the game.  The response time shall be no more than 2 seconds for 95% of responses and no more than 4% for the remaining responses.;PE;vague;and
R499;10;The product shall protect the identity of the players. The product shall provide players no access to information that might reveal the identity of another player.;PE;plurals;players
R499;10;The product shall protect the identity of the players. The product shall provide players no access to information that might reveal the identity of another player.;PE;pronoun;that
R499;10;The product shall protect the identity of the players. The product shall provide players no access to information that might reveal the identity of another player.;PE;weak_1;might
R500;10;The product shall be intuitive and self-explanatory.  Nine out ten users shall be able to successfully complete a game with no training.;US;vague;able to
R500;10;The product shall be intuitive and self-explanatory.  Nine out ten users shall be able to successfully complete a game with no training.;US;vague;and
R500;10;The product shall be intuitive and self-explanatory.  Nine out ten users shall be able to successfully complete a game with no training.;US;plurals;users
R501;10;The product shall be available to players who understand English  Spanish and French.  The product shall allow the user to select the language upon accessing the product.;US;plurals;players
R501;10;The product shall be available to players who understand English  Spanish and French.  The product shall allow the user to select the language upon accessing the product.;US;pronoun;who
R501;10;The product shall be available to players who understand English  Spanish and French.  The product shall allow the user to select the language upon accessing the product.;US;vague;and
R502;10;The product shall provide players no access to information that might reveal the identity of another player;SE;plurals;players
R502;10;The product shall provide players no access to information that might reveal the identity of another player;SE;pronoun;that
R502;10;The product shall provide players no access to information that might reveal the identity of another player;SE;weak_1;might
R503;10;The response time shall be fast enough to maintain the flow of the game. The response time shall be no more than 2 seconds for 95% of responses and no more than 4% for the remaining responses.;PE;vague;fast
R503;10;The response time shall be fast enough to maintain the flow of the game. The response time shall be no more than 2 seconds for 95% of responses and no more than 4% for the remaining responses.;PE;vague;more
R503;10;The response time shall be fast enough to maintain the flow of the game. The response time shall be no more than 2 seconds for 95% of responses and no more than 4% for the remaining responses.;PE;plurals;responses
R503;10;The response time shall be fast enough to maintain the flow of the game. The response time shall be no more than 2 seconds for 95% of responses and no more than 4% for the remaining responses.;PE;vague;and
R504;10;The product shall maintain a list of players.;F;plurals;players
R505;10;The product shall allow a user to identify himself or herself as a player.;F;pronoun;himself
R505;10;The product shall allow a user to identify himself or herself as a player.;F;optional;or
R505;10;The product shall allow a user to identify himself or herself as a player.;F;pronoun;herself
R506;10;Once a game has been initiated  the product shall make the players assigned to the game unavailable for selection from the list of players.;F;plurals;players
R507;10;The product shall allow a user to remove himself or herself from the list of players at any time.;F;pronoun;himself
R507;10;The product shall allow a user to remove himself or herself from the list of players at any time.;F;optional;or
R507;10;The product shall allow a user to remove himself or herself from the list of players at any time.;F;pronoun;herself
R507;10;The product shall allow a user to remove himself or herself from the list of players at any time.;F;plurals;players
R507;10;The product shall allow a user to remove himself or herself from the list of players at any time.;F;qualifier;any
R508;10;The product shall make inactive players unavailable for selection from the list of players.;F;plurals;players
R509;10;The product shall remove players who have been inactive for 24 hours from the list of players.;F;plurals;players
R509;10;The product shall remove players who have been inactive for 24 hours from the list of players.;F;pronoun;who
R510;10;The product shall allow a player to initiate a game by selecting another available player from the list of players.;F;plurals;players
R511;10;Once a game is initiated  the product shall display a defensive grid to each player;F;NULL;NULL
R512;10;Once a game is initiated  the product shall display an offensive grid to each player.;F;NULL;NULL
R513;10;The product shall prevent a player from viewing the offensive or defensive grids of the other player.;F;optional;or
R513;10;The product shall prevent a player from viewing the offensive or defensive grids of the other player.;F;plurals;grids
R514;10;Once a game is initiated  the product shall allow each player to position their 5 ships on their respective defensive grids.;F;pronoun;their
R514;10;Once a game is initiated  the product shall allow each player to position their 5 ships on their respective defensive grids.;F;plurals;ships
R514;10;Once a game is initiated  the product shall allow each player to position their 5 ships on their respective defensive grids.;F;vague;respective
R514;10;Once a game is initiated  the product shall allow each player to position their 5 ships on their respective defensive grids.;F;plurals;grids
R515;10;The product shall allow a player to position ships horizontally on their grid.;F;plurals;ships
R515;10;The product shall allow a player to position ships horizontally on their grid.;F;pronoun;their
R516;10;The product shall allow the player to position ships vertically on their grid.;F;plurals;ships
R516;10;The product shall allow the player to position ships vertically on their grid.;F;pronoun;their
R517;10;The product shall allow the player to position ships diagonally on their grid;F;plurals;ships
R517;10;The product shall allow the player to position ships diagonally on their grid;F;pronoun;their
R518;10;The product shall prevent the player from overlapping ships on their grid.;F;plurals;ships
R518;10;The product shall prevent the player from overlapping ships on their grid.;F;pronoun;their
R519;10;When both players have positioned their 5 ships on their defensive grids  the product shall define the status of each player for the first turn.;F;vague;both
R519;10;When both players have positioned their 5 ships on their defensive grids  the product shall define the status of each player for the first turn.;F;plurals;players
R519;10;When both players have positioned their 5 ships on their defensive grids  the product shall define the status of each player for the first turn.;F;pronoun;their
R519;10;When both players have positioned their 5 ships on their defensive grids  the product shall define the status of each player for the first turn.;F;plurals;ships
R519;10;When both players have positioned their 5 ships on their defensive grids  the product shall define the status of each player for the first turn.;F;plurals;grids
R520;10;For each turn  the product shall identify one player as offensive status and one player as defensive status.;F;vague;and
R521;10;The product shall maintain the status of each player for a turn  either offensive or defensive.;F;optional;either
R521;10;The product shall maintain the status of each player for a turn  either offensive or defensive.;F;optional;or
R522;10;At the start of each turn  the product shall notify each player of his or her status.;F;pronoun;his
R522;10;At the start of each turn  the product shall notify each player of his or her status.;F;optional;or
R522;10;At the start of each turn  the product shall notify each player of his or her status.;F;pronoun;her
R523;10;For each turn  the product shall allow the offensive player to define a shot.;F;NULL;NULL
R524;10;For each shot  the product shall examine the defensive grid of the defensive player to determine whether the shot was a hit or miss.;F;optional;whether
R524;10;For each shot  the product shall examine the defensive grid of the defensive player to determine whether the shot was a hit or miss.;F;optional;or
R525;10;For each shot  the product shall notify the players whether the shot was a hit or miss.;F;plurals;players
R525;10;For each shot  the product shall notify the players whether the shot was a hit or miss.;F;optional;whether
R525;10;For each shot  the product shall notify the players whether the shot was a hit or miss.;F;optional;or
R526;10;For each shot  the product shall mark the shot as a hit or miss on the defensive grid of the defensive player.;F;optional;or
R527;10;For each shot  the product shall mark the shot as a hit or miss on the offensive grid of the offensive player.;F;optional;or
R528;10;When the hit results in sinking a ship  the product shall notify the players that the ship was sunk.;F;plurals;results
R528;10;When the hit results in sinking a ship  the product shall notify the players that the ship was sunk.;F;plurals;players
R528;10;When the hit results in sinking a ship  the product shall notify the players that the ship was sunk.;F;pronoun;that
R529;10;When the hit results in sinking a ship  the product shall mark the ship as sunk on the defensive grid of the defensive player.;F;plurals;results
R530;10;When the hit results in sinking a ship  the product shall indicate the type of ship sunk on the defensive grid of the defensive player.;F;plurals;results
R531;10;When the hit results in sinking a ship  the product shall mark the ship as sunk on the offensive grid of the offensive player.;F;plurals;results
R532;10;If the shot was marked as a hit  the product shall allow the offensive player to define a shot.;F;NULL;NULL
R533;10;If the shot was marked as a miss  the product shall change the status of the offensive player to defensive;F;NULL;NULL
R534;10;If the shot was marked as a miss  the product shall change the status of the defensive player to offensive;F;NULL;NULL
R535;10;The product shall continue to assign turns until the game is ended.;F;plurals;turns
R536;10;The product shall end a game when a hit by the offensive player results in sinking the last of the defensive player\92s ships  which had not been previously marked as sunk.;F;plurals;results
R536;10;The product shall end a game when a hit by the offensive player results in sinking the last of the defensive player\92s ships  which had not been previously marked as sunk.;F;plurals;ships
R536;10;The product shall end a game when a hit by the offensive player results in sinking the last of the defensive player\92s ships  which had not been previously marked as sunk.;F;pronoun;which
R537;10;The product shall allow a player to end a game at any time during the game.;F;qualifier;any
R538;10;When a game is ended  the product shall notify the players that the game is ended.;F;plurals;players
R538;10;When a game is ended  the product shall notify the players that the game is ended.;F;pronoun;that
R539;10;The notification of the game ending will include the reason the game is ended (i.e.  a player has won the game or a player has ended the game).;F;directive;i.e.
R539;10;The notification of the game ending will include the reason the game is ended (i.e.  a player has won the game or a player has ended the game).;F;weak_1;will
R539;10;The notification of the game ending will include the reason the game is ended (i.e.  a player has won the game or a player has ended the game).;F;vague;(
R539;10;The notification of the game ending will include the reason the game is ended (i.e.  a player has won the game or a player has ended the game).;F;optional;or
R540;10;When a game is ended  the product shall allow each player to identify himself or herself as an available player in the list of players.;F;pronoun;himself
R540;10;When a game is ended  the product shall allow each player to identify himself or herself as an available player in the list of players.;F;optional;or
R540;10;When a game is ended  the product shall allow each player to identify himself or herself as an available player in the list of players.;F;pronoun;herself
R540;10;When a game is ended  the product shall allow each player to identify himself or herself as an available player in the list of players.;F;plurals;players
R541;10;When a game is ended  the product shall allow each player to remove himself or herself from the list of players.;F;pronoun;himself
R541;10;When a game is ended  the product shall allow each player to remove himself or herself from the list of players.;F;optional;or
R541;10;When a game is ended  the product shall allow each player to remove himself or herself from the list of players.;F;pronoun;herself
R541;10;When a game is ended  the product shall allow each player to remove himself or herself from the list of players.;F;plurals;players
R542;11;The system shall be easy to use by callers and supervisors. Callers and supervisors must be able to accomplish any system task within 2 minutes.;US;vague;able to
R542;11;The system shall be easy to use by callers and supervisors. Callers and supervisors must be able to accomplish any system task within 2 minutes.;US;vague;easy
R542;11;The system shall be easy to use by callers and supervisors. Callers and supervisors must be able to accomplish any system task within 2 minutes.;US;plurals;callers
R542;11;The system shall be easy to use by callers and supervisors. Callers and supervisors must be able to accomplish any system task within 2 minutes.;US;vague;and
R542;11;The system shall be easy to use by callers and supervisors. Callers and supervisors must be able to accomplish any system task within 2 minutes.;US;plurals;supervisors
R542;11;The system shall be easy to use by callers and supervisors. Callers and supervisors must be able to accomplish any system task within 2 minutes.;US;plurals;Callers
R542;11;The system shall be easy to use by callers and supervisors. Callers and supervisors must be able to accomplish any system task within 2 minutes.;US;qualifier;any
R543;11;The system shall be easy to learn by callers and supervisors. Callers and supervisors shall learn how to use the system within 10 minutes.;US;vague;easy
R543;11;The system shall be easy to learn by callers and supervisors. Callers and supervisors shall learn how to use the system within 10 minutes.;US;plurals;callers
R543;11;The system shall be easy to learn by callers and supervisors. Callers and supervisors shall learn how to use the system within 10 minutes.;US;vague;and
R543;11;The system shall be easy to learn by callers and supervisors. Callers and supervisors shall learn how to use the system within 10 minutes.;US;plurals;supervisors
R543;11;The system shall be easy to learn by callers and supervisors. Callers and supervisors shall learn how to use the system within 10 minutes.;US;plurals;Callers
R544;11;The system shall be responsive. At the DePaul TeleServices Center  when a supervisor uses the system to view a callers schedule  the system response time must be no more than 2 seconds 90% of the time and no more than 5 seconds the rest of the time.;PE;plurals;uses
R544;11;The system shall be responsive. At the DePaul TeleServices Center  when a supervisor uses the system to view a callers schedule  the system response time must be no more than 2 seconds 90% of the time and no more than 5 seconds the rest of the time.;PE;plurals;callers
R544;11;The system shall be responsive. At the DePaul TeleServices Center  when a supervisor uses the system to view a callers schedule  the system response time must be no more than 2 seconds 90% of the time and no more than 5 seconds the rest of the time.;PE;vague;more
R544;11;The system shall be responsive. At the DePaul TeleServices Center  when a supervisor uses the system to view a callers schedule  the system response time must be no more than 2 seconds 90% of the time and no more than 5 seconds the rest of the time.;PE;vague;and
R545;11;On a 56k connection  the system response time for all operations must be no more than 6 seconds 90% of the time.;PE;qualifier;all
R545;11;On a 56k connection  the system response time for all operations must be no more than 6 seconds 90% of the time.;PE;plurals;operations
R545;11;On a 56k connection  the system response time for all operations must be no more than 6 seconds 90% of the time.;PE;vague;more
R546;11;On a 112k connection or faster  the system response time for all operations must be no more than 3 seconds 90% of the time.;PE;optional;or
R546;11;On a 112k connection or faster  the system response time for all operations must be no more than 3 seconds 90% of the time.;PE;vague;faster
R546;11;On a 112k connection or faster  the system response time for all operations must be no more than 3 seconds 90% of the time.;PE;qualifier;all
R546;11;On a 112k connection or faster  the system response time for all operations must be no more than 3 seconds 90% of the time.;PE;plurals;operations
R546;11;On a 112k connection or faster  the system response time for all operations must be no more than 3 seconds 90% of the time.;PE;vague;more
R547;11;The system shall have high availability every day of the year.The system must be available for use between 12:00AM and 6:00PM all days of the year.;A;vague;and
R547;11;The system shall have high availability every day of the year.The system must be available for use between 12:00AM and 6:00PM all days of the year.;A;qualifier;all
R548;11;The system must be available for use between 7:00AM and 11:59PM all days of the year.;A;vague;and
R548;11;The system must be available for use between 7:00AM and 11:59PM all days of the year.;A;qualifier;all
R549;11;The product shall be internet browser independent.The product must run using Internet Explorer and Netscape Navigator.;MN;vague;and
R550;11;The product shall ensure that only supervisors can advertise empty time slots.The product must ensure that supervisors are allowed to access advertise empty time slots.;SE;pronoun;that
R550;11;The product shall ensure that only supervisors can advertise empty time slots.The product must ensure that supervisors are allowed to access advertise empty time slots.;SE;vague;only
R550;11;The product shall ensure that only supervisors can advertise empty time slots.The product must ensure that supervisors are allowed to access advertise empty time slots.;SE;plurals;supervisors
R550;11;The product shall ensure that only supervisors can advertise empty time slots.The product must ensure that supervisors are allowed to access advertise empty time slots.;SE;weak_1;can
R550;11;The product shall ensure that only supervisors can advertise empty time slots.The product must ensure that supervisors are allowed to access advertise empty time slots.;SE;plurals;slots
R551;11;The product shall ensure that only supervisors can enter a caller\92s schedule.The product must ensure that supervisors are allowed to access advertise empty time slots.;SE;pronoun;that
R551;11;The product shall ensure that only supervisors can enter a caller\92s schedule.The product must ensure that supervisors are allowed to access advertise empty time slots.;SE;vague;only
R551;11;The product shall ensure that only supervisors can enter a caller\92s schedule.The product must ensure that supervisors are allowed to access advertise empty time slots.;SE;plurals;supervisors
R551;11;The product shall ensure that only supervisors can enter a caller\92s schedule.The product must ensure that supervisors are allowed to access advertise empty time slots.;SE;weak_1;can
R551;11;The product shall ensure that only supervisors can enter a caller\92s schedule.The product must ensure that supervisors are allowed to access advertise empty time slots.;SE;plurals;slots
R552;11;The product shall ensure that only supervisors can view schedule of all callers.The product must ensure that supervisors are allowed to access advertise empty time slots.;SE;pronoun;that
R552;11;The product shall ensure that only supervisors can view schedule of all callers.The product must ensure that supervisors are allowed to access advertise empty time slots.;SE;vague;only
R552;11;The product shall ensure that only supervisors can view schedule of all callers.The product must ensure that supervisors are allowed to access advertise empty time slots.;SE;plurals;supervisors
R552;11;The product shall ensure that only supervisors can view schedule of all callers.The product must ensure that supervisors are allowed to access advertise empty time slots.;SE;weak_1;can
R552;11;The product shall ensure that only supervisors can view schedule of all callers.The product must ensure that supervisors are allowed to access advertise empty time slots.;SE;qualifier;all
R552;11;The product shall ensure that only supervisors can view schedule of all callers.The product must ensure that supervisors are allowed to access advertise empty time slots.;SE;plurals;callers
R552;11;The product shall ensure that only supervisors can view schedule of all callers.The product must ensure that supervisors are allowed to access advertise empty time slots.;SE;plurals;slots
R553;11;The interface shall have a simple look. In the interface and usability survey  90% of beta testers must report that the interface is adequately simple.;LF;vague;simple
R553;11;The interface shall have a simple look. In the interface and usability survey  90% of beta testers must report that the interface is adequately simple.;LF;vague;and
R553;11;The interface shall have a simple look. In the interface and usability survey  90% of beta testers must report that the interface is adequately simple.;LF;pronoun;that
R554;11;The interface shall be appealing to callers and supervisors. In the interface and usability survey  80% of beta testers must report that the interface is appealing.;LF;plurals;callers
R554;11;The interface shall be appealing to callers and supervisors. In the interface and usability survey  80% of beta testers must report that the interface is appealing.;LF;vague;and
R554;11;The interface shall be appealing to callers and supervisors. In the interface and usability survey  80% of beta testers must report that the interface is appealing.;LF;plurals;supervisors
R554;11;The interface shall be appealing to callers and supervisors. In the interface and usability survey  80% of beta testers must report that the interface is appealing.;LF;pronoun;that
R555;12;The product shall provide GUI based Monitoring Services.System Administrators shall monitor message exchanges will predict and determine problems and will also provide internal and external support.;LF;plurals;Services
R555;12;The product shall provide GUI based Monitoring Services.System Administrators shall monitor message exchanges will predict and determine problems and will also provide internal and external support.;LF;plurals;Administrators
R555;12;The product shall provide GUI based Monitoring Services.System Administrators shall monitor message exchanges will predict and determine problems and will also provide internal and external support.;LF;plurals;exchanges
R555;12;The product shall provide GUI based Monitoring Services.System Administrators shall monitor message exchanges will predict and determine problems and will also provide internal and external support.;LF;weak_1;will
R555;12;The product shall provide GUI based Monitoring Services.System Administrators shall monitor message exchanges will predict and determine problems and will also provide internal and external support.;LF;vague;and
R555;12;The product shall provide GUI based Monitoring Services.System Administrators shall monitor message exchanges will predict and determine problems and will also provide internal and external support.;LF;plurals;problems
R555;12;The product shall provide GUI based Monitoring Services.System Administrators shall monitor message exchanges will predict and determine problems and will also provide internal and external support.;LF;vague;also
R556;12;The product shall comply with City of Chicago Application Development Guide Framework.Application Development Framework will provide structured Graphical User Interface.;LF;weak_1;will
R557;12;The product shall provide Monitoring Services.The product shall be easy for System Administrators and DBAs to use after two weeks of usage.;US;plurals;Services
R557;12;The product shall provide Monitoring Services.The product shall be easy for System Administrators and DBAs to use after two weeks of usage.;US;vague;easy
R557;12;The product shall provide Monitoring Services.The product shall be easy for System Administrators and DBAs to use after two weeks of usage.;US;plurals;Administrators
R557;12;The product shall provide Monitoring Services.The product shall be easy for System Administrators and DBAs to use after two weeks of usage.;US;vague;and
R558;12;The product shall provide Error Tracking Services.The product shall help the System Administrators and DBAs to resolve transaction errors 99% of the time.;US;plurals;Services
R558;12;The product shall provide Error Tracking Services.The product shall help the System Administrators and DBAs to resolve transaction errors 99% of the time.;US;plurals;Administrators
R558;12;The product shall provide Error Tracking Services.The product shall help the System Administrators and DBAs to resolve transaction errors 99% of the time.;US;vague;and
R558;12;The product shall provide Error Tracking Services.The product shall help the System Administrators and DBAs to resolve transaction errors 99% of the time.;US;plurals;errors
R559;12;The product shall provide Portals.The product shall help System Administrators to analyze the transactions with ad-hoc reporting and KPIs (Key Performance Indicators);US;plurals;Portals
R559;12;The product shall provide Portals.The product shall help System Administrators to analyze the transactions with ad-hoc reporting and KPIs (Key Performance Indicators);US;plurals;Administrators
R559;12;The product shall provide Portals.The product shall help System Administrators to analyze the transactions with ad-hoc reporting and KPIs (Key Performance Indicators);US;plurals;transactions
R559;12;The product shall provide Portals.The product shall help System Administrators to analyze the transactions with ad-hoc reporting and KPIs (Key Performance Indicators);US;vague;and
R559;12;The product shall provide Portals.The product shall help System Administrators to analyze the transactions with ad-hoc reporting and KPIs (Key Performance Indicators);US;vague;(
R559;12;The product shall provide Portals.The product shall help System Administrators to analyze the transactions with ad-hoc reporting and KPIs (Key Performance Indicators);US;plurals;Indicators
R560;12;The product shall provide Asynchronous Messaging.The product shall provide asynchronous messaging to enable parallel processing and reduce the overhead in communications;PE;vague;and
R560;12;The product shall provide Asynchronous Messaging.The product shall provide asynchronous messaging to enable parallel processing and reduce the overhead in communications;PE;plurals;communications
R561;12;The product shall provide Multi-threading and Load Balancing.The product shall provide multi-threading technology as well as load balancing to overcome data load spikes and traffic.;PE;vague;as well as
R561;12;The product shall provide Multi-threading and Load Balancing.The product shall provide multi-threading technology as well as load balancing to overcome data load spikes and traffic.;PE;vague;and
R561;12;The product shall provide Multi-threading and Load Balancing.The product shall provide multi-threading technology as well as load balancing to overcome data load spikes and traffic.;PE;plurals;spikes
R562;12;The product shall process messages within 2 seconds.The product shall have a maximum message processing time of 2 seconds;PE;plurals;messages
R562;12;The product shall process messages within 2 seconds.The product shall have a maximum message processing time of 2 seconds;PE;vague;maximum
R563;12;The product shall poll the system for messages every second.The product shall poll the system for new messages at a maximum of every 1 second.;PE;plurals;messages
R563;12;The product shall poll the system for messages every second.The product shall poll the system for new messages at a maximum of every 1 second.;PE;vague;maximum
R564;12;The product shall provide Dynamic Change Support and Transparent resource addition.The product shall support Transparent Resource addition and Dynamic Change support to provide scalability and avoid service interruptions of more than 1 day.;PE;vague;and
R564;12;The product shall provide Dynamic Change Support and Transparent resource addition.The product shall support Transparent Resource addition and Dynamic Change support to provide scalability and avoid service interruptions of more than 1 day.;PE;vague;Transparent
R564;12;The product shall provide Dynamic Change Support and Transparent resource addition.The product shall support Transparent Resource addition and Dynamic Change support to provide scalability and avoid service interruptions of more than 1 day.;PE;plurals;interruptions
R564;12;The product shall provide Dynamic Change Support and Transparent resource addition.The product shall support Transparent Resource addition and Dynamic Change support to provide scalability and avoid service interruptions of more than 1 day.;PE;vague;more
R565;12;The product shall be available 99% of the time. Rationale: To avoid service interruption during busiest customer service response periods. The product shall be available 99.99% of the time for regular business days.;A;continuance;:
R566;12;The product shall be robust.The product shall have fault avoidance based on standards adoption.;FT;vague;robust
R566;12;The product shall be robust.The product shall have fault avoidance based on standards adoption.;FT;plurals;standards
R567;12;The product shall be robust with fault tolerance.The product shall have fault tolerance by using recovery technique compensatory transaction and routing around failures.;FT;vague;robust
R567;12;The product shall be robust with fault tolerance.The product shall have fault tolerance by using recovery technique compensatory transaction and routing around failures.;FT;vague;and
R568;12;The product shall be able to process all transactions.The product shall process minimum of 1 million transactions per year.;SC;vague;able to
R568;12;The product shall be able to process all transactions.The product shall process minimum of 1 million transactions per year.;SC;qualifier;all
R568;12;The product shall be able to process all transactions.The product shall process minimum of 1 million transactions per year.;SC;plurals;transactions
R568;12;The product shall be able to process all transactions.The product shall process minimum of 1 million transactions per year.;SC;vague;minimum
R569;12;The product shall be platform independent.The product shall enable access to any type of development environment and platform.;O;qualifier;any
R569;12;The product shall be platform independent.The product shall enable access to any type of development environment and platform.;O;vague;and
R570;12;The product shall interface CSR and Datastream.The product shall exchange messages between CSR and EAM on a real time basis without any direct interfaces between two systems.;O;vague;and
R570;12;The product shall interface CSR and Datastream.The product shall exchange messages between CSR and EAM on a real time basis without any direct interfaces between two systems.;O;plurals;messages
R570;12;The product shall interface CSR and Datastream.The product shall exchange messages between CSR and EAM on a real time basis without any direct interfaces between two systems.;O;qualifier;any
R570;12;The product shall interface CSR and Datastream.The product shall exchange messages between CSR and EAM on a real time basis without any direct interfaces between two systems.;O;plurals;interfaces
R570;12;The product shall interface CSR and Datastream.The product shall exchange messages between CSR and EAM on a real time basis without any direct interfaces between two systems.;O;plurals;systems
R571;12;The product shall continue to operate during upgrade  change or new resource addition.The product shall be able to continue to operate with no interruption in service due to new resource additions.;MN;vague;able to
R571;12;The product shall continue to operate during upgrade  change or new resource addition.The product shall be able to continue to operate with no interruption in service due to new resource additions.;MN;optional;or
R571;12;The product shall continue to operate during upgrade  change or new resource addition.The product shall be able to continue to operate with no interruption in service due to new resource additions.;MN;plurals;additions
R572;12;The product shall be updated on a regular basis.The product will have a new major feature introduced every six months and quarterly maintenance releases every six months.;MN;weak_1;will
R572;12;The product shall be updated on a regular basis.The product will have a new major feature introduced every six months and quarterly maintenance releases every six months.;MN;vague;and
R572;12;The product shall be updated on a regular basis.The product will have a new major feature introduced every six months and quarterly maintenance releases every six months.;MN;plurals;releases
R573;12;The product shall operate with every platform.The product shall accommodate any new technology without any change in its architecture.;MN;qualifier;any
R573;12;The product shall operate with every platform.The product shall accommodate any new technology without any change in its architecture.;MN;pronoun;its
R574;12;The product shall have security.The product shall provide authentication  and authorization.;SE;vague;and
R575;12;The product shall information Security. The product shall enable privacy by encryption WS-Security and Integrity Checking.;SE;vague;and
R576;12;The product shall have audit capabilities.The product shall store messages for a minimum of one year for audit and transaction tracking purposes.;SE;plurals;capabilities
R576;12;The product shall have audit capabilities.The product shall store messages for a minimum of one year for audit and transaction tracking purposes.;SE;plurals;messages
R576;12;The product shall have audit capabilities.The product shall store messages for a minimum of one year for audit and transaction tracking purposes.;SE;vague;minimum
R576;12;The product shall have audit capabilities.The product shall store messages for a minimum of one year for audit and transaction tracking purposes.;SE;vague;and
R576;12;The product shall have audit capabilities.The product shall store messages for a minimum of one year for audit and transaction tracking purposes.;SE;plurals;purposes
R577;13;The system shall use IBM and CCR branding standards. The interface must have one IBM logo and one CCR logo.;LF;vague;and
R577;13;The system shall use IBM and CCR branding standards. The interface must have one IBM logo and one CCR logo.;LF;plurals;standards
R578;13;The system shall be displayable on any work computer a CCR user may have. The system interface shall be formatted to display at 800 by 600 pixel resolution.;LF;qualifier;any
R578;13;The system shall be displayable on any work computer a CCR user may have. The system interface shall be formatted to display at 800 by 600 pixel resolution.;LF;weak_1;may
R579;13;The system interface will use CCR nomenclature. The system must use the same nomenclature used in the existing WCS system and reports;LF;weak_1;will
R579;13;The system interface will use CCR nomenclature. The system must use the same nomenclature used in the existing WCS system and reports;LF;vague;existing
R579;13;The system interface will use CCR nomenclature. The system must use the same nomenclature used in the existing WCS system and reports;LF;vague;and
R579;13;The system interface will use CCR nomenclature. The system must use the same nomenclature used in the existing WCS system and reports;LF;plurals;reports
R580;13;The interface must summarize the data in a fashion that\92s appealing to CCR management. Every report type must have at least one high level summary shown in the results dashboard/interface;LF;vague;high level
R580;13;The interface must summarize the data in a fashion that\92s appealing to CCR management. Every report type must have at least one high level summary shown in the results dashboard/interface;LF;plurals;results
R581;13;The system must use a point and click interface. 100% of all selection and navigation functionality must be able to be activated/selected by either a mouse or a keyboard;US;vague;able to
R581;13;The system must use a point and click interface. 100% of all selection and navigation functionality must be able to be activated/selected by either a mouse or a keyboard;US;vague;and
R581;13;The system must use a point and click interface. 100% of all selection and navigation functionality must be able to be activated/selected by either a mouse or a keyboard;US;qualifier;all
R581;13;The system must use a point and click interface. 100% of all selection and navigation functionality must be able to be activated/selected by either a mouse or a keyboard;US;optional;either
R581;13;The system must use a point and click interface. 100% of all selection and navigation functionality must be able to be activated/selected by either a mouse or a keyboard;US;optional;or
R582;13;The interface shall be easy to use. 90% of users should be able to successfully use the system to generate a report on their first use. The interface should adhere to IBM usability standards.;US;vague;able to
R582;13;The interface shall be easy to use. 90% of users should be able to successfully use the system to generate a report on their first use. The interface should adhere to IBM usability standards.;US;vague;easy
R582;13;The interface shall be easy to use. 90% of users should be able to successfully use the system to generate a report on their first use. The interface should adhere to IBM usability standards.;US;plurals;users
R582;13;The interface shall be easy to use. 90% of users should be able to successfully use the system to generate a report on their first use. The interface should adhere to IBM usability standards.;US;weak_1;should
R582;13;The interface shall be easy to use. 90% of users should be able to successfully use the system to generate a report on their first use. The interface should adhere to IBM usability standards.;US;pronoun;their
R582;13;The interface shall be easy to use. 90% of users should be able to successfully use the system to generate a report on their first use. The interface should adhere to IBM usability standards.;US;plurals;standards
R583;13;Reports must be easy to generate. Reports must be generated within one button click and exported within one button click (after selecting the report);US;plurals;Reports
R583;13;Reports must be easy to generate. Reports must be generated within one button click and exported within one button click (after selecting the report);US;vague;easy
R583;13;Reports must be easy to generate. Reports must be generated within one button click and exported within one button click (after selecting the report);US;vague;and
R583;13;Reports must be easy to generate. Reports must be generated within one button click and exported within one button click (after selecting the report);US;vague;(
R584;13;A user shall be able to use the system without instruction after a short amount of time. After one use a user should understand and remember 90% of the system usage and navigation.;US;vague;able to
R584;13;A user shall be able to use the system without instruction after a short amount of time. After one use a user should understand and remember 90% of the system usage and navigation.;US;weak_1;should
R584;13;A user shall be able to use the system without instruction after a short amount of time. After one use a user should understand and remember 90% of the system usage and navigation.;US;vague;and
R585;13;All CCR users shall receive training before the WCS system is deployed. One training session will be held for 100% of CCR users before system deployment (based on a CCR user being available);US;qualifier;All
R585;13;All CCR users shall receive training before the WCS system is deployed. One training session will be held for 100% of CCR users before system deployment (based on a CCR user being available);US;plurals;users
R585;13;All CCR users shall receive training before the WCS system is deployed. One training session will be held for 100% of CCR users before system deployment (based on a CCR user being available);US;weak_1;will
R585;13;All CCR users shall receive training before the WCS system is deployed. One training session will be held for 100% of CCR users before system deployment (based on a CCR user being available);US;vague;(
R586;13;The WCS system shall use appropriate nomenclature and terminology as defined by the Corporate Community Grants organization. All interfaces and reports will undergo usability tests by CCR users.;US;incompletes;as defined
R586;13;The WCS system shall use appropriate nomenclature and terminology as defined by the Corporate Community Grants organization. All interfaces and reports will undergo usability tests by CCR users.;US;vague;and
R586;13;The WCS system shall use appropriate nomenclature and terminology as defined by the Corporate Community Grants organization. All interfaces and reports will undergo usability tests by CCR users.;US;plurals;Grants
R586;13;The WCS system shall use appropriate nomenclature and terminology as defined by the Corporate Community Grants organization. All interfaces and reports will undergo usability tests by CCR users.;US;qualifier;All
R586;13;The WCS system shall use appropriate nomenclature and terminology as defined by the Corporate Community Grants organization. All interfaces and reports will undergo usability tests by CCR users.;US;plurals;interfaces
R586;13;The WCS system shall use appropriate nomenclature and terminology as defined by the Corporate Community Grants organization. All interfaces and reports will undergo usability tests by CCR users.;US;plurals;reports
R586;13;The WCS system shall use appropriate nomenclature and terminology as defined by the Corporate Community Grants organization. All interfaces and reports will undergo usability tests by CCR users.;US;weak_1;will
R586;13;The WCS system shall use appropriate nomenclature and terminology as defined by the Corporate Community Grants organization. All interfaces and reports will undergo usability tests by CCR users.;US;plurals;tests
R586;13;The WCS system shall use appropriate nomenclature and terminology as defined by the Corporate Community Grants organization. All interfaces and reports will undergo usability tests by CCR users.;US;plurals;users
R587;13;The WCS system shall be available at all times as long as IBM\92s internal intranet W3 is accessible. The WCS system will be available 95% of the time IBM\92s internal intranet W3 is available.;A;qualifier;all
R587;13;The WCS system shall be available at all times as long as IBM\92s internal intranet W3 is accessible. The WCS system will be available 95% of the time IBM\92s internal intranet W3 is available.;A;weak_1;will
R588;13;The WCS system shall have the ability to connect other designated WCS databases currently not included in the system.;SC;plurals;databases
R589;13;The WCS system shall have the ability to include data for regions outside the United States and be accessed by users outside of the United States if approved by CCR management.;SC;plurals;regions
R589;13;The WCS system shall have the ability to include data for regions outside the United States and be accessed by users outside of the United States if approved by CCR management.;SC;plurals;States
R589;13;The WCS system shall have the ability to include data for regions outside the United States and be accessed by users outside of the United States if approved by CCR management.;SC;vague;and
R589;13;The WCS system shall have the ability to include data for regions outside the United States and be accessed by users outside of the United States if approved by CCR management.;SC;plurals;users
R590;13;The WCS system shall be run in a Windows environment. The WCS shall be accessed by users through the Internet on an IBM computer running a Windows 2000 or above operating system.;O;plurals;Windows
R590;13;The WCS system shall be run in a Windows environment. The WCS shall be accessed by users through the Internet on an IBM computer running a Windows 2000 or above operating system.;O;plurals;users
R590;13;The WCS system shall be run in a Windows environment. The WCS shall be accessed by users through the Internet on an IBM computer running a Windows 2000 or above operating system.;O;optional;or
R591;13;The Brio portion of the WCS system must be able to export files in spreadsheet form (Microsoft Excel and Lotus 1-2-3 formats).  Brio will provide buttons in the user interface that produce/export reports in .xls or .123 file formats.;O;vague;able to
R591;13;The Brio portion of the WCS system must be able to export files in spreadsheet form (Microsoft Excel and Lotus 1-2-3 formats).  Brio will provide buttons in the user interface that produce/export reports in .xls or .123 file formats.;O;plurals;files
R591;13;The Brio portion of the WCS system must be able to export files in spreadsheet form (Microsoft Excel and Lotus 1-2-3 formats).  Brio will provide buttons in the user interface that produce/export reports in .xls or .123 file formats.;O;vague;(
R591;13;The Brio portion of the WCS system must be able to export files in spreadsheet form (Microsoft Excel and Lotus 1-2-3 formats).  Brio will provide buttons in the user interface that produce/export reports in .xls or .123 file formats.;O;vague;and
R591;13;The Brio portion of the WCS system must be able to export files in spreadsheet form (Microsoft Excel and Lotus 1-2-3 formats).  Brio will provide buttons in the user interface that produce/export reports in .xls or .123 file formats.;O;plurals;formats
R591;13;The Brio portion of the WCS system must be able to export files in spreadsheet form (Microsoft Excel and Lotus 1-2-3 formats).  Brio will provide buttons in the user interface that produce/export reports in .xls or .123 file formats.;O;weak_1;will
R591;13;The Brio portion of the WCS system must be able to export files in spreadsheet form (Microsoft Excel and Lotus 1-2-3 formats).  Brio will provide buttons in the user interface that produce/export reports in .xls or .123 file formats.;O;plurals;buttons
R591;13;The Brio portion of the WCS system must be able to export files in spreadsheet form (Microsoft Excel and Lotus 1-2-3 formats).  Brio will provide buttons in the user interface that produce/export reports in .xls or .123 file formats.;O;pronoun;that
R591;13;The Brio portion of the WCS system must be able to export files in spreadsheet form (Microsoft Excel and Lotus 1-2-3 formats).  Brio will provide buttons in the user interface that produce/export reports in .xls or .123 file formats.;O;plurals;reports
R591;13;The Brio portion of the WCS system must be able to export files in spreadsheet form (Microsoft Excel and Lotus 1-2-3 formats).  Brio will provide buttons in the user interface that produce/export reports in .xls or .123 file formats.;O;optional;or
R592;13;The WCS system must run queries to the WCS databases once again (on a specified day) to update the available data available to CCR users. Queries must be made to external databases for data refresh once a week.;MN;plurals;queries
R592;13;The WCS system must run queries to the WCS databases once again (on a specified day) to update the available data available to CCR users. Queries must be made to external databases for data refresh once a week.;MN;plurals;databases
R592;13;The WCS system must run queries to the WCS databases once again (on a specified day) to update the available data available to CCR users. Queries must be made to external databases for data refresh once a week.;MN;vague;(
R592;13;The WCS system must run queries to the WCS databases once again (on a specified day) to update the available data available to CCR users. Queries must be made to external databases for data refresh once a week.;MN;plurals;users
R592;13;The WCS system must run queries to the WCS databases once again (on a specified day) to update the available data available to CCR users. Queries must be made to external databases for data refresh once a week.;MN;plurals;Queries
R593;13;All changes  updates  and additions to the WCS system shall be updated in the WCS Developer and WCS User Guides. Every change must be reflected in WCS system documentation;MN;qualifier;All
R593;13;All changes  updates  and additions to the WCS system shall be updated in the WCS Developer and WCS User Guides. Every change must be reflected in WCS system documentation;MN;plurals;changes
R593;13;All changes  updates  and additions to the WCS system shall be updated in the WCS Developer and WCS User Guides. Every change must be reflected in WCS system documentation;MN;vague;and
R593;13;All changes  updates  and additions to the WCS system shall be updated in the WCS Developer and WCS User Guides. Every change must be reflected in WCS system documentation;MN;plurals;additions
R593;13;All changes  updates  and additions to the WCS system shall be updated in the WCS Developer and WCS User Guides. Every change must be reflected in WCS system documentation;MN;plurals;Guides
R594;13;The system shall only be accessed by authorized Corporate Community Grants (CCR) employees. Users must be authenticated using their IBM intranet user name and password.;SE;vague;only
R594;13;The system shall only be accessed by authorized Corporate Community Grants (CCR) employees. Users must be authenticated using their IBM intranet user name and password.;SE;plurals;Grants
R594;13;The system shall only be accessed by authorized Corporate Community Grants (CCR) employees. Users must be authenticated using their IBM intranet user name and password.;SE;vague;(
R594;13;The system shall only be accessed by authorized Corporate Community Grants (CCR) employees. Users must be authenticated using their IBM intranet user name and password.;SE;plurals;employees
R594;13;The system shall only be accessed by authorized Corporate Community Grants (CCR) employees. Users must be authenticated using their IBM intranet user name and password.;SE;plurals;Users
R594;13;The system shall only be accessed by authorized Corporate Community Grants (CCR) employees. Users must be authenticated using their IBM intranet user name and password.;SE;pronoun;their
R594;13;The system shall only be accessed by authorized Corporate Community Grants (CCR) employees. Users must be authenticated using their IBM intranet user name and password.;SE;vague;and
R595;13;The WCS system shall not allow automatic logins by any user. Cookies containing WCS login information about a user will not be stored on a user\92s computer.;SE;qualifier;any
R595;13;The WCS system shall not allow automatic logins by any user. Cookies containing WCS login information about a user will not be stored on a user\92s computer.;SE;plurals;Cookies
R595;13;The WCS system shall not allow automatic logins by any user. Cookies containing WCS login information about a user will not be stored on a user\92s computer.;SE;weak_1;will
R596;14;Each team owner will need to use a username and password in order to be authenticated to reach the team owner\92s page;SE;weak_1;will
R596;14;Each team owner will need to use a username and password in order to be authenticated to reach the team owner\92s page;SE;vague;and
R597;14;The Commissioner will be the only authorized user per league to adjust league settings.;SE;weak_1;will
R597;14;The Commissioner will be the only authorized user per league to adjust league settings.;SE;vague;only
R597;14;The Commissioner will be the only authorized user per league to adjust league settings.;SE;plurals;settings
R598;14;Each page shall contain a navigation menu which shows the index into which the current page is contained.;LF;pronoun;which
R598;14;Each page shall contain a navigation menu which shows the index into which the current page is contained.;LF;plurals;shows
R599;14;Each page shall contain a similar format with action items in one location and navigation buttons in a different location.;LF;plurals;items
R599;14;Each page shall contain a similar format with action items in one location and navigation buttons in a different location.;LF;vague;and
R599;14;Each page shall contain a similar format with action items in one location and navigation buttons in a different location.;LF;plurals;buttons
R600;14;The message board shall contain the 5 most recently posted messages on the league page. The messages will contain up to the first 150 characters of the message.;LF;pronoun;most
R600;14;The message board shall contain the 5 most recently posted messages on the league page. The messages will contain up to the first 150 characters of the message.;LF;plurals;messages
R600;14;The message board shall contain the 5 most recently posted messages on the league page. The messages will contain up to the first 150 characters of the message.;LF;weak_1;will
R600;14;The message board shall contain the 5 most recently posted messages on the league page. The messages will contain up to the first 150 characters of the message.;LF;plurals;characters
R601;14;A new user shall be able to navigate through the league and team pages within 30 seconds of reaching the start-up page.;US;vague;able to
R601;14;A new user shall be able to navigate through the league and team pages within 30 seconds of reaching the start-up page.;US;vague;and
R601;14;A new user shall be able to navigate through the league and team pages within 30 seconds of reaching the start-up page.;US;plurals;pages
R602;14;Users shall be able to reach the \91add\92  \91drop\92  and \91trade player\92 pages with one click from the team owner\92s page.;US;vague;able to
R602;14;Users shall be able to reach the \91add\92  \91drop\92  and \91trade player\92 pages with one click from the team owner\92s page.;US;plurals;Users
R602;14;Users shall be able to reach the \91add\92  \91drop\92  and \91trade player\92 pages with one click from the team owner\92s page.;US;vague;and
R602;14;Users shall be able to reach the \91add\92  \91drop\92  and \91trade player\92 pages with one click from the team owner\92s page.;US;plurals;pages
R603;14;Users shall be able to view at least 25 NFL player statistics and points on each page.;US;vague;able to
R603;14;Users shall be able to view at least 25 NFL player statistics and points on each page.;US;plurals;Users
R603;14;Users shall be able to view at least 25 NFL player statistics and points on each page.;US;plurals;statistics
R603;14;Users shall be able to view at least 25 NFL player statistics and points on each page.;US;vague;and
R603;14;Users shall be able to view at least 25 NFL player statistics and points on each page.;US;plurals;points
R604;14;The application shall ask the user to confirm dropping a player or trading a player before performing the action.;US;optional;or
R605;14;The application shall be able to complete every user transaction within one fourth of a second of receiving the request over the network.;PE;vague;able to
R606;14;The application shall have a downtime of at most 10 minutes per year.;A;pronoun;most
R607;14;The application shall run on a web application server.;O;NULL;NULL
R608;14;A primary database will be used to store cached data for active users.;O;weak_1;will
R608;14;A primary database will be used to store cached data for active users.;O;plurals;users
R609;14;A secondary database will be used to store historical statistics and data.;O;weak_1;will
R609;14;A secondary database will be used to store historical statistics and data.;O;plurals;statistics
R609;14;A secondary database will be used to store historical statistics and data.;O;vague;and
R610;14;Application updates shall occur between 3AM and 6 AM CST on Wednesday morning during the middle of the NFL season.;MN;vague;and
R611;14;New System version releases shall be released at the beginning of each NFL season.;MN;plurals;releases
R612;15;The RFS system should be available 24/7  especially during the budgeting period. The RFS system shall be available 90% of the time all year  and 98% during the budgeting period. 2% of the time  the system will become available within 1 hour of the time that the situation is reported.;A;weak_1;should
R612;15;The RFS system should be available 24/7  especially during the budgeting period. The RFS system shall be available 90% of the time all year  and 98% during the budgeting period. 2% of the time  the system will become available within 1 hour of the time that the situation is reported.;A;qualifier;all
R612;15;The RFS system should be available 24/7  especially during the budgeting period. The RFS system shall be available 90% of the time all year  and 98% during the budgeting period. 2% of the time  the system will become available within 1 hour of the time that the situation is reported.;A;vague;and
R612;15;The RFS system should be available 24/7  especially during the budgeting period. The RFS system shall be available 90% of the time all year  and 98% during the budgeting period. 2% of the time  the system will become available within 1 hour of the time that the situation is reported.;A;weak_1;will
R612;15;The RFS system should be available 24/7  especially during the budgeting period. The RFS system shall be available 90% of the time all year  and 98% during the budgeting period. 2% of the time  the system will become available within 1 hour of the time that the situation is reported.;A;pronoun;that
R613;15;98% of the user workstations shall meet the minimum hardware requirements prior to implementation. Minimum Hard Disk Space:  400MB.;O;vague;minimum
R613;15;98% of the user workstations shall meet the minimum hardware requirements prior to implementation. Minimum Hard Disk Space:  400MB.;O;plurals;requirements
R613;15;98% of the user workstations shall meet the minimum hardware requirements prior to implementation. Minimum Hard Disk Space:  400MB.;O;vague;Minimum
R613;15;98% of the user workstations shall meet the minimum hardware requirements prior to implementation. Minimum Hard Disk Space:  400MB.;O;continuance;:
R614;15;98% of the user workstations shall meet the minimum software requirements prior to implementation: Microsoft Internet Explorer 5.0. Microsoft .NET Framework 1.1. Microsoft Internet Explorer Web Controls;O;vague;minimum
R614;15;98% of the user workstations shall meet the minimum software requirements prior to implementation: Microsoft Internet Explorer 5.0. Microsoft .NET Framework 1.1. Microsoft Internet Explorer Web Controls;O;plurals;requirements
R614;15;98% of the user workstations shall meet the minimum software requirements prior to implementation: Microsoft Internet Explorer 5.0. Microsoft .NET Framework 1.1. Microsoft Internet Explorer Web Controls;O;continuance;:
R614;15;98% of the user workstations shall meet the minimum software requirements prior to implementation: Microsoft Internet Explorer 5.0. Microsoft .NET Framework 1.1. Microsoft Internet Explorer Web Controls;O;plurals;Controls
R615;15;The RFS system should be able to easily interface with the BDW environment  in order to load the data. \95	7 data files shall be received from the BDW and loaded into the RFS system within 3 hours one day prior to the start of budgeting process  every year. The data will be as of October month-end. 	Test files (7) shall be loaded up to 5 times throughout the year  from the BDW.;O;vague;able to
R615;15;The RFS system should be able to easily interface with the BDW environment  in order to load the data. \95	7 data files shall be received from the BDW and loaded into the RFS system within 3 hours one day prior to the start of budgeting process  every year. The data will be as of October month-end. 	Test files (7) shall be loaded up to 5 times throughout the year  from the BDW.;O;weak_1;should
R615;15;The RFS system should be able to easily interface with the BDW environment  in order to load the data. \95	7 data files shall be received from the BDW and loaded into the RFS system within 3 hours one day prior to the start of budgeting process  every year. The data will be as of October month-end. 	Test files (7) shall be loaded up to 5 times throughout the year  from the BDW.;O;vague;easily
R615;15;The RFS system should be able to easily interface with the BDW environment  in order to load the data. \95	7 data files shall be received from the BDW and loaded into the RFS system within 3 hours one day prior to the start of budgeting process  every year. The data will be as of October month-end. 	Test files (7) shall be loaded up to 5 times throughout the year  from the BDW.;O;plurals;files
R615;15;The RFS system should be able to easily interface with the BDW environment  in order to load the data. \95	7 data files shall be received from the BDW and loaded into the RFS system within 3 hours one day prior to the start of budgeting process  every year. The data will be as of October month-end. 	Test files (7) shall be loaded up to 5 times throughout the year  from the BDW.;O;vague;and
R615;15;The RFS system should be able to easily interface with the BDW environment  in order to load the data. \95	7 data files shall be received from the BDW and loaded into the RFS system within 3 hours one day prior to the start of budgeting process  every year. The data will be as of October month-end. 	Test files (7) shall be loaded up to 5 times throughout the year  from the BDW.;O;weak_1;will
R615;15;The RFS system should be able to easily interface with the BDW environment  in order to load the data. \95	7 data files shall be received from the BDW and loaded into the RFS system within 3 hours one day prior to the start of budgeting process  every year. The data will be as of October month-end. 	Test files (7) shall be loaded up to 5 times throughout the year  from the BDW.;O;vague;(
R616;15;Changes to revenue and expense formulae must be applied to the RFS system  every year  prior to the budgeting process start. Revenue and expense formulae will be updated within one week of their receipt  after which 2 weeks will be allotted to testing of the budget calculations  to be conducted jointly by the project development team and PCG Finance.;MN;plurals;Changes
R616;15;Changes to revenue and expense formulae must be applied to the RFS system  every year  prior to the budgeting process start. Revenue and expense formulae will be updated within one week of their receipt  after which 2 weeks will be allotted to testing of the budget calculations  to be conducted jointly by the project development team and PCG Finance.;MN;vague;and
R616;15;Changes to revenue and expense formulae must be applied to the RFS system  every year  prior to the budgeting process start. Revenue and expense formulae will be updated within one week of their receipt  after which 2 weeks will be allotted to testing of the budget calculations  to be conducted jointly by the project development team and PCG Finance.;MN;weak_1;will
R616;15;Changes to revenue and expense formulae must be applied to the RFS system  every year  prior to the budgeting process start. Revenue and expense formulae will be updated within one week of their receipt  after which 2 weeks will be allotted to testing of the budget calculations  to be conducted jointly by the project development team and PCG Finance.;MN;pronoun;their
R616;15;Changes to revenue and expense formulae must be applied to the RFS system  every year  prior to the budgeting process start. Revenue and expense formulae will be updated within one week of their receipt  after which 2 weeks will be allotted to testing of the budget calculations  to be conducted jointly by the project development team and PCG Finance.;MN;pronoun;which
R616;15;Changes to revenue and expense formulae must be applied to the RFS system  every year  prior to the budgeting process start. Revenue and expense formulae will be updated within one week of their receipt  after which 2 weeks will be allotted to testing of the budget calculations  to be conducted jointly by the project development team and PCG Finance.;MN;plurals;calculations
R617;15;New branches/complexes/districts/regions and revenue/expense accounts added to the BDW  must be reflected in the RFS system. 100% of the entities (mentioned above) available as of October month-end  will be loaded into the RFS system  prior to the budget start process.;MN;plurals;branches
R617;15;New branches/complexes/districts/regions and revenue/expense accounts added to the BDW  must be reflected in the RFS system. 100% of the entities (mentioned above) available as of October month-end  will be loaded into the RFS system  prior to the budget start process.;MN;plurals;complexes
R617;15;New branches/complexes/districts/regions and revenue/expense accounts added to the BDW  must be reflected in the RFS system. 100% of the entities (mentioned above) available as of October month-end  will be loaded into the RFS system  prior to the budget start process.;MN;plurals;districts
R617;15;New branches/complexes/districts/regions and revenue/expense accounts added to the BDW  must be reflected in the RFS system. 100% of the entities (mentioned above) available as of October month-end  will be loaded into the RFS system  prior to the budget start process.;MN;plurals;regions
R617;15;New branches/complexes/districts/regions and revenue/expense accounts added to the BDW  must be reflected in the RFS system. 100% of the entities (mentioned above) available as of October month-end  will be loaded into the RFS system  prior to the budget start process.;MN;vague;and
R617;15;New branches/complexes/districts/regions and revenue/expense accounts added to the BDW  must be reflected in the RFS system. 100% of the entities (mentioned above) available as of October month-end  will be loaded into the RFS system  prior to the budget start process.;MN;plurals;accounts
R617;15;New branches/complexes/districts/regions and revenue/expense accounts added to the BDW  must be reflected in the RFS system. 100% of the entities (mentioned above) available as of October month-end  will be loaded into the RFS system  prior to the budget start process.;MN;plurals;entities
R617;15;New branches/complexes/districts/regions and revenue/expense accounts added to the BDW  must be reflected in the RFS system. 100% of the entities (mentioned above) available as of October month-end  will be loaded into the RFS system  prior to the budget start process.;MN;vague;(
R617;15;New branches/complexes/districts/regions and revenue/expense accounts added to the BDW  must be reflected in the RFS system. 100% of the entities (mentioned above) available as of October month-end  will be loaded into the RFS system  prior to the budget start process.;MN;weak_1;will
R618;15;Only authorized user shall access the RFS system. ONLY users that exist in the UAS system  with the RFS system assigned to their role(s)  shall access the RFS system and use it.;SE;vague;exist in
R618;15;Only authorized user shall access the RFS system. ONLY users that exist in the UAS system  with the RFS system assigned to their role(s)  shall access the RFS system and use it.;SE;vague;Only
R618;15;Only authorized user shall access the RFS system. ONLY users that exist in the UAS system  with the RFS system assigned to their role(s)  shall access the RFS system and use it.;SE;vague;ONLY
R618;15;Only authorized user shall access the RFS system. ONLY users that exist in the UAS system  with the RFS system assigned to their role(s)  shall access the RFS system and use it.;SE;plurals;users
R618;15;Only authorized user shall access the RFS system. ONLY users that exist in the UAS system  with the RFS system assigned to their role(s)  shall access the RFS system and use it.;SE;pronoun;that
R618;15;Only authorized user shall access the RFS system. ONLY users that exist in the UAS system  with the RFS system assigned to their role(s)  shall access the RFS system and use it.;SE;pronoun;their
R618;15;Only authorized user shall access the RFS system. ONLY users that exist in the UAS system  with the RFS system assigned to their role(s)  shall access the RFS system and use it.;SE;vague;and
R618;15;Only authorized user shall access the RFS system. ONLY users that exist in the UAS system  with the RFS system assigned to their role(s)  shall access the RFS system and use it.;SE;pronoun;it
R619;15;User access should be limited to the permissions granted to their role(s) Each level in the PCG hierarchy will be assigned a role and users will be assigned to these roles. Access to functionality within RFS system is dependent on the privileges/permission assigned to the role..;SE;weak_1;should
R619;15;User access should be limited to the permissions granted to their role(s) Each level in the PCG hierarchy will be assigned a role and users will be assigned to these roles. Access to functionality within RFS system is dependent on the privileges/permission assigned to the role..;SE;pronoun;their
R619;15;User access should be limited to the permissions granted to their role(s) Each level in the PCG hierarchy will be assigned a role and users will be assigned to these roles. Access to functionality within RFS system is dependent on the privileges/permission assigned to the role..;SE;weak_1;will
R619;15;User access should be limited to the permissions granted to their role(s) Each level in the PCG hierarchy will be assigned a role and users will be assigned to these roles. Access to functionality within RFS system is dependent on the privileges/permission assigned to the role..;SE;vague;and
R619;15;User access should be limited to the permissions granted to their role(s) Each level in the PCG hierarchy will be assigned a role and users will be assigned to these roles. Access to functionality within RFS system is dependent on the privileges/permission assigned to the role..;SE;plurals;users
R619;15;User access should be limited to the permissions granted to their role(s) Each level in the PCG hierarchy will be assigned a role and users will be assigned to these roles. Access to functionality within RFS system is dependent on the privileges/permission assigned to the role..;SE;pronoun;these
R619;15;User access should be limited to the permissions granted to their role(s) Each level in the PCG hierarchy will be assigned a role and users will be assigned to these roles. Access to functionality within RFS system is dependent on the privileges/permission assigned to the role..;SE;plurals;roles
R619;15;User access should be limited to the permissions granted to their role(s) Each level in the PCG hierarchy will be assigned a role and users will be assigned to these roles. Access to functionality within RFS system is dependent on the privileges/permission assigned to the role..;SE;plurals;privileges
R620;15;The product must comply with the intranet page standards and requirements of ENET Securities. 95% of the product look & feel will be approved by the Architecture group  prior to implementation. The remaining 5% will be corrected and approved within one month of product release.;LF;plurals;standards
R620;15;The product must comply with the intranet page standards and requirements of ENET Securities. 95% of the product look & feel will be approved by the Architecture group  prior to implementation. The remaining 5% will be corrected and approved within one month of product release.;LF;vague;and
R620;15;The product must comply with the intranet page standards and requirements of ENET Securities. 95% of the product look & feel will be approved by the Architecture group  prior to implementation. The remaining 5% will be corrected and approved within one month of product release.;LF;plurals;requirements
R620;15;The product must comply with the intranet page standards and requirements of ENET Securities. 95% of the product look & feel will be approved by the Architecture group  prior to implementation. The remaining 5% will be corrected and approved within one month of product release.;LF;plurals;Securities
R620;15;The product must comply with the intranet page standards and requirements of ENET Securities. 95% of the product look & feel will be approved by the Architecture group  prior to implementation. The remaining 5% will be corrected and approved within one month of product release.;LF;weak_1;will
R621;15;The intranet pages should display appropriately in all resolutions  from 800x600 and higher. The display of all the pages will be correct in 95% of the resolutions  prior to implementation. The remaining 5% will be corrected within a week of notification of the incorrect display.;LF;plurals;pages
R621;15;The intranet pages should display appropriately in all resolutions  from 800x600 and higher. The display of all the pages will be correct in 95% of the resolutions  prior to implementation. The remaining 5% will be corrected within a week of notification of the incorrect display.;LF;weak_1;should
R621;15;The intranet pages should display appropriately in all resolutions  from 800x600 and higher. The display of all the pages will be correct in 95% of the resolutions  prior to implementation. The remaining 5% will be corrected within a week of notification of the incorrect display.;LF;qualifier;all
R621;15;The intranet pages should display appropriately in all resolutions  from 800x600 and higher. The display of all the pages will be correct in 95% of the resolutions  prior to implementation. The remaining 5% will be corrected within a week of notification of the incorrect display.;LF;plurals;resolutions
R621;15;The intranet pages should display appropriately in all resolutions  from 800x600 and higher. The display of all the pages will be correct in 95% of the resolutions  prior to implementation. The remaining 5% will be corrected within a week of notification of the incorrect display.;LF;vague;and
R621;15;The intranet pages should display appropriately in all resolutions  from 800x600 and higher. The display of all the pages will be correct in 95% of the resolutions  prior to implementation. The remaining 5% will be corrected within a week of notification of the incorrect display.;LF;weak_1;will
R622;15;The users should be able to easily use the system to successfully complete their budgets  within the stipulated time for completion. With a week of training prior to product implementation  98% of the users shall complete their budgets within the stipulated time.;US;vague;able to
R622;15;The users should be able to easily use the system to successfully complete their budgets  within the stipulated time for completion. With a week of training prior to product implementation  98% of the users shall complete their budgets within the stipulated time.;US;plurals;users
R622;15;The users should be able to easily use the system to successfully complete their budgets  within the stipulated time for completion. With a week of training prior to product implementation  98% of the users shall complete their budgets within the stipulated time.;US;weak_1;should
R622;15;The users should be able to easily use the system to successfully complete their budgets  within the stipulated time for completion. With a week of training prior to product implementation  98% of the users shall complete their budgets within the stipulated time.;US;vague;easily
R622;15;The users should be able to easily use the system to successfully complete their budgets  within the stipulated time for completion. With a week of training prior to product implementation  98% of the users shall complete their budgets within the stipulated time.;US;pronoun;their
R622;15;The users should be able to easily use the system to successfully complete their budgets  within the stipulated time for completion. With a week of training prior to product implementation  98% of the users shall complete their budgets within the stipulated time.;US;plurals;budgets
R623;15;The product interface should be fast. The response time of the product interface should not exceed 2 seconds 90% of the time. For 10% of the time  the response time should not be more than 10 seconds.not be more than 10 seconds.;PE;weak_1;should
R623;15;The product interface should be fast. The response time of the product interface should not exceed 2 seconds 90% of the time. For 10% of the time  the response time should not be more than 10 seconds.not be more than 10 seconds.;PE;vague;fast
R623;15;The product interface should be fast. The response time of the product interface should not exceed 2 seconds 90% of the time. For 10% of the time  the response time should not be more than 10 seconds.not be more than 10 seconds.;PE;vague;more
R624;16;The system shall operate on Unix and Windows operating systems.;PO;vague;and
R624;16;The system shall operate on Unix and Windows operating systems.;PO;plurals;Windows
R624;16;The system shall operate on Unix and Windows operating systems.;PO;plurals;systems
R625;16;The system shall be evoked by typing “pine” into a command or shell prompt.;O;optional;or
R625;16;The system shall be evoked by typing “pine” into a command or shell prompt.;O;vague;prompt
R626;16;The system shall use the SMTP mail protocol.;O;NULL;NULL
R627;16;The system shall support the ability to perform a send and receive operation.;F;vague;and
R628;16;The system shall support the ability to perform a send only operation.;F;vague;only
R629;16;The system shall support the ability to perform a receive only operation.;F;vague;only
R630;16;The system shall use a text-based interface to display a listing of available mail.;LF;NULL;NULL
R631;16;The system shall have a help system that offers tips and explanation for each screen and each item on the screens upon demand.;US;pronoun;that
R631;16;The system shall have a help system that offers tips and explanation for each screen and each item on the screens upon demand.;US;plurals;tips
R631;16;The system shall have a help system that offers tips and explanation for each screen and each item on the screens upon demand.;US;vague;and
R631;16;The system shall have a help system that offers tips and explanation for each screen and each item on the screens upon demand.;US;plurals;screens
R632;16;The system shall display and embed in each message a date/timestamp of when the message was sent.;F;vague;and
R633;16;The system shall allow a text search that users may use to find mail messages.;F;pronoun;that
R633;16;The system shall allow a text search that users may use to find mail messages.;F;plurals;users
R633;16;The system shall allow a text search that users may use to find mail messages.;F;weak_1;may
R633;16;The system shall allow a text search that users may use to find mail messages.;F;plurals;messages
R634;16;The system search feature should support the use of regular expressions in search.;F;weak_1;should
R634;16;The system search feature should support the use of regular expressions in search.;F;plurals;expressions
R635;17;The system shall provide an option to withdraw money.;F;NULL;NULL
R636;17;The system shall query the user for the amount of money.;F;NULL;NULL
R637;17;The system shall query the user for the account type.;F;NULL;NULL
R638;17;The system shall validate the amount is available in the user’s account before releasing funds to the user.;F;plurals;funds
R639;17;The system shall validate the amount is a multiple of $20.;F;NULL;NULL
R640;17;The system shall debit the user’s account upon withdrawal of funds.;F;plurals;funds
R641;17;The system shall be able to issue a specific amount of money to the user.;F;vague;able to
R641;17;The system shall be able to issue a specific amount of money to the user.;F;vague;specific
R642;18;The meeting scheduler system shall be able to select a participant as an important participant.;F;vague;able to
R643;18;The meeting scheduler system shall cancel a meeting due to canceling of an important participant.;F;NULL;NULL
R644;18;The meeting scheduler system shall reschedule a meeting to support conflict resolutions.;F;plurals;resolutions
R645;18;The meeting scheduler shall be accessed from the Web.;O;NULL;NULL
R646;18;The meeting scheduler system may (optionally) automatically propose another meeting if current meeting is canceled by an important participant.;F;weak_1;may
R646;18;The meeting scheduler system may (optionally) automatically propose another meeting if current meeting is canceled by an important participant.;F;vague;(
R646;18;The meeting scheduler system may (optionally) automatically propose another meeting if current meeting is canceled by an important participant.;F;optional;optionally
R647;18;The meeting scheduler system may provide the “meeting initiator” a summary of the scan of “potential meeting participants” showing available “time slots” and schedule conflicts as a means of informing the “meeting initiator” of the overall results of the system.;F;weak_1;may
R647;18;The meeting scheduler system may provide the “meeting initiator” a summary of the scan of “potential meeting participants” showing available “time slots” and schedule conflicts as a means of informing the “meeting initiator” of the overall results of the system.;F;plurals;participants
R647;18;The meeting scheduler system may provide the “meeting initiator” a summary of the scan of “potential meeting participants” showing available “time slots” and schedule conflicts as a means of informing the “meeting initiator” of the overall results of the system.;F;plurals;slots
R647;18;The meeting scheduler system may provide the “meeting initiator” a summary of the scan of “potential meeting participants” showing available “time slots” and schedule conflicts as a means of informing the “meeting initiator” of the overall results of the system.;F;vague;and
R647;18;The meeting scheduler system may provide the “meeting initiator” a summary of the scan of “potential meeting participants” showing available “time slots” and schedule conflicts as a means of informing the “meeting initiator” of the overall results of the system.;F;plurals;conflicts
R647;18;The meeting scheduler system may provide the “meeting initiator” a summary of the scan of “potential meeting participants” showing available “time slots” and schedule conflicts as a means of informing the “meeting initiator” of the overall results of the system.;F;plurals;means
R647;18;The meeting scheduler system may provide the “meeting initiator” a summary of the scan of “potential meeting participants” showing available “time slots” and schedule conflicts as a means of informing the “meeting initiator” of the overall results of the system.;F;plurals;results
R648;18;The meeting scheduler system may be able to include an agenda for a meeting proposal.;F;vague;able to
R648;18;The meeting scheduler system may be able to include an agenda for a meeting proposal.;F;weak_1;may
R649;18;The meeting scheduler system may suggest a “virtual meeting” for available “time slots” if no location is available or feasible for the meeting.;F;weak_1;may
R649;18;The meeting scheduler system may suggest a “virtual meeting” for available “time slots” if no location is available or feasible for the meeting.;F;plurals;slots
R649;18;The meeting scheduler system may suggest a “virtual meeting” for available “time slots” if no location is available or feasible for the meeting.;F;optional;or
R650;18;The meeting scheduler system may be able to include a list of required equipment for a meeting proposal.;F;vague;able to
R650;18;The meeting scheduler system may be able to include a list of required equipment for a meeting proposal.;F;weak_1;may
R651;18;A meeting scheduler system will temporarily reserve the “time slots” for the proposed meeting.;F;weak_1;will
R651;18;A meeting scheduler system will temporarily reserve the “time slots” for the proposed meeting.;F;plurals;slots
R652;18;A meeting scheduler system will inform the “potential meeting participant” of the meeting.;F;weak_1;will
R653;19;The system must be easy to use by both managers and chefs such that they do not need to read an extensive amount of manuals.;US;vague;easy
R653;19;The system must be easy to use by both managers and chefs such that they do not need to read an extensive amount of manuals.;US;vague;both
R653;19;The system must be easy to use by both managers and chefs such that they do not need to read an extensive amount of manuals.;US;plurals;managers
R653;19;The system must be easy to use by both managers and chefs such that they do not need to read an extensive amount of manuals.;US;vague;and
R653;19;The system must be easy to use by both managers and chefs such that they do not need to read an extensive amount of manuals.;US;plurals;chefs
R653;19;The system must be easy to use by both managers and chefs such that they do not need to read an extensive amount of manuals.;US;pronoun;that
R653;19;The system must be easy to use by both managers and chefs such that they do not need to read an extensive amount of manuals.;US;pronoun;they
R653;19;The system must be easy to use by both managers and chefs such that they do not need to read an extensive amount of manuals.;US;plurals;manuals
R654;19;The system must be quickly accessible by both managers and chefs.;US;vague;quickly
R654;19;The system must be quickly accessible by both managers and chefs.;US;vague;both
R654;19;The system must be quickly accessible by both managers and chefs.;US;plurals;managers
R654;19;The system must be quickly accessible by both managers and chefs.;US;vague;and
R654;19;The system must be quickly accessible by both managers and chefs.;US;plurals;chefs
R655;19;The system must be intuitive and simple in the way it displays all relevant data and relationships.;US;vague;and
R655;19;The system must be intuitive and simple in the way it displays all relevant data and relationships.;US;vague;simple
R655;19;The system must be intuitive and simple in the way it displays all relevant data and relationships.;US;pronoun;it
R655;19;The system must be intuitive and simple in the way it displays all relevant data and relationships.;US;plurals;displays
R655;19;The system must be intuitive and simple in the way it displays all relevant data and relationships.;US;qualifier;all
R655;19;The system must be intuitive and simple in the way it displays all relevant data and relationships.;US;vague;relevant
R655;19;The system must be intuitive and simple in the way it displays all relevant data and relationships.;US;plurals;relationships
R656;19;The menus of the system must be easily navigable by the users with buttons that are easy to understand.;US;plurals;menus
R656;19;The menus of the system must be easily navigable by the users with buttons that are easy to understand.;US;vague;easily
R656;19;The menus of the system must be easily navigable by the users with buttons that are easy to understand.;US;plurals;users
R656;19;The menus of the system must be easily navigable by the users with buttons that are easy to understand.;US;plurals;buttons
R656;19;The menus of the system must be easily navigable by the users with buttons that are easy to understand.;US;pronoun;that
R656;19;The menus of the system must be easily navigable by the users with buttons that are easy to understand.;US;vague;easy
R657;19;All the functions of the system must be available to the user every time the system is turned on.;A;qualifier;All
R657;19;All the functions of the system must be available to the user every time the system is turned on.;A;plurals;functions
R658;19;The calculations performed by the system must comply according to the norms set by the user and should not vary unless explicitly changed by the user.;L;plurals;calculations
R658;19;The calculations performed by the system must comply according to the norms set by the user and should not vary unless explicitly changed by the user.;L;plurals;norms
R658;19;The calculations performed by the system must comply according to the norms set by the user and should not vary unless explicitly changed by the user.;L;vague;and
R658;19;The calculations performed by the system must comply according to the norms set by the user and should not vary unless explicitly changed by the user.;L;weak_1;should
R658;19;The calculations performed by the system must comply according to the norms set by the user and should not vary unless explicitly changed by the user.;L;vague;unless
R659;19;The client should agree to EULA before using our software.;L;weak_1;should
R659;19;The client should agree to EULA before using our software.;L;pronoun;our
R660;20;All Web pages generated by the system shall be fully downloadable in no more than 10 seconds over a 40KBps modem connection.;PE;qualifier;All
R660;20;All Web pages generated by the system shall be fully downloadable in no more than 10 seconds over a 40KBps modem connection.;PE;plurals;pages
R660;20;All Web pages generated by the system shall be fully downloadable in no more than 10 seconds over a 40KBps modem connection.;PE;vague;more
R661;20;Responses to queries shall take no longer than 7 seconds to load onto the screen after the user submits the query.;PE;plurals;Responses
R661;20;Responses to queries shall take no longer than 7 seconds to load onto the screen after the user submits the query.;PE;plurals;queries
R662;20;The system shall display confirmation messages to users within 4 seconds after the user submits information to the system.;PE;plurals;messages
R662;20;The system shall display confirmation messages to users within 4 seconds after the user submits information to the system.;PE;plurals;users
R663;20;All network transactions that involve financial information or personally identifiable information shall be encrypted.;SE;qualifier;All
R663;20;All network transactions that involve financial information or personally identifiable information shall be encrypted.;SE;plurals;transactions
R663;20;All network transactions that involve financial information or personally identifiable information shall be encrypted.;SE;pronoun;that
R663;20;All network transactions that involve financial information or personally identifiable information shall be encrypted.;SE;optional;or
R664;20;Users shall be required to log in to the Cafeteria Ordering System for all operations except viewing a menu.;F;plurals;Users
R664;20;Users shall be required to log in to the Cafeteria Ordering System for all operations except viewing a menu.;F;qualifier;all
R664;20;Users shall be required to log in to the Cafeteria Ordering System for all operations except viewing a menu.;F;plurals;operations
R665;20;Patrons shall log in according to the restricted computer system access policy.;SE;plurals;Patrons
R666;20;The system shall permit only cafeteria staff members who are on the list of authorized Menu Managers to create or edit menus.;F;vague;only
R666;20;The system shall permit only cafeteria staff members who are on the list of authorized Menu Managers to create or edit menus.;F;plurals;members
R666;20;The system shall permit only cafeteria staff members who are on the list of authorized Menu Managers to create or edit menus.;F;pronoun;who
R666;20;The system shall permit only cafeteria staff members who are on the list of authorized Menu Managers to create or edit menus.;F;plurals;Managers
R666;20;The system shall permit only cafeteria staff members who are on the list of authorized Menu Managers to create or edit menus.;F;optional;or
R666;20;The system shall permit only cafeteria staff members who are on the list of authorized Menu Managers to create or edit menus.;F;plurals;menus
R667;20;Only users who have been authorized for home access to the corporate Intranet may use the COS from non-company locations.;SE;vague;Only
R667;20;Only users who have been authorized for home access to the corporate Intranet may use the COS from non-company locations.;SE;plurals;users
R667;20;Only users who have been authorized for home access to the corporate Intranet may use the COS from non-company locations.;SE;pronoun;who
R667;20;Only users who have been authorized for home access to the corporate Intranet may use the COS from non-company locations.;SE;weak_1;may
R667;20;Only users who have been authorized for home access to the corporate Intranet may use the COS from non-company locations.;SE;plurals;locations
R668;21;Programmers and application developers will have access to source code to address bugs or system enhancements as deemed necessary. Network Administrator and DBA support is also required to maintain a 24x7 system uptime.;A;plurals;Programmers
R668;21;Programmers and application developers will have access to source code to address bugs or system enhancements as deemed necessary. Network Administrator and DBA support is also required to maintain a 24x7 system uptime.;A;vague;and
R668;21;Programmers and application developers will have access to source code to address bugs or system enhancements as deemed necessary. Network Administrator and DBA support is also required to maintain a 24x7 system uptime.;A;plurals;developers
R668;21;Programmers and application developers will have access to source code to address bugs or system enhancements as deemed necessary. Network Administrator and DBA support is also required to maintain a 24x7 system uptime.;A;weak_1;will
R668;21;Programmers and application developers will have access to source code to address bugs or system enhancements as deemed necessary. Network Administrator and DBA support is also required to maintain a 24x7 system uptime.;A;plurals;bugs
R668;21;Programmers and application developers will have access to source code to address bugs or system enhancements as deemed necessary. Network Administrator and DBA support is also required to maintain a 24x7 system uptime.;A;optional;or
R668;21;Programmers and application developers will have access to source code to address bugs or system enhancements as deemed necessary. Network Administrator and DBA support is also required to maintain a 24x7 system uptime.;A;vague;necessary
R668;21;Programmers and application developers will have access to source code to address bugs or system enhancements as deemed necessary. Network Administrator and DBA support is also required to maintain a 24x7 system uptime.;A;vague;also
R669;21;System security and access levels are provided in the online system. There are varying levels of system access and functional authority. Each student’s access is limited to his/her own registration records. Only authorized system administrator(s) has access to all student registration records.;SE;vague;and
R669;21;System security and access levels are provided in the online system. There are varying levels of system access and functional authority. Each student’s access is limited to his/her own registration records. Only authorized system administrator(s) has access to all student registration records.;SE;plurals;levels
R669;21;System security and access levels are provided in the online system. There are varying levels of system access and functional authority. Each student’s access is limited to his/her own registration records. Only authorized system administrator(s) has access to all student registration records.;SE;vague;provided
R669;21;System security and access levels are provided in the online system. There are varying levels of system access and functional authority. Each student’s access is limited to his/her own registration records. Only authorized system administrator(s) has access to all student registration records.;SE;vague;There
R669;21;System security and access levels are provided in the online system. There are varying levels of system access and functional authority. Each student’s access is limited to his/her own registration records. Only authorized system administrator(s) has access to all student registration records.;SE;vague;varying
R669;21;System security and access levels are provided in the online system. There are varying levels of system access and functional authority. Each student’s access is limited to his/her own registration records. Only authorized system administrator(s) has access to all student registration records.;SE;pronoun;his
R669;21;System security and access levels are provided in the online system. There are varying levels of system access and functional authority. Each student’s access is limited to his/her own registration records. Only authorized system administrator(s) has access to all student registration records.;SE;pronoun;her
R669;21;System security and access levels are provided in the online system. There are varying levels of system access and functional authority. Each student’s access is limited to his/her own registration records. Only authorized system administrator(s) has access to all student registration records.;SE;plurals;records
R669;21;System security and access levels are provided in the online system. There are varying levels of system access and functional authority. Each student’s access is limited to his/her own registration records. Only authorized system administrator(s) has access to all student registration records.;SE;vague;Only
R669;21;System security and access levels are provided in the online system. There are varying levels of system access and functional authority. Each student’s access is limited to his/her own registration records. Only authorized system administrator(s) has access to all student registration records.;SE;qualifier;all
R670;21;The online registration system is “self-service style” system that shall initially address the student registration needs.;F;pronoun;that
R671;22;All data entry forms for the application should match their Microsoft Excel hardcopy counterparts as closely as possible. Hardcopies of these forms were provided to the design team during the second requirements interview.;O;qualifier;All
R671;22;All data entry forms for the application should match their Microsoft Excel hardcopy counterparts as closely as possible. Hardcopies of these forms were provided to the design team during the second requirements interview.;O;plurals;forms
R671;22;All data entry forms for the application should match their Microsoft Excel hardcopy counterparts as closely as possible. Hardcopies of these forms were provided to the design team during the second requirements interview.;O;weak_1;should
R671;22;All data entry forms for the application should match their Microsoft Excel hardcopy counterparts as closely as possible. Hardcopies of these forms were provided to the design team during the second requirements interview.;O;pronoun;their
R671;22;All data entry forms for the application should match their Microsoft Excel hardcopy counterparts as closely as possible. Hardcopies of these forms were provided to the design team during the second requirements interview.;O;plurals;counterparts
R671;22;All data entry forms for the application should match their Microsoft Excel hardcopy counterparts as closely as possible. Hardcopies of these forms were provided to the design team during the second requirements interview.;O;pronoun;these
R671;22;All data entry forms for the application should match their Microsoft Excel hardcopy counterparts as closely as possible. Hardcopies of these forms were provided to the design team during the second requirements interview.;O;vague;provided
R671;22;All data entry forms for the application should match their Microsoft Excel hardcopy counterparts as closely as possible. Hardcopies of these forms were provided to the design team during the second requirements interview.;O;plurals;requirements
R672;23;95% of users will not need to read the user manual to be able to use the application.;US;vague;able to
R672;23;95% of users will not need to read the user manual to be able to use the application.;US;plurals;users
R672;23;95% of users will not need to read the user manual to be able to use the application.;US;weak_1;will
R673;23;Changes made to the Manage My ID website can be adopted without altering the iOS application.;MN;plurals;Changes
R673;23;Changes made to the Manage My ID website can be adopted without altering the iOS application.;MN;pronoun;My
R673;23;Changes made to the Manage My ID website can be adopted without altering the iOS application.;MN;weak_1;can
R674;24;The application should be connected to the Internet.;A;weak_1;should
R675;24;The application should be connected to the GPS device.;A;weak_1;should
R676;24;The application should be easy to extend. The code should be written in a way that it favors implementation of new functions.;MN;weak_1;should
R676;24;The application should be easy to extend. The code should be written in a way that it favors implementation of new functions.;MN;vague;easy
R676;24;The application should be easy to extend. The code should be written in a way that it favors implementation of new functions.;MN;pronoun;that
R676;24;The application should be easy to extend. The code should be written in a way that it favors implementation of new functions.;MN;pronoun;it
R676;24;The application should be easy to extend. The code should be written in a way that it favors implementation of new functions.;MN;plurals;favors
R676;24;The application should be easy to extend. The code should be written in a way that it favors implementation of new functions.;MN;plurals;functions
R677;24;Test environments should be built for the application to allow testing of the applications different functions.;MN;plurals;environments
R677;24;Test environments should be built for the application to allow testing of the applications different functions.;MN;weak_1;should
R677;24;Test environments should be built for the application to allow testing of the applications different functions.;MN;plurals;applications
R677;24;Test environments should be built for the application to allow testing of the applications different functions.;MN;plurals;functions
R678;24;The application should be portable with iOS and Android.;PO;weak_1;should
R678;24;The application should be portable with iOS and Android.;PO;vague;and
R679;25;The system shall show a tabbed display (or equivalent functionality) with the campus map on one tab and info on the most recently announced building on the other.;LF;vague;(
R679;25;The system shall show a tabbed display (or equivalent functionality) with the campus map on one tab and info on the most recently announced building on the other.;LF;optional;or
R679;25;The system shall show a tabbed display (or equivalent functionality) with the campus map on one tab and info on the most recently announced building on the other.;LF;vague;and
R679;25;The system shall show a tabbed display (or equivalent functionality) with the campus map on one tab and info on the most recently announced building on the other.;LF;pronoun;most
R680;25;The system shall allow the user to scroll the campus map from the campus map tab.;US;NULL;NULL
R681;25;The campus map shall provide visual clues regarding what areas have prepared audio and therefore may be selected.;LF;plurals;clues
R681;25;The campus map shall provide visual clues regarding what areas have prepared audio and therefore may be selected.;LF;pronoun;what
R681;25;The campus map shall provide visual clues regarding what areas have prepared audio and therefore may be selected.;LF;plurals;areas
R681;25;The campus map shall provide visual clues regarding what areas have prepared audio and therefore may be selected.;LF;vague;and
R681;25;The campus map shall provide visual clues regarding what areas have prepared audio and therefore may be selected.;LF;weak_1;may
R682;25;The campus map shall have a pause/resume button. The pause and resume button will allow the user to scroll and select other buildings without being interrupted by the automatic search and announce feature.;LF;vague;and
R682;25;The campus map shall have a pause/resume button. The pause and resume button will allow the user to scroll and select other buildings without being interrupted by the automatic search and announce feature.;LF;weak_1;will
R682;25;The campus map shall have a pause/resume button. The pause and resume button will allow the user to scroll and select other buildings without being interrupted by the automatic search and announce feature.;LF;plurals;buildings
R683;25;The system shall provide a way to return to the startup screen.;US;NULL;NULL
R684;26;It should generate a report about registered complaint to the admin and response report to the user who has submitted his queries.;F;pronoun;It
R684;26;It should generate a report about registered complaint to the admin and response report to the user who has submitted his queries.;F;weak_1;should
R684;26;It should generate a report about registered complaint to the admin and response report to the user who has submitted his queries.;F;vague;and
R684;26;It should generate a report about registered complaint to the admin and response report to the user who has submitted his queries.;F;pronoun;who
R684;26;It should generate a report about registered complaint to the admin and response report to the user who has submitted his queries.;F;pronoun;his
R684;26;It should generate a report about registered complaint to the admin and response report to the user who has submitted his queries.;F;plurals;queries
R685;26;The system should maintain correct schedules of labs and the documentation of all the lab equipment.;F;weak_1;should
R685;26;The system should maintain correct schedules of labs and the documentation of all the lab equipment.;F;plurals;schedules
R685;26;The system should maintain correct schedules of labs and the documentation of all the lab equipment.;F;plurals;labs
R685;26;The system should maintain correct schedules of labs and the documentation of all the lab equipment.;F;vague;and
R685;26;The system should maintain correct schedules of labs and the documentation of all the lab equipment.;F;qualifier;all
R686;27;The system should use the company colors and logos.;LF;weak_1;should
R686;27;The system should use the company colors and logos.;LF;plurals;colors
R686;27;The system should use the company colors and logos.;LF;vague;and
R686;27;The system should use the company colors and logos.;LF;plurals;logos
R687;27;The system shall be capable of restoring itself to its previous state in the event of failure (e.g. a system crash or power loss).;FT;vague;capable of
R687;27;The system shall be capable of restoring itself to its previous state in the event of failure (e.g. a system crash or power loss).;FT;directive;e.g.
R687;27;The system shall be capable of restoring itself to its previous state in the event of failure (e.g. a system crash or power loss).;FT;pronoun;itself
R687;27;The system shall be capable of restoring itself to its previous state in the event of failure (e.g. a system crash or power loss).;FT;pronoun;its
R687;27;The system shall be capable of restoring itself to its previous state in the event of failure (e.g. a system crash or power loss).;FT;vague;(
R687;27;The system shall be capable of restoring itself to its previous state in the event of failure (e.g. a system crash or power loss).;FT;optional;or
R688;27;The system shall be able to display a menu at all times to facilitate manual order taking should the need arise.;LF;vague;able to
R688;27;The system shall be able to display a menu at all times to facilitate manual order taking should the need arise.;LF;qualifier;all
R688;27;The system shall be able to display a menu at all times to facilitate manual order taking should the need arise.;LF;weak_1;should
R689;27;The system shall utilise periodic 30-second keep-alive messages between tablets and the server to monitor tablet operational status.;O;plurals;messages
R689;27;The system shall utilise periodic 30-second keep-alive messages between tablets and the server to monitor tablet operational status.;O;plurals;tablets
R689;27;The system shall utilise periodic 30-second keep-alive messages between tablets and the server to monitor tablet operational status.;O;vague;and
R690;27;The system shall flag tablets that fail to send timely keep-alive messages as non-operational and disassociate the assigned waiter from the tablet.;FT;plurals;tablets
R690;27;The system shall flag tablets that fail to send timely keep-alive messages as non-operational and disassociate the assigned waiter from the tablet.;FT;pronoun;that
R690;27;The system shall flag tablets that fail to send timely keep-alive messages as non-operational and disassociate the assigned waiter from the tablet.;FT;vague;timely
R690;27;The system shall flag tablets that fail to send timely keep-alive messages as non-operational and disassociate the assigned waiter from the tablet.;FT;plurals;messages
R690;27;The system shall flag tablets that fail to send timely keep-alive messages as non-operational and disassociate the assigned waiter from the tablet.;FT;vague;and
R691;27;A waiter password used for tablet login must have a bit-strength of at least 64 bits.;SE;plurals;bits
R692;27;A waiter password used for tablet login must be changed every three months.;SE;NULL;NULL
R693;27;A waiter shall only be able to log into one tablet at any given instance of time.;SE;vague;able to
R693;27;A waiter shall only be able to log into one tablet at any given instance of time.;SE;vague;only
R693;27;A waiter shall only be able to log into one tablet at any given instance of time.;SE;qualifier;any
R694;27;A waiter that attempts to log into a second tablet while already logged into another tablet shall be rejected and notified through both tablets.;SE;pronoun;that
R694;27;A waiter that attempts to log into a second tablet while already logged into another tablet shall be rejected and notified through both tablets.;SE;vague;and
R694;27;A waiter that attempts to log into a second tablet while already logged into another tablet shall be rejected and notified through both tablets.;SE;vague;both
R694;27;A waiter that attempts to log into a second tablet while already logged into another tablet shall be rejected and notified through both tablets.;SE;plurals;tablets
R695;27;A display shall not require a user to log in.;SE;NULL;NULL
R696;27;A surface computer shall not require a user to log in.;SE;NULL;NULL
R697;27;A tablet shall require a user to log in using a username and password.;SE;vague;and
R698;28;The system will fully function in major browsers.;PO;weak_1;will
R699;28;The system will support mobile users in some way.;PO;weak_1;will
R699;28;The system will support mobile users in some way.;PO;plurals;users
R699;28;The system will support mobile users in some way.;PO;qualifier;some
R700;29;Responses to view information shall take no longer than 5 seconds to appear on the screen.;PE;plurals;Responses
R701;29;The system shall accommodate large data items without fault.;FT;plurals;items
R702;29;System will use secured database.;SE;weak_1;will
R703;29;Unauthorised users can only read data without modifying anything.;SE;plurals;users
R703;29;Unauthorised users can only read data without modifying anything.;SE;weak_1;can
R703;29;Unauthorised users can only read data without modifying anything.;SE;vague;only
R703;29;Unauthorised users can only read data without modifying anything.;SE;pronoun;anything
R704;29;ABS shall handle all expected and unexpected errors in ways that prevent loss in information and long downtime period.;FT;qualifier;all
R704;29;ABS shall handle all expected and unexpected errors in ways that prevent loss in information and long downtime period.;FT;vague;and
R704;29;ABS shall handle all expected and unexpected errors in ways that prevent loss in information and long downtime period.;FT;plurals;errors
R704;29;ABS shall handle all expected and unexpected errors in ways that prevent loss in information and long downtime period.;FT;pronoun;that
R705;30;Authenticate and Login user to the web app.;F;vague;and
R706;30;Enable new users to register to the tech support system.;F;plurals;users
R707;30;Enable a registered user to change his password if he forgets his password.;F;pronoun;his
R707;30;Enable a registered user to change his password if he forgets his password.;F;pronoun;he
R708;30;Enable a registered user to view his profile. Additional information viz. questions asked by him and answers posted by him are also displayed.;F;pronoun;his
R708;30;Enable a registered user to view his profile. Additional information viz. questions asked by him and answers posted by him are also displayed.;F;vague;Additional
R708;30;Enable a registered user to view his profile. Additional information viz. questions asked by him and answers posted by him are also displayed.;F;pronoun;him
R708;30;Enable a registered user to view his profile. Additional information viz. questions asked by him and answers posted by him are also displayed.;F;vague;and
R708;30;Enable a registered user to view his profile. Additional information viz. questions asked by him and answers posted by him are also displayed.;F;vague;also
R709;30;Enable a user to view questions and their corresponding answers.;F;vague;and
R709;30;Enable a user to view questions and their corresponding answers.;F;pronoun;their
R710;30;Enable a logged in user to ask questions.;F;NULL;NULL
R711;30;Enable a logged in user to post answers.;F;NULL;NULL
R712;30;Enable a logged in user to up vote and down vote answers.;F;vague;and
R713;30;Provide an interface for the admin to approve posts so that posts are not visible without admin approval.;F;plurals;posts
R713;30;Provide an interface for the admin to approve posts so that posts are not visible without admin approval.;F;pronoun;that
R714;30;Enable the admin to generate reports which contains all the posts and their corresponding replies.;F;plurals;reports
R714;30;Enable the admin to generate reports which contains all the posts and their corresponding replies.;F;pronoun;which
R714;30;Enable the admin to generate reports which contains all the posts and their corresponding replies.;F;qualifier;all
R714;30;Enable the admin to generate reports which contains all the posts and their corresponding replies.;F;plurals;posts
R714;30;Enable the admin to generate reports which contains all the posts and their corresponding replies.;F;vague;and
R714;30;Enable the admin to generate reports which contains all the posts and their corresponding replies.;F;pronoun;their
R714;30;Enable the admin to generate reports which contains all the posts and their corresponding replies.;F;plurals;replies
R715;30;Information transmission should be securely transmitted to server without any changes in information.;SE;weak_1;should
R715;30;Information transmission should be securely transmitted to server without any changes in information.;SE;vague;securely
R715;30;Information transmission should be securely transmitted to server without any changes in information.;SE;qualifier;any
R715;30;Information transmission should be securely transmitted to server without any changes in information.;SE;plurals;changes
R716;30;Be intuitive even to first time users;LF;plurals;users
R717;31;Flea Market system will interface with the web server and RDBMS software using APIs provided by the implementation language;O;weak_1;will
R717;31;Flea Market system will interface with the web server and RDBMS software using APIs provided by the implementation language;O;vague;and
R717;31;Flea Market system will interface with the web server and RDBMS software using APIs provided by the implementation language;O;vague;provided
R718;31;All transactions at the Flea Market require a valid user ID and password.;SE;qualifier;All
R718;31;All transactions at the Flea Market require a valid user ID and password.;SE;plurals;transactions
R718;31;All transactions at the Flea Market require a valid user ID and password.;SE;vague;and
R719;31;Secure data transfer over the Internet could be provided using SSL encryption that will be configured by the host system administrator.;SE;vague;Secure
R719;31;Secure data transfer over the Internet could be provided using SSL encryption that will be configured by the host system administrator.;SE;weak_1;could
R719;31;Secure data transfer over the Internet could be provided using SSL encryption that will be configured by the host system administrator.;SE;vague;provided
R719;31;Secure data transfer over the Internet could be provided using SSL encryption that will be configured by the host system administrator.;SE;pronoun;that
R719;31;Secure data transfer over the Internet could be provided using SSL encryption that will be configured by the host system administrator.;SE;weak_1;will
R720;31;The IP addresses where the transaction was made from will be logged.;SE;plurals;addresses
R720;31;The IP addresses where the transaction was made from will be logged.;SE;weak_1;will
R721;31;User passwords will be stored in the database in an encrypted format.;SE;plurals;passwords
R721;31;User passwords will be stored in the database in an encrypted format.;SE;weak_1;will
R722;31;Most of the system functions will be controlled using the administrative interface.;F;pronoun;Most
R722;31;Most of the system functions will be controlled using the administrative interface.;F;plurals;functions
R722;31;Most of the system functions will be controlled using the administrative interface.;F;weak_1;will
R723;31;Detailed documentation of the code and SRS will enable easy maintenance of the Flea Market.;MN;vague;and
R723;31;Detailed documentation of the code and SRS will enable easy maintenance of the Flea Market.;MN;weak_1;will
R723;31;Detailed documentation of the code and SRS will enable easy maintenance of the Flea Market.;MN;vague;easy
R724;32;Information recorded must include an optional field for context.;F;NULL;NULL
R725;32;Information should be tagged according to who is entering the data.;F;weak_1;should
R725;32;Information should be tagged according to who is entering the data.;F;pronoun;who
R726;32;It must be able to download the most recent medical record.;F;vague;able to
R726;32;It must be able to download the most recent medical record.;F;pronoun;It
R726;32;It must be able to download the most recent medical record.;F;pronoun;most
R726;32;It must be able to download the most recent medical record.;F;vague;recent
R727;32;It must store the most recent copy of information in its application data folder.;F;pronoun;It
R727;32;It must store the most recent copy of information in its application data folder.;F;pronoun;most
R727;32;It must store the most recent copy of information in its application data folder.;F;vague;recent
R727;32;It must store the most recent copy of information in its application data folder.;F;pronoun;its
R728;32;It must only update the parts that have changed when connecting to the server.;O;pronoun;It
R728;32;It must only update the parts that have changed when connecting to the server.;O;vague;only
R728;32;It must only update the parts that have changed when connecting to the server.;O;plurals;parts
R728;32;It must only update the parts that have changed when connecting to the server.;O;pronoun;that
R729;32;It must be able to change and update information on the server.;O;vague;able to
R729;32;It must be able to change and update information on the server.;O;pronoun;It
R729;32;It must be able to change and update information on the server.;O;vague;and
R730;32;The application must log the user out when it is exited.;SE;pronoun;it
R731;32;A correct combination of username and password is required for a user to login.;SE;vague;and
R732;32;It should give a drill-down view of all data in the medical record after logging in.;LF;pronoun;It
R732;32;It should give a drill-down view of all data in the medical record after logging in.;LF;weak_1;should
R732;32;It should give a drill-down view of all data in the medical record after logging in.;LF;qualifier;all
R733;32;The user must be able to set an option to hide information based on who has tagged it.;F;vague;able to
R733;32;The user must be able to set an option to hide information based on who has tagged it.;F;pronoun;who
R733;32;The user must be able to set an option to hide information based on who has tagged it.;F;pronoun;it
R734;32;The user must be able to add photos from his/her photo library to his/her medical record.;F;vague;able to
R734;32;The user must be able to add photos from his/her photo library to his/her medical record.;F;plurals;photos
R734;32;The user must be able to add photos from his/her photo library to his/her medical record.;F;pronoun;his
R734;32;The user must be able to add photos from his/her photo library to his/her medical record.;F;pronoun;her
R735;32;It must allow a user to login.;F;pronoun;It
R736;32;It must allow a user to logout.;F;pronoun;It
R737;32;All information must be viewable on the website.;F;qualifier;All
R738;32;All information must be updatable on the website.;F;qualifier;All
R739;32;It must allow a user to download a backup of their medical information.;F;pronoun;It
R739;32;It must allow a user to download a backup of their medical information.;F;pronoun;their
R740;32;Logout must be automatic after 1 hour of inactivity.;SE;NULL;NULL
R741;32;Full data backups must be created daily.;SE;plurals;backups
R742;32;A user must be logged on to be able to view or edit any medical information.;F;vague;able to
R742;32;A user must be logged on to be able to view or edit any medical information.;F;optional;or
R742;32;A user must be logged on to be able to view or edit any medical information.;F;qualifier;any
R743;32;Each account must securely store all of its data.;SE;vague;securely
R743;32;Each account must securely store all of its data.;SE;qualifier;all
R743;32;Each account must securely store all of its data.;SE;pronoun;its
R744;32;Each account must have a separate identifying account number.;F;NULL;NULL
R745;33;The system shall allow user to choose filling that they want.;F;pronoun;that
R745;33;The system shall allow user to choose filling that they want.;F;pronoun;they
R746;33;The system shall allow user to choose their preferable topping.;F;pronoun;their
R747;33;The system shall allow user to decorate their doughnut.;F;pronoun;their
R748;33;The system shall give the user an opportunity for the user to choose the selection of doughnut provided.;F;vague;provided
R749;33;The system should take the customer name.;F;weak_1;should
R750;33;The system should keep the customer contact number.;F;weak_1;should
R751;33;The system should keep the customer email.;F;weak_1;should
R752;33;The system should ask the user to key in the pickup date.;F;weak_1;should
R753;33;The system should require the user to state time when should the doughnut be delivered.;F;weak_1;should
R754;33;The system should have to keep the location where the doughnut will be send.;O;weak_1;should
R754;33;The system should have to keep the location where the doughnut will be send.;O;weak_1;will
R755;33;The website is available whenever the users want to use it.;A;plurals;users
R755;33;The website is available whenever the users want to use it.;A;pronoun;it
R756;34;The system use SSL (secured socket layer) in all transactions that include any confidential customer information.;SE;vague;(
R756;34;The system use SSL (secured socket layer) in all transactions that include any confidential customer information.;SE;vague;secured
R756;34;The system use SSL (secured socket layer) in all transactions that include any confidential customer information.;SE;qualifier;all
R756;34;The system use SSL (secured socket layer) in all transactions that include any confidential customer information.;SE;plurals;transactions
R756;34;The system use SSL (secured socket layer) in all transactions that include any confidential customer information.;SE;pronoun;that
R756;34;The system use SSL (secured socket layer) in all transactions that include any confidential customer information.;SE;qualifier;any
R757;34;The system must automatically log out all customers after a period of inactivity.;SE;qualifier;all
R757;34;The system must automatically log out all customers after a period of inactivity.;SE;plurals;customers
R758;34;The system should not leave any cookies on the customer’s computer containing the user’s password.;SE;weak_1;should
R758;34;The system should not leave any cookies on the customer’s computer containing the user’s password.;SE;qualifier;any
R758;34;The system should not leave any cookies on the customer’s computer containing the user’s password.;SE;plurals;cookies
R759;34;The system’s back-end servers shall only be accessible to authenticated administrators.;SE;plurals;servers
R759;34;The system’s back-end servers shall only be accessible to authenticated administrators.;SE;vague;only
R759;34;The system’s back-end servers shall only be accessible to authenticated administrators.;SE;plurals;administrators
R760;34;Sensitive data will be encrypted before being sent over insecure connections like the internet.;SE;weak_1;will
R760;34;Sensitive data will be encrypted before being sent over insecure connections like the internet.;SE;plurals;connections
R761;34;The system provides storage of all databases on redundant computers with automatic switchover.;O;qualifier;all
R761;34;The system provides storage of all databases on redundant computers with automatic switchover.;O;plurals;databases
R761;34;The system provides storage of all databases on redundant computers with automatic switchover.;O;plurals;computers
R762;34;The reliability of the overall program depends on the reliability of the separate components. The main pillar of reliability of the system is the backup of the database which is continuously maintained and updated to reflect the most recent changes.;FT;plurals;components
R762;34;The reliability of the overall program depends on the reliability of the separate components. The main pillar of reliability of the system is the backup of the database which is continuously maintained and updated to reflect the most recent changes.;FT;pronoun;which
R762;34;The reliability of the overall program depends on the reliability of the separate components. The main pillar of reliability of the system is the backup of the database which is continuously maintained and updated to reflect the most recent changes.;FT;vague;and
R762;34;The reliability of the overall program depends on the reliability of the separate components. The main pillar of reliability of the system is the backup of the database which is continuously maintained and updated to reflect the most recent changes.;FT;pronoun;most
R762;34;The reliability of the overall program depends on the reliability of the separate components. The main pillar of reliability of the system is the backup of the database which is continuously maintained and updated to reflect the most recent changes.;FT;vague;recent
R762;34;The reliability of the overall program depends on the reliability of the separate components. The main pillar of reliability of the system is the backup of the database which is continuously maintained and updated to reflect the most recent changes.;FT;plurals;changes
R763;34;"An end-user may use this system on any OS; either it is Windows or Linux.";PO;weak_1;may
R763;34;"An end-user may use this system on any OS; either it is Windows or Linux.";PO;pronoun;this
R763;34;"An end-user may use this system on any OS; either it is Windows or Linux.";PO;qualifier;any
R763;34;"An end-user may use this system on any OS; either it is Windows or Linux.";PO;vague;";"
R763;34;"An end-user may use this system on any OS; either it is Windows or Linux.";PO;optional;either
R763;34;"An end-user may use this system on any OS; either it is Windows or Linux.";PO;pronoun;it
R763;34;"An end-user may use this system on any OS; either it is Windows or Linux.";PO;plurals;Windows
R763;34;"An end-user may use this system on any OS; either it is Windows or Linux.";PO;optional;or
R764;35;The logo and the current basic design of registration system should be displayed. The system should be attractive according to the clients. The design and the color should make users feel comfortable when using the system instead of flashing useless colors on the screen. The design should also reflect the seriousness of the environment.;LF;vague;and
R764;35;The logo and the current basic design of registration system should be displayed. The system should be attractive according to the clients. The design and the color should make users feel comfortable when using the system instead of flashing useless colors on the screen. The design should also reflect the seriousness of the environment.;LF;weak_1;should
R764;35;The logo and the current basic design of registration system should be displayed. The system should be attractive according to the clients. The design and the color should make users feel comfortable when using the system instead of flashing useless colors on the screen. The design should also reflect the seriousness of the environment.;LF;plurals;clients
R764;35;The logo and the current basic design of registration system should be displayed. The system should be attractive according to the clients. The design and the color should make users feel comfortable when using the system instead of flashing useless colors on the screen. The design should also reflect the seriousness of the environment.;LF;plurals;users
R764;35;The logo and the current basic design of registration system should be displayed. The system should be attractive according to the clients. The design and the color should make users feel comfortable when using the system instead of flashing useless colors on the screen. The design should also reflect the seriousness of the environment.;LF;plurals;colors
R764;35;The logo and the current basic design of registration system should be displayed. The system should be attractive according to the clients. The design and the color should make users feel comfortable when using the system instead of flashing useless colors on the screen. The design should also reflect the seriousness of the environment.;LF;vague;also
R765;35;The system should be able to manage all the information incoming from the database and the catalogue.;O;vague;able to
R765;35;The system should be able to manage all the information incoming from the database and the catalogue.;O;weak_1;should
R765;35;The system should be able to manage all the information incoming from the database and the catalogue.;O;qualifier;all
R765;35;The system should be able to manage all the information incoming from the database and the catalogue.;O;vague;and
R766;35;The product is Web based therefore it will be used in any environment that allows Web access.;PO;pronoun;it
R766;35;The product is Web based therefore it will be used in any environment that allows Web access.;PO;weak_1;will
R766;35;The product is Web based therefore it will be used in any environment that allows Web access.;PO;qualifier;any
R766;35;The product is Web based therefore it will be used in any environment that allows Web access.;PO;pronoun;that
R767;35;For the system to successfully operate the registration system should be integrated with other IT services and the portal.;O;weak_1;should
R767;35;For the system to successfully operate the registration system should be integrated with other IT services and the portal.;O;pronoun;IT
R767;35;For the system to successfully operate the registration system should be integrated with other IT services and the portal.;O;plurals;services
R767;35;For the system to successfully operate the registration system should be integrated with other IT services and the portal.;O;vague;and
R768;35;The system should need to be entirely self-supporting since the users would be using it only to register courses.;US;weak_1;should
R768;35;The system should need to be entirely self-supporting since the users would be using it only to register courses.;US;plurals;users
R768;35;The system should need to be entirely self-supporting since the users would be using it only to register courses.;US;weak_1;would
R768;35;The system should need to be entirely self-supporting since the users would be using it only to register courses.;US;pronoun;it
R768;35;The system should need to be entirely self-supporting since the users would be using it only to register courses.;US;vague;only
R768;35;The system should need to be entirely self-supporting since the users would be using it only to register courses.;US;plurals;courses
R769;35;The Web interface should be compatible with standards in order to be usable via all major Web browsers in a wide variety of environments.;PO;weak_1;should
R769;35;The Web interface should be compatible with standards in order to be usable via all major Web browsers in a wide variety of environments.;PO;plurals;standards
R769;35;The Web interface should be compatible with standards in order to be usable via all major Web browsers in a wide variety of environments.;PO;qualifier;all
R769;35;The Web interface should be compatible with standards in order to be usable via all major Web browsers in a wide variety of environments.;PO;plurals;environments
R770;35;Everyone (stakeholders and guests) can have access to the system and the catalogue. Every client must have secure and private access to his/her data. The  and the service man can have access to every part of the system. All these accesses (except the “guest tour” access) require identification through ID and password.;SE;pronoun;Everyone
R770;35;Everyone (stakeholders and guests) can have access to the system and the catalogue. Every client must have secure and private access to his/her data. The  and the service man can have access to every part of the system. All these accesses (except the “guest tour” access) require identification through ID and password.;SE;vague;(
R770;35;Everyone (stakeholders and guests) can have access to the system and the catalogue. Every client must have secure and private access to his/her data. The  and the service man can have access to every part of the system. All these accesses (except the “guest tour” access) require identification through ID and password.;SE;vague;and
R770;35;Everyone (stakeholders and guests) can have access to the system and the catalogue. Every client must have secure and private access to his/her data. The  and the service man can have access to every part of the system. All these accesses (except the “guest tour” access) require identification through ID and password.;SE;plurals;guests
R770;35;Everyone (stakeholders and guests) can have access to the system and the catalogue. Every client must have secure and private access to his/her data. The  and the service man can have access to every part of the system. All these accesses (except the “guest tour” access) require identification through ID and password.;SE;weak_1;can
R770;35;Everyone (stakeholders and guests) can have access to the system and the catalogue. Every client must have secure and private access to his/her data. The  and the service man can have access to every part of the system. All these accesses (except the “guest tour” access) require identification through ID and password.;SE;vague;secure
R770;35;Everyone (stakeholders and guests) can have access to the system and the catalogue. Every client must have secure and private access to his/her data. The  and the service man can have access to every part of the system. All these accesses (except the “guest tour” access) require identification through ID and password.;SE;pronoun;his
R770;35;Everyone (stakeholders and guests) can have access to the system and the catalogue. Every client must have secure and private access to his/her data. The  and the service man can have access to every part of the system. All these accesses (except the “guest tour” access) require identification through ID and password.;SE;pronoun;her
R770;35;Everyone (stakeholders and guests) can have access to the system and the catalogue. Every client must have secure and private access to his/her data. The  and the service man can have access to every part of the system. All these accesses (except the “guest tour” access) require identification through ID and password.;SE;qualifier;All
R770;35;Everyone (stakeholders and guests) can have access to the system and the catalogue. Every client must have secure and private access to his/her data. The  and the service man can have access to every part of the system. All these accesses (except the “guest tour” access) require identification through ID and password.;SE;pronoun;these
R771;35;The system will develop a security system that will reduce to the minimum the possibility of corruption from systems and/or humans.;SE;weak_1;will
R771;35;The system will develop a security system that will reduce to the minimum the possibility of corruption from systems and/or humans.;SE;pronoun;that
R771;35;The system will develop a security system that will reduce to the minimum the possibility of corruption from systems and/or humans.;SE;vague;minimum
R771;35;The system will develop a security system that will reduce to the minimum the possibility of corruption from systems and/or humans.;SE;plurals;systems
R771;35;The system will develop a security system that will reduce to the minimum the possibility of corruption from systems and/or humans.;SE;plurals;humans
R772;36;The Operational Interface shall have a Mean Time Between Failures of no less than 7 days.;FT;vague;less
R773;36;The system shall be available 99.5% of the time.;A;NULL;NULL
R774;36;The software system needs a robust security mechanism in place so that unauthorized users are not allowed access to parts of the system.;SE;vague;robust
R774;36;The software system needs a robust security mechanism in place so that unauthorized users are not allowed access to parts of the system.;SE;pronoun;that
R774;36;The software system needs a robust security mechanism in place so that unauthorized users are not allowed access to parts of the system.;SE;plurals;users
R774;36;The software system needs a robust security mechanism in place so that unauthorized users are not allowed access to parts of the system.;SE;plurals;parts
R775;36;Each user shall either be trusted or not trusted.;SE;optional;either
R775;36;Each user shall either be trusted or not trusted.;SE;optional;or
R776;36;All source code and development related documents shall be controlled under a version control system.;MN;qualifier;All
R776;36;All source code and development related documents shall be controlled under a version control system.;MN;vague;and
R776;36;All source code and development related documents shall be controlled under a version control system.;MN;plurals;documents
R777;36;All source code shall adhere to an agreed upon and well-defined set of coding standards for each development language used.;MN;qualifier;All
R777;36;All source code shall adhere to an agreed upon and well-defined set of coding standards for each development language used.;MN;vague;and
R777;36;All source code shall adhere to an agreed upon and well-defined set of coding standards for each development language used.;MN;plurals;standards
R778;36;Since the software must run on several popular hardware platforms and the goal is to achieve a reasonable level of platform independence.;PO;qualifier;several
R778;36;Since the software must run on several popular hardware platforms and the goal is to achieve a reasonable level of platform independence.;PO;plurals;platforms
R778;36;Since the software must run on several popular hardware platforms and the goal is to achieve a reasonable level of platform independence.;PO;vague;and
R779;37;High level of performance requires high speed network and high level of connectivity.;PE;vague;High level
R779;37;High level of performance requires high speed network and high level of connectivity.;PE;vague;high level
R779;37;High level of performance requires high speed network and high level of connectivity.;PE;vague;and
R780;37;The available server must be reliable and the network connectivity in the supermarket should be proper for smooth flow of all operations and data.;O;vague;and
R780;37;The available server must be reliable and the network connectivity in the supermarket should be proper for smooth flow of all operations and data.;O;weak_1;should
R780;37;The available server must be reliable and the network connectivity in the supermarket should be proper for smooth flow of all operations and data.;O;qualifier;all
R780;37;The available server must be reliable and the network connectivity in the supermarket should be proper for smooth flow of all operations and data.;O;plurals;operations
R781;37;Every user of the software is provided a unique login ID and a password which is stored in the database hashed by SHA2 algorithm.;SE;vague;provided
R781;37;Every user of the software is provided a unique login ID and a password which is stored in the database hashed by SHA2 algorithm.;SE;vague;and
R781;37;Every user of the software is provided a unique login ID and a password which is stored in the database hashed by SHA2 algorithm.;SE;pronoun;which
R782;37;The software is available for use from the supermarket opening time to the closing time.;A;NULL;NULL
R783;38;The system shall accommodate high number of items and users without any fault.;FT;plurals;items
R783;38;The system shall accommodate high number of items and users without any fault.;FT;vague;and
R783;38;The system shall accommodate high number of items and users without any fault.;FT;plurals;users
R783;38;The system shall accommodate high number of items and users without any fault.;FT;qualifier;any
R784;38;System use shall not cause any harm to human users.;SE;qualifier;any
R784;38;System use shall not cause any harm to human users.;SE;plurals;users
R785;38;System will use secured database;SE;weak_1;will
R786;38;Normal users can just read information but they cannot edit or modify anything except their personal and some other information.;SE;vague;Normal
R786;38;Normal users can just read information but they cannot edit or modify anything except their personal and some other information.;SE;plurals;users
R786;38;Normal users can just read information but they cannot edit or modify anything except their personal and some other information.;SE;weak_1;can
R786;38;Normal users can just read information but they cannot edit or modify anything except their personal and some other information.;SE;vague;but
R786;38;Normal users can just read information but they cannot edit or modify anything except their personal and some other information.;SE;pronoun;they
R786;38;Normal users can just read information but they cannot edit or modify anything except their personal and some other information.;SE;optional;or
R786;38;Normal users can just read information but they cannot edit or modify anything except their personal and some other information.;SE;pronoun;anything
R786;38;Normal users can just read information but they cannot edit or modify anything except their personal and some other information.;SE;pronoun;their
R786;38;Normal users can just read information but they cannot edit or modify anything except their personal and some other information.;SE;vague;and
R786;38;Normal users can just read information but they cannot edit or modify anything except their personal and some other information.;SE;qualifier;some
R787;38;System will have different types of users and every user has access constraints.;SE;weak_1;will
R787;38;System will have different types of users and every user has access constraints.;SE;plurals;types
R787;38;System will have different types of users and every user has access constraints.;SE;plurals;users
R787;38;System will have different types of users and every user has access constraints.;SE;vague;and
R787;38;System will have different types of users and every user has access constraints.;SE;plurals;constraints
R788;38;Control the database and keep track of all records of customers and employee details.;F;vague;and
R788;38;Control the database and keep track of all records of customers and employee details.;F;qualifier;all
R788;38;Control the database and keep track of all records of customers and employee details.;F;plurals;records
R788;38;Control the database and keep track of all records of customers and employee details.;F;plurals;customers
R788;38;Control the database and keep track of all records of customers and employee details.;F;plurals;details
R789;38;Contact with the vendors and give permission to sell their product under the site after testing the product’s quality.;F;plurals;vendors
R789;38;Contact with the vendors and give permission to sell their product under the site after testing the product’s quality.;F;vague;and
R789;38;Contact with the vendors and give permission to sell their product under the site after testing the product’s quality.;F;pronoun;their
R790;38;View the details of all employees and control the whole site.;F;plurals;details
R790;38;View the details of all employees and control the whole site.;F;qualifier;all
R790;38;View the details of all employees and control the whole site.;F;plurals;employees
R790;38;View the details of all employees and control the whole site.;F;vague;and
R791;38;Customers must have a valid login id to enter into the site.;SE;plurals;Customers
R791;38;Customers must have a valid login id to enter into the site.;SE;pronoun;i
R792;38;New users can sign up by creating new ID.;F;plurals;users
R792;38;New users can sign up by creating new ID.;F;weak_1;can
R793;38;Can view all available products and can compare them and make a choice for purchasing products.;F;weak_1;Can
R793;38;Can view all available products and can compare them and make a choice for purchasing products.;F;qualifier;all
R793;38;Can view all available products and can compare them and make a choice for purchasing products.;F;plurals;products
R793;38;Can view all available products and can compare them and make a choice for purchasing products.;F;vague;and
R793;38;Can view all available products and can compare them and make a choice for purchasing products.;F;weak_1;can
R793;38;Can view all available products and can compare them and make a choice for purchasing products.;F;pronoun;them
R794;38;Can purchase any product through valid credit card.;F;weak_1;Can
R794;38;Can purchase any product through valid credit card.;F;qualifier;any
R795;38;Can give feedback to the 24X7 Customer Care Service center about their impression for the site and services.;F;weak_1;Can
R795;38;Can give feedback to the 24X7 Customer Care Service center about their impression for the site and services.;F;pronoun;their
R795;38;Can give feedback to the 24X7 Customer Care Service center about their impression for the site and services.;F;vague;and
R795;38;Can give feedback to the 24X7 Customer Care Service center about their impression for the site and services.;F;plurals;services
R796;38;Customer must logout of the site after purchasing products.;F;plurals;products
R797;38;Can only visit the site without registration.;F;weak_1;Can
R797;38;Can only visit the site without registration.;F;vague;only
R798;38;Vendors must take permission from the Administrator for selling their products under the site. Administrator will test product’s quality according to its market price to permit vendor for selling purpose.;F;plurals;Vendors
R798;38;Vendors must take permission from the Administrator for selling their products under the site. Administrator will test product’s quality according to its market price to permit vendor for selling purpose.;F;pronoun;their
R798;38;Vendors must take permission from the Administrator for selling their products under the site. Administrator will test product’s quality according to its market price to permit vendor for selling purpose.;F;plurals;products
R798;38;Vendors must take permission from the Administrator for selling their products under the site. Administrator will test product’s quality according to its market price to permit vendor for selling purpose.;F;weak_1;will
R798;38;Vendors must take permission from the Administrator for selling their products under the site. Administrator will test product’s quality according to its market price to permit vendor for selling purpose.;F;pronoun;its
R799;38;Can consult with the Administrator regarding product’s quality and advertisements.;F;weak_1;Can
R799;38;Can consult with the Administrator regarding product’s quality and advertisements.;F;vague;and
R799;38;Can consult with the Administrator regarding product’s quality and advertisements.;F;plurals;advertisements
R800;38;View the personal details of the customer.;F;plurals;details
R801;38;Responsible for properly allocating the selected product according to the customer’s choice and delivering product to the customer.;F;vague;and
R802;38;Keep track of each product item’s stocks for selling purpose.;F;plurals;stocks
R803;38;Responsible for informing administrator when any product item’s stock goes under the minimum level.;F;qualifier;any
R803;38;Responsible for informing administrator when any product item’s stock goes under the minimum level.;F;vague;minimum
R804;38;Taking permission from the Administrator for the product to be purchased from vendor.;F;NULL;NULL
R805;38;Responsible for managing stocks of each product items.;F;plurals;stocks
R805;38;Responsible for managing stocks of each product items.;F;plurals;items
R806;38;Keep track of all the payment transactions made by the customers and update the payment information.;F;qualifier;all
R806;38;Keep track of all the payment transactions made by the customers and update the payment information.;F;plurals;transactions
R806;38;Keep track of all the payment transactions made by the customers and update the payment information.;F;plurals;customers
R806;38;Keep track of all the payment transactions made by the customers and update the payment information.;F;vague;and
R807;38;Responsible for contacting the banks for the validation of the a/c number provided by the customer while purchasing and make the transaction from the given a/c.;F;plurals;banks
R807;38;Responsible for contacting the banks for the validation of the a/c number provided by the customer while purchasing and make the transaction from the given a/c.;F;vague;provided
R807;38;Responsible for contacting the banks for the validation of the a/c number provided by the customer while purchasing and make the transaction from the given a/c.;F;vague;and
R808;38;Consult with the Administrator about the payment details of the customers for the updating of the database.;F;plurals;details
R808;38;Consult with the Administrator about the payment details of the customers for the updating of the database.;F;plurals;customers
R809;38;Provide feasible solutions to the customers on their complaints and queries.;F;plurals;solutions
R809;38;Provide feasible solutions to the customers on their complaints and queries.;F;plurals;customers
R809;38;Provide feasible solutions to the customers on their complaints and queries.;F;pronoun;their
R809;38;Provide feasible solutions to the customers on their complaints and queries.;F;vague;and
R809;38;Provide feasible solutions to the customers on their complaints and queries.;F;plurals;queries
R810;39;The system should require the user to state time when should the doughnut be delivered;F;weak_1;should
R811;40;The system is expected to have reasonable short time response. The voter should be able to login and should be able to get response for his requests in 2-3 seconds.;PE;vague;able to
R811;40;The system is expected to have reasonable short time response. The voter should be able to login and should be able to get response for his requests in 2-3 seconds.;PE;weak_1;should
R811;40;The system is expected to have reasonable short time response. The voter should be able to login and should be able to get response for his requests in 2-3 seconds.;PE;vague;and
R811;40;The system is expected to have reasonable short time response. The voter should be able to login and should be able to get response for his requests in 2-3 seconds.;PE;pronoun;his
R811;40;The system is expected to have reasonable short time response. The voter should be able to login and should be able to get response for his requests in 2-3 seconds.;PE;plurals;requests
R812;40;The data transaction between client and server must be encrypted using SSL technology.;SE;vague;and
R813;40;All the passwords that are generated or accepted must be stored in database in an encrypted form.;SE;qualifier;All
R813;40;All the passwords that are generated or accepted must be stored in database in an encrypted form.;SE;plurals;passwords
R813;40;All the passwords that are generated or accepted must be stored in database in an encrypted form.;SE;pronoun;that
R813;40;All the passwords that are generated or accepted must be stored in database in an encrypted form.;SE;optional;or
R814;40;To prevent attacks the system should generate random word and ask the user to enter it correctly for multiple tryings.;SE;plurals;attacks
R814;40;To prevent attacks the system should generate random word and ask the user to enter it correctly for multiple tryings.;SE;weak_1;should
R814;40;To prevent attacks the system should generate random word and ask the user to enter it correctly for multiple tryings.;SE;vague;random
R814;40;To prevent attacks the system should generate random word and ask the user to enter it correctly for multiple tryings.;SE;vague;and
R814;40;To prevent attacks the system should generate random word and ask the user to enter it correctly for multiple tryings.;SE;pronoun;it
R814;40;To prevent attacks the system should generate random word and ask the user to enter it correctly for multiple tryings.;SE;vague;correctly
R815;40;The system should warn ECA users about the malfunction of the system.;FT;weak_1;should
R815;40;The system should warn ECA users about the malfunction of the system.;FT;plurals;users
R816;40;The system should be simple to use;LF;weak_1;should
R816;40;The system should be simple to use;LF;vague;simple
R817;42;The physician/pharmacist must have a valid user login to access the system.;F;NULL;NULL
R818;42;A failed login will alert the physician/pharmacist.;F;weak_1;will
R819;42;A list of available patients is displayed after login.;F;plurals;patients
R820;42;An error message alerts when an invalid patient is entered.;F;plurals;alerts
R821;42;Backspace/reset capability is implemented for typing errors.;F;plurals;errors
R822;42;Selected or specified patient’s information is loaded.;F;optional;or
R823;42;Return to List is available if the patient loaded is not correct.;F;NULL;NULL
R824;42;Navigation to each selected tab.;F;NULL;NULL
R825;42;The font will be larger enough for easy reading.;F;weak_1;will
R825;42;The font will be larger enough for easy reading.;F;vague;easy
R826;42;Icons will clearly illustrate the feature it represents.;F;plurals;Icons
R826;42;Icons will clearly illustrate the feature it represents.;F;weak_1;will
R826;42;Icons will clearly illustrate the feature it represents.;F;pronoun;it
R827;42;Basic Patient information is showed first.;F;NULL;NULL
R828;42;Customized information is displayed.;F;NULL;NULL
R829;42;Each entry is shown in full.;F;NULL;NULL
R830;42;The text and time/date of a note that has been entered is displayed starting with most recent.;F;vague;and
R830;42;The text and time/date of a note that has been entered is displayed starting with most recent.;F;directive;note
R830;42;The text and time/date of a note that has been entered is displayed starting with most recent.;F;pronoun;that
R830;42;The text and time/date of a note that has been entered is displayed starting with most recent.;F;pronoun;most
R830;42;The text and time/date of a note that has been entered is displayed starting with most recent.;F;vague;recent
R831;42;New and Delete buttons will allow the physician/pharmacist to add a notation to the patient’s file.;F;vague;and
R831;42;New and Delete buttons will allow the physician/pharmacist to add a notation to the patient’s file.;F;plurals;buttons
R831;42;New and Delete buttons will allow the physician/pharmacist to add a notation to the patient’s file.;F;weak_1;will
R832;42;A description and time/date of each prescription that has been ordered or given is displayed starting with most recent.;F;vague;and
R832;42;A description and time/date of each prescription that has been ordered or given is displayed starting with most recent.;F;pronoun;that
R832;42;A description and time/date of each prescription that has been ordered or given is displayed starting with most recent.;F;optional;or
R832;42;A description and time/date of each prescription that has been ordered or given is displayed starting with most recent.;F;pronoun;most
R832;42;A description and time/date of each prescription that has been ordered or given is displayed starting with most recent.;F;vague;recent
R833;43;All users of the system shall login using some form of unique identification.;SE;qualifier;All
R833;43;All users of the system shall login using some form of unique identification.;SE;plurals;users
R833;43;All users of the system shall login using some form of unique identification.;SE;qualifier;some
R834;43;All login attempts shall be done so in a secure manner.;SE;qualifier;All
R834;43;All login attempts shall be done so in a secure manner.;SE;vague;secure
R835;43;The system shall be compatible with the Microsoft Windows Operating System.;O;plurals;Windows
R836;45;The system shall allow the administrator to remove equipment.;F;NULL;NULL
R837;45;The system shall allow the administrator to install additional distributed location templates.;F;vague;additional
R837;45;The system shall allow the administrator to install additional distributed location templates.;F;plurals;templates
R838;45;The system shall allow the administrator to remove physical locations.;F;vague;physical
R838;45;The system shall allow the administrator to remove physical locations.;F;plurals;locations
R839;45;The system shall allow administrators to define negotiation rules for the organization.;F;plurals;administrators
R840;45;The system shall give the mediator privileges to schedule location and equipment resources.;F;plurals;privileges
R840;45;The system shall give the mediator privileges to schedule location and equipment resources.;F;vague;and
R840;45;The system shall give the mediator privileges to schedule location and equipment resources.;F;plurals;resources
R841;45;The system shall allow the mediator to negotiate a meeting date.;F;NULL;NULL
R842;45;The system shall allow the mediator to solve a date conflict.;F;NULL;NULL
R843;45;The system shall allow the mediator to negotiate a location / equipment.;F;vague;/
R844;45;The system shall allow the mediator to solve a location conflict.;F;NULL;NULL
R845;45;The system shall allow the mediator to send and receive messages from users.;F;vague;and
R845;45;The system shall allow the mediator to send and receive messages from users.;F;plurals;messages
R845;45;The system shall allow the mediator to send and receive messages from users.;F;plurals;users
R846;45;The system shall allow the initiator to view the information of any meetings which they initiated.;F;qualifier;any
R846;45;The system shall allow the initiator to view the information of any meetings which they initiated.;F;plurals;meetings
R846;45;The system shall allow the initiator to view the information of any meetings which they initiated.;F;pronoun;which
R846;45;The system shall allow the initiator to view the information of any meetings which they initiated.;F;pronoun;they
R847;45;The system shall allow the initiator to cancel any meetings which they initiated.;F;qualifier;any
R847;45;The system shall allow the initiator to cancel any meetings which they initiated.;F;plurals;meetings
R847;45;The system shall allow the initiator to cancel any meetings which they initiated.;F;pronoun;which
R847;45;The system shall allow the initiator to cancel any meetings which they initiated.;F;pronoun;they
R848;45;The system shall allow the initiator to send and receive messages from users.;F;vague;and
R848;45;The system shall allow the initiator to send and receive messages from users.;F;plurals;messages
R848;45;The system shall allow the initiator to send and receive messages from users.;F;plurals;users
R849;45;The system shall authenticate users at the beginning each session.;F;plurals;users
R850;45;The system shall allow the user to view their schedule.;F;pronoun;their
R851;45;The system shall notify the user of any schedule changes.;F;qualifier;any
R851;45;The system shall notify the user of any schedule changes.;F;plurals;changes
R852;45;The system shall allow users to send and receive messages.;F;plurals;users
R852;45;The system shall allow users to send and receive messages.;F;vague;and
R852;45;The system shall allow users to send and receive messages.;F;plurals;messages
R853;45;The system shall request a user response to initiator or mediator messages.;F;optional;or
R853;45;The system shall request a user response to initiator or mediator messages.;F;plurals;messages
R854;45;The system shall allow the user to modify the date preference set of an already submitted meeting response.;F;NULL;NULL
R855;45; The system shall allow the user to modify the location preference set of an already submitted meeting response.;F;NULL;NULL
R856;45;The system shall allow the user to modify the equipment requirement set of an already submitted meeting response.;F;NULL;NULL
R857;45;The system shall allow the user to modify the date exclusion set of an already submitted meeting response.;F;NULL;NULL
R858;45;The system shall allow the user to change the password.;F;NULL;NULL
R859;45;The system shall allow the user to view past attended meetings.;F;plurals;meetings
R860;45;The system shall allow the user to view pending meetings.;F;plurals;meetings
R861;45;The system shall show the meetings to the user in ascending time order by default.;F;plurals;meetings
R862;45;The system shall allow users to view equipment information.;F;plurals;users
R863;45;The system shall allow users to view other users’ information.;F;plurals;users
R864;45;The system shall allow user to specify custom meeting locations.;F;plurals;locations
R865;45;The system shall allow users to view location information.;F;plurals;users
R866;45;The system shall allow users to search  for available distributed location templates(if any).;F;plurals;users
R866;45;The system shall allow users to search  for available distributed location templates(if any).;F;qualifier;any
R867;45;The system shall allow users to view information concerning the available distributed location templates(if any).;F;plurals;users
R867;45;The system shall allow users to view information concerning the available distributed location templates(if any).;F;qualifier;any
R868;45;The web application shall add no more than 5 seconds of perceivable overhead time to any necessary web and database transaction time.;PE;vague;more
R868;45;The web application shall add no more than 5 seconds of perceivable overhead time to any necessary web and database transaction time.;PE;qualifier;any
R868;45;The web application shall add no more than 5 seconds of perceivable overhead time to any necessary web and database transaction time.;PE;vague;necessary
R868;45;The web application shall add no more than 5 seconds of perceivable overhead time to any necessary web and database transaction time.;PE;vague;and
R869;45;The system shall utilize HTTPS communication to ensure data confidentiality.;SE;NULL;NULL
R870;45;User authentication and privileges are defined outside the scope of the sytem by the Microsoft Active Directroy Server.;SE;vague;and
R870;45;User authentication and privileges are defined outside the scope of the sytem by the Microsoft Active Directroy Server.;SE;plurals;privileges
R871;45;Personal information security is defined outside the scope of the SDMS by the database server.;SE;incompletes;is defined
R872;45;Users shall be required to log into the system for all operations except the operations on the login page.;SE;plurals;Users
R872;45;Users shall be required to log into the system for all operations except the operations on the login page.;SE;qualifier;all
R872;45;Users shall be required to log into the system for all operations except the operations on the login page.;SE;plurals;operations
R873;45;The system shall run on Windows Server 2003.;PO;plurals;Windows
R874;45;The system shall be compatible with IIS6.0 and above or  Apache 2.0 and above.;PO;vague;and
R874;45;The system shall be compatible with IIS6.0 and above or  Apache 2.0 and above.;PO;optional;or
R875;46;The system shall display all the products that can be configured.;F;qualifier;all
R875;46;The system shall display all the products that can be configured.;F;plurals;products
R875;46;The system shall display all the products that can be configured.;F;pronoun;that
R875;46;The system shall display all the products that can be configured.;F;weak_1;can
R876;46;The system shall allow user to select the product to configure.;F;NULL;NULL
R877;46;The system shall display all the available components of the product to configure.;F;qualifier;all
R877;46;The system shall display all the available components of the product to configure.;F;plurals;components
R878;46;The system shall enable user to add one or more component to the configuration.;F;optional;or
R878;46;The system shall enable user to add one or more component to the configuration.;F;vague;more
R879;46;The system shall notify the user about any conflict in the current configuration.;F;qualifier;any
R880;46;The system shall allow user to confirm the completion of current configuration.;F;NULL;NULL
R881;46;The system shall display detailed information of the selected products.;F;plurals;products
R882;46;The system shall provide browsing options to see product details.;F;plurals;details
R883;46;The system shall display detailed product categorization to the user.;F;NULL;NULL
R884;46;The system shall enable user to enter the search text on the screen.;F;NULL;NULL
R885;46;The system shall enable user to select multiple options on the screen to search.;F;NULL;NULL
R886;46;The system shall display all the matching products based on the search.;F;qualifier;all
R886;46;The system shall display all the matching products based on the search.;F;plurals;products
R887;46;The system shall display only 10 matching result on the current screen.;F;vague;only
R888;46;The system shall enable user to navigate between the search results.;F;plurals;results
R889;46;The system shall notify the user when no matching product is found on the search.;F;NULL;NULL
R890;46;The system shall allow user to create profile and set his credential.;F;vague;and
R890;46;The system shall allow user to create profile and set his credential.;F;pronoun;his
R891;46;The system shall authenticate user credentials to view the profile.;F;NULL;NULL
R892;46;The system shall allow user to update the profile information.;F;NULL;NULL
R893;46;The system shall display both the active and completed order history in the customer profile.;F;vague;both
R893;46;The system shall display both the active and completed order history in the customer profile.;F;vague;and
R894;46;The system shall allow user to select the order from the order history.;F;NULL;NULL
R895;46;The system shall display the detailed information about the selected order.;F;NULL;NULL
R896;46;The system shall display the most frequently searched items by the user in the profile.;F;pronoun;most
R896;46;The system shall display the most frequently searched items by the user in the profile.;F;vague;frequently
R896;46;The system shall display the most frequently searched items by the user in the profile.;F;plurals;items
R897;46;The system shall allow user to register for newsletters and surveys in the profile.;F;plurals;newsletters
R897;46;The system shall allow user to register for newsletters and surveys in the profile.;F;vague;and
R897;46;The system shall allow user to register for newsletters and surveys in the profile.;F;plurals;surveys
R898;46;The system shall allow user to select the support type he wants.;F;pronoun;he
R899;46;The system shall allow user to enter the customer and product information for the support.;F;vague;and
R900;46;The system shall display the customer support contact numbers on the screen.;F;plurals;numbers
R901;46;The system shall allow user to enter the contact number for support personnel to call.;F;plurals;personnel
R902;46;The system shall display the online help upon request.;F;NULL;NULL
R903;46;The system shall display the FAQ’s upon request.;F;NULL;NULL
R904;46;The system shall maintain customer email information as a required part of customer profile.;F;NULL;NULL
R905;46;The system shall send an order confirmation to the user through email.;F;NULL;NULL
R906;46;The system shall display detailed invoice for current order once it is confirmed.;F;pronoun;it
R907;46;The system shall optionally allow user to print the invoice.;F;optional;optionally
R908;46;The system shall provide shopping cart during online purchase.;F;NULL;NULL
R909;46;The system shall allow user to add/remove products in the shopping cart.;F;plurals;products
R910;46;The system shall display different shipping options provided by shipping department.;F;vague;provided
R911;46;The system shall enable user to select the shipping method during payment process.;F;NULL;NULL
R912;46;The system shall display the shipping charges.;F;plurals;charges
R913;46;The system shall display tentative duration for shipping.;F;NULL;NULL
R914;46;The system shall allow user to enter the order information for tracking.;F;NULL;NULL
R915;46;The system shall display the current tracking information about the order.;F;NULL;NULL
R916;46;The system shall calculate tax for the order.;F;NULL;NULL
R917;46;The system shall display tax information for the order.;F;NULL;NULL
R918;46;The system shall display available payment methods for payment.;F;plurals;methods
R919;46;The system shall allow user to select the payment method for order.;F;NULL;NULL
R920;46;The system shall display the orders that are eligible to change.;F;pronoun;that
R921;46;The system shall allow user to select the order to be changed.;F;NULL;NULL
R922;46;The system shall allow user to cancel the order.;F;NULL;NULL
R923;46;The system shall notify the user about any changes made to the order.;F;qualifier;any
R923;46;The system shall notify the user about any changes made to the order.;F;plurals;changes
R924;46;The system shall enable the user to enter their reviews and ratings.;F;pronoun;their
R924;46;The system shall enable the user to enter their reviews and ratings.;F;plurals;reviews
R924;46;The system shall enable the user to enter their reviews and ratings.;F;vague;and
R924;46;The system shall enable the user to enter their reviews and ratings.;F;plurals;ratings
R925;46;The system shall display all the available financing options.;F;qualifier;all
R926;46;The system shall allow user to select the financing option.;F;NULL;NULL
R927;46;The system shall notify the use about the financing request.;F;NULL;NULL
R928;46;The system shall allow user to view detailed sitemap.;F;NULL;NULL
R929;46;The system shall display all the available promotions to the user.;F;qualifier;all
R929;46;The system shall display all the available promotions to the user.;F;plurals;promotions
R930;46;The system shall allow user to select available promotion.;F;NULL;NULL
R931;46;The system shall allow user to confirm the purchase.;F;NULL;NULL
R932;46;The system shall enable user to enter the payment information.;F;NULL;NULL
R933;46;The system shall provide a uniform look and feel between all the web pages.;LF;vague;and
R933;46;The system shall provide a uniform look and feel between all the web pages.;LF;qualifier;all
R933;46;The system shall provide a uniform look and feel between all the web pages.;LF;plurals;pages
R934;46;The system shall provide a digital image for each product in the product catalog.;US;NULL;NULL
R935;46;The system shall provide use of icons and toolbars.;US;plurals;icons
R935;46;The system shall provide use of icons and toolbars.;US;vague;and
R936;46;The system shall provide handicap access.;US;NULL;NULL
R937;46;The system shall provide multi language support.;US;NULL;NULL
R938;46;The system shall provide a contractual agreement with an internet service provider for T3 access with 99.9999% availability.;A;NULL;NULL
R939;46;The system shall provide a contractual agreement with an internet service provider who can provide 99.999% availability through their network facilities onto the internet.;A;pronoun;who
R939;46;The system shall provide a contractual agreement with an internet service provider who can provide 99.999% availability through their network facilities onto the internet.;A;weak_1;can
R939;46;The system shall provide a contractual agreement with an internet service provider who can provide 99.999% availability through their network facilities onto the internet.;A;pronoun;their
R939;46;The system shall provide a contractual agreement with an internet service provider who can provide 99.999% availability through their network facilities onto the internet.;A;plurals;facilities
R940;46;The product shall be based on web and has to be run from a web server.;O;vague;and
R941;46;The product shall take initial load time depending on internet connection strength which also depends on the media from which the product is run.;PE;pronoun;which
R941;46;The product shall take initial load time depending on internet connection strength which also depends on the media from which the product is run.;PE;vague;also
R941;46;The product shall take initial load time depending on internet connection strength which also depends on the media from which the product is run.;PE;plurals;media
R942;46;The performance shall depend upon hardware components of the client/customer.;PE;plurals;components
R943;46;The system shall use secure sockets in all transactions that include any confidential customer information.;SE;vague;secure
R943;46;The system shall use secure sockets in all transactions that include any confidential customer information.;SE;plurals;sockets
R943;46;The system shall use secure sockets in all transactions that include any confidential customer information.;SE;qualifier;all
R943;46;The system shall use secure sockets in all transactions that include any confidential customer information.;SE;plurals;transactions
R943;46;The system shall use secure sockets in all transactions that include any confidential customer information.;SE;pronoun;that
R943;46;The system shall use secure sockets in all transactions that include any confidential customer information.;SE;qualifier;any
R944;46;The system shall automatically log out all customers after a period of inactivity.;SE;qualifier;all
R944;46;The system shall automatically log out all customers after a period of inactivity.;SE;plurals;customers
R945;46;The system shall confirm all transactions with the customer’s web browser.;US;qualifier;all
R945;46;The system shall confirm all transactions with the customer’s web browser.;US;plurals;transactions
R946;46;The system shall not leave any cookies on the customer’s computer containing the user’s password.;SE;qualifier;any
R946;46;The system shall not leave any cookies on the customer’s computer containing the user’s password.;SE;plurals;cookies
R947;46;The system shall not leave any cookies on the customer’s computer containing any of the user’s confidential information.;SE;qualifier;any
R947;46;The system shall not leave any cookies on the customer’s computer containing any of the user’s confidential information.;SE;plurals;cookies
R948;46;The customer’s web browser shall never display a customer’s password.  It shall always be echoed with special characters representing typed characters.;SE;pronoun;It
R948;46;The customer’s web browser shall never display a customer’s password.  It shall always be echoed with special characters representing typed characters.;SE;plurals;characters
R949;46;The customer’s web browser shall never display a customer’s credit card number after retrieving from the database.  It shall always be shown with just the last 4 digits of the credit card number.;SE;pronoun;It
R949;46;The customer’s web browser shall never display a customer’s credit card number after retrieving from the database.  It shall always be shown with just the last 4 digits of the credit card number.;SE;plurals;digits
R950;46;The system’s back-end servers shall never display a customer’s password.  The customer’s password may be reset but never shown.;SE;plurals;servers
R950;46;The system’s back-end servers shall never display a customer’s password.  The customer’s password may be reset but never shown.;SE;weak_1;may
R950;46;The system’s back-end servers shall never display a customer’s password.  The customer’s password may be reset but never shown.;SE;vague;but
R951;46;The system’s back-end databases shall be encrypted.;SE;plurals;databases
R952;47;The system shall allow the user to register for an account from any page in the system.;F;qualifier;any
R953;47;The system will use a single password per user to login to the E-Store System.;SE;weak_1;will
R954;47;The system shall use secure socket layer (SSL) technology to ensure all payments made online and user logins are secure.;SE;vague;secure
R954;47;The system shall use secure socket layer (SSL) technology to ensure all payments made online and user logins are secure.;SE;vague;(
R954;47;The system shall use secure socket layer (SSL) technology to ensure all payments made online and user logins are secure.;SE;qualifier;all
R954;47;The system shall use secure socket layer (SSL) technology to ensure all payments made online and user logins are secure.;SE;plurals;payments
R954;47;The system shall use secure socket layer (SSL) technology to ensure all payments made online and user logins are secure.;SE;vague;and
R955;48;Any page of the application should not take more than 6 seconds to load on a DSL broadband connection.;PE;qualifier;Any
R955;48;Any page of the application should not take more than 6 seconds to load on a DSL broadband connection.;PE;weak_1;should
R955;48;Any page of the application should not take more than 6 seconds to load on a DSL broadband connection.;PE;vague;more
R956;48;The system may be throttled or slowed down on heavy loads to ensure service for everybody. By throttling is meant that certain functionality may be unavailable during heavy server load.;PE;weak_1;may
R956;48;The system may be throttled or slowed down on heavy loads to ensure service for everybody. By throttling is meant that certain functionality may be unavailable during heavy server load.;PE;optional;or
R956;48;The system may be throttled or slowed down on heavy loads to ensure service for everybody. By throttling is meant that certain functionality may be unavailable during heavy server load.;PE;plurals;loads
R956;48;The system may be throttled or slowed down on heavy loads to ensure service for everybody. By throttling is meant that certain functionality may be unavailable during heavy server load.;PE;pronoun;everybody
R956;48;The system may be throttled or slowed down on heavy loads to ensure service for everybody. By throttling is meant that certain functionality may be unavailable during heavy server load.;PE;pronoun;that
R956;48;The system may be throttled or slowed down on heavy loads to ensure service for everybody. By throttling is meant that certain functionality may be unavailable during heavy server load.;PE;vague;certain
R957;48;The application should be able to support 100 concurrent users without any performance degradation.;PE;vague;able to
R957;48;The application should be able to support 100 concurrent users without any performance degradation.;PE;weak_1;should
R957;48;The application should be able to support 100 concurrent users without any performance degradation.;PE;plurals;users
R957;48;The application should be able to support 100 concurrent users without any performance degradation.;PE;qualifier;any
R958;48;The system should be able to scale up to 500 concurrent users (if there is a need in the future) by installing additional hardware components.;SC;vague;able to
R958;48;The system should be able to scale up to 500 concurrent users (if there is a need in the future) by installing additional hardware components.;SC;vague;there is
R958;48;The system should be able to scale up to 500 concurrent users (if there is a need in the future) by installing additional hardware components.;SC;weak_1;should
R958;48;The system should be able to scale up to 500 concurrent users (if there is a need in the future) by installing additional hardware components.;SC;plurals;users
R958;48;The system should be able to scale up to 500 concurrent users (if there is a need in the future) by installing additional hardware components.;SC;vague;(
R958;48;The system should be able to scale up to 500 concurrent users (if there is a need in the future) by installing additional hardware components.;SC;vague;future
R958;48;The system should be able to scale up to 500 concurrent users (if there is a need in the future) by installing additional hardware components.;SC;vague;additional
R958;48;The system should be able to scale up to 500 concurrent users (if there is a need in the future) by installing additional hardware components.;SC;plurals;components
R959;48;The MTBF (if any) should not be less than 2 months.;A;vague;(
R959;48;The MTBF (if any) should not be less than 2 months.;A;qualifier;any
R959;48;The MTBF (if any) should not be less than 2 months.;A;weak_1;should
R959;48;The MTBF (if any) should not be less than 2 months.;A;vague;less
R960;48;A secure server will be required to ensure confidentiality of customer’s credit card and other details.;SE;vague;secure
R960;48;A secure server will be required to ensure confidentiality of customer’s credit card and other details.;SE;weak_1;will
R960;48;A secure server will be required to ensure confidentiality of customer’s credit card and other details.;SE;vague;and
R960;48;A secure server will be required to ensure confidentiality of customer’s credit card and other details.;SE;plurals;details
R961;48;The user interface of the system should be very user friendly. ;US;weak_1;should
R962;48;It should not take more than 120 seconds for a new user to register for an account.;US;pronoun;It
R962;48;It should not take more than 120 seconds for a new user to register for an account.;US;weak_1;should
R962;48;It should not take more than 120 seconds for a new user to register for an account.;US;vague;more
R963;48;It should not take more than 90 seconds for a registered user to place an order.;US;pronoun;It
R963;48;It should not take more than 90 seconds for a registered user to place an order.;US;weak_1;should
R963;48;It should not take more than 90 seconds for a registered user to place an order.;US;vague;more
R964;48;The system should be easy enough to maintain that someone else could do it with a manual and a few hours training.;MN;weak_1;should
R964;48;The system should be easy enough to maintain that someone else could do it with a manual and a few hours training.;MN;vague;easy
R964;48;The system should be easy enough to maintain that someone else could do it with a manual and a few hours training.;MN;pronoun;that
R964;48;The system should be easy enough to maintain that someone else could do it with a manual and a few hours training.;MN;pronoun;someone
R964;48;The system should be easy enough to maintain that someone else could do it with a manual and a few hours training.;MN;weak_1;could
R964;48;The system should be easy enough to maintain that someone else could do it with a manual and a few hours training.;MN;pronoun;it
R964;48;The system should be easy enough to maintain that someone else could do it with a manual and a few hours training.;MN;vague;and
R964;48;The system should be easy enough to maintain that someone else could do it with a manual and a few hours training.;MN;qualifier;few
R965;48;The system should be portable to various operating environments.;PO;weak_1;should
R965;48;The system should be portable to various operating environments.;PO;vague;various
R965;48;The system should be portable to various operating environments.;PO;plurals;environments
R966;49;Registered User must be able to maintain his/her session information for at least 60 minutes of inactive session before the system prompts him to log out of the system. The registered user must be provided with all the options of the E-store regardless of the time when he/she logs in.;F;vague;able to
R966;49;Registered User must be able to maintain his/her session information for at least 60 minutes of inactive session before the system prompts him to log out of the system. The registered user must be provided with all the options of the E-store regardless of the time when he/she logs in.;F;vague;regardless of
R966;49;Registered User must be able to maintain his/her session information for at least 60 minutes of inactive session before the system prompts him to log out of the system. The registered user must be provided with all the options of the E-store regardless of the time when he/she logs in.;F;pronoun;his
R966;49;Registered User must be able to maintain his/her session information for at least 60 minutes of inactive session before the system prompts him to log out of the system. The registered user must be provided with all the options of the E-store regardless of the time when he/she logs in.;F;pronoun;her
R966;49;Registered User must be able to maintain his/her session information for at least 60 minutes of inactive session before the system prompts him to log out of the system. The registered user must be provided with all the options of the E-store regardless of the time when he/she logs in.;F;plurals;prompts
R966;49;Registered User must be able to maintain his/her session information for at least 60 minutes of inactive session before the system prompts him to log out of the system. The registered user must be provided with all the options of the E-store regardless of the time when he/she logs in.;F;pronoun;him
R966;49;Registered User must be able to maintain his/her session information for at least 60 minutes of inactive session before the system prompts him to log out of the system. The registered user must be provided with all the options of the E-store regardless of the time when he/she logs in.;F;vague;provided
R966;49;Registered User must be able to maintain his/her session information for at least 60 minutes of inactive session before the system prompts him to log out of the system. The registered user must be provided with all the options of the E-store regardless of the time when he/she logs in.;F;qualifier;all
R966;49;Registered User must be able to maintain his/her session information for at least 60 minutes of inactive session before the system prompts him to log out of the system. The registered user must be provided with all the options of the E-store regardless of the time when he/she logs in.;F;pronoun;he
R966;49;Registered User must be able to maintain his/her session information for at least 60 minutes of inactive session before the system prompts him to log out of the system. The registered user must be provided with all the options of the E-store regardless of the time when he/she logs in.;F;pronoun;she
R966;49;Registered User must be able to maintain his/her session information for at least 60 minutes of inactive session before the system prompts him to log out of the system. The registered user must be provided with all the options of the E-store regardless of the time when he/she logs in.;F;plurals;logs
R967;49;The entire website must be user-friendly and easily navigable. The website must be provided with a site map for quick access to a particular link according to the requirement specification. The user must be able to find what he/she wants from the site without any difficulty. The website must adhere to branding schemes and the layout of the web pages must be uniform throughout  ;US;vague;able to
R967;49;The entire website must be user-friendly and easily navigable. The website must be provided with a site map for quick access to a particular link according to the requirement specification. The user must be able to find what he/she wants from the site without any difficulty. The website must adhere to branding schemes and the layout of the web pages must be uniform throughout  ;US;vague;and
R967;49;The entire website must be user-friendly and easily navigable. The website must be provided with a site map for quick access to a particular link according to the requirement specification. The user must be able to find what he/she wants from the site without any difficulty. The website must adhere to branding schemes and the layout of the web pages must be uniform throughout  ;US;vague;easily
R967;49;The entire website must be user-friendly and easily navigable. The website must be provided with a site map for quick access to a particular link according to the requirement specification. The user must be able to find what he/she wants from the site without any difficulty. The website must adhere to branding schemes and the layout of the web pages must be uniform throughout  ;US;vague;provided
R967;49;The entire website must be user-friendly and easily navigable. The website must be provided with a site map for quick access to a particular link according to the requirement specification. The user must be able to find what he/she wants from the site without any difficulty. The website must adhere to branding schemes and the layout of the web pages must be uniform throughout  ;US;vague;particular
R967;49;The entire website must be user-friendly and easily navigable. The website must be provided with a site map for quick access to a particular link according to the requirement specification. The user must be able to find what he/she wants from the site without any difficulty. The website must adhere to branding schemes and the layout of the web pages must be uniform throughout  ;US;pronoun;what
R967;49;The entire website must be user-friendly and easily navigable. The website must be provided with a site map for quick access to a particular link according to the requirement specification. The user must be able to find what he/she wants from the site without any difficulty. The website must adhere to branding schemes and the layout of the web pages must be uniform throughout  ;US;pronoun;he
R967;49;The entire website must be user-friendly and easily navigable. The website must be provided with a site map for quick access to a particular link according to the requirement specification. The user must be able to find what he/she wants from the site without any difficulty. The website must adhere to branding schemes and the layout of the web pages must be uniform throughout  ;US;pronoun;she
R967;49;The entire website must be user-friendly and easily navigable. The website must be provided with a site map for quick access to a particular link according to the requirement specification. The user must be able to find what he/she wants from the site without any difficulty. The website must adhere to branding schemes and the layout of the web pages must be uniform throughout  ;US;qualifier;any
R967;49;The entire website must be user-friendly and easily navigable. The website must be provided with a site map for quick access to a particular link according to the requirement specification. The user must be able to find what he/she wants from the site without any difficulty. The website must adhere to branding schemes and the layout of the web pages must be uniform throughout  ;US;plurals;schemes
R967;49;The entire website must be user-friendly and easily navigable. The website must be provided with a site map for quick access to a particular link according to the requirement specification. The user must be able to find what he/she wants from the site without any difficulty. The website must adhere to branding schemes and the layout of the web pages must be uniform throughout  ;US;plurals;pages
R968;49;The system shall support up to 10000 simultaneous users against the central database at any given time and up to 5000 simultaneous users against the local servers at any one time. The performance of the website must be optimal incase of huge loads and hence appropriate load balancing must be done to achieve this. There can be any number of mirror servers readily available in case of huge loads without the user getting any delay.;PE;optional;in case of
R968;49;The system shall support up to 10000 simultaneous users against the central database at any given time and up to 5000 simultaneous users against the local servers at any one time. The performance of the website must be optimal incase of huge loads and hence appropriate load balancing must be done to achieve this. There can be any number of mirror servers readily available in case of huge loads without the user getting any delay.;PE;plurals;users
R968;49;The system shall support up to 10000 simultaneous users against the central database at any given time and up to 5000 simultaneous users against the local servers at any one time. The performance of the website must be optimal incase of huge loads and hence appropriate load balancing must be done to achieve this. There can be any number of mirror servers readily available in case of huge loads without the user getting any delay.;PE;qualifier;any
R968;49;The system shall support up to 10000 simultaneous users against the central database at any given time and up to 5000 simultaneous users against the local servers at any one time. The performance of the website must be optimal incase of huge loads and hence appropriate load balancing must be done to achieve this. There can be any number of mirror servers readily available in case of huge loads without the user getting any delay.;PE;vague;and
R968;49;The system shall support up to 10000 simultaneous users against the central database at any given time and up to 5000 simultaneous users against the local servers at any one time. The performance of the website must be optimal incase of huge loads and hence appropriate load balancing must be done to achieve this. There can be any number of mirror servers readily available in case of huge loads without the user getting any delay.;PE;plurals;servers
R968;49;The system shall support up to 10000 simultaneous users against the central database at any given time and up to 5000 simultaneous users against the local servers at any one time. The performance of the website must be optimal incase of huge loads and hence appropriate load balancing must be done to achieve this. There can be any number of mirror servers readily available in case of huge loads without the user getting any delay.;PE;plurals;loads
R968;49;The system shall support up to 10000 simultaneous users against the central database at any given time and up to 5000 simultaneous users against the local servers at any one time. The performance of the website must be optimal incase of huge loads and hence appropriate load balancing must be done to achieve this. There can be any number of mirror servers readily available in case of huge loads without the user getting any delay.;PE;pronoun;this
R968;49;The system shall support up to 10000 simultaneous users against the central database at any given time and up to 5000 simultaneous users against the local servers at any one time. The performance of the website must be optimal incase of huge loads and hence appropriate load balancing must be done to achieve this. There can be any number of mirror servers readily available in case of huge loads without the user getting any delay.;PE;vague;There
R968;49;The system shall support up to 10000 simultaneous users against the central database at any given time and up to 5000 simultaneous users against the local servers at any one time. The performance of the website must be optimal incase of huge loads and hence appropriate load balancing must be done to achieve this. There can be any number of mirror servers readily available in case of huge loads without the user getting any delay.;PE;weak_1;can
R969;49;The website must provide highest degree of security to the registered users. All the transactions that are made must be secured. The sensitive information passed to and from the website must be secured. Identity theft and other security related issues must be solved. Unauthorized transmission of sensitive information of the user to third party websites for reference must be avoided. On the basis of user agreement the information must be processed. All the information about the registered user must be securely stored in the central database.;SE;plurals;users
R969;49;The website must provide highest degree of security to the registered users. All the transactions that are made must be secured. The sensitive information passed to and from the website must be secured. Identity theft and other security related issues must be solved. Unauthorized transmission of sensitive information of the user to third party websites for reference must be avoided. On the basis of user agreement the information must be processed. All the information about the registered user must be securely stored in the central database.;SE;qualifier;All
R969;49;The website must provide highest degree of security to the registered users. All the transactions that are made must be secured. The sensitive information passed to and from the website must be secured. Identity theft and other security related issues must be solved. Unauthorized transmission of sensitive information of the user to third party websites for reference must be avoided. On the basis of user agreement the information must be processed. All the information about the registered user must be securely stored in the central database.;SE;plurals;transactions
R969;49;The website must provide highest degree of security to the registered users. All the transactions that are made must be secured. The sensitive information passed to and from the website must be secured. Identity theft and other security related issues must be solved. Unauthorized transmission of sensitive information of the user to third party websites for reference must be avoided. On the basis of user agreement the information must be processed. All the information about the registered user must be securely stored in the central database.;SE;pronoun;that
R969;49;The website must provide highest degree of security to the registered users. All the transactions that are made must be secured. The sensitive information passed to and from the website must be secured. Identity theft and other security related issues must be solved. Unauthorized transmission of sensitive information of the user to third party websites for reference must be avoided. On the basis of user agreement the information must be processed. All the information about the registered user must be securely stored in the central database.;SE;vague;secured
R969;49;The website must provide highest degree of security to the registered users. All the transactions that are made must be secured. The sensitive information passed to and from the website must be secured. Identity theft and other security related issues must be solved. Unauthorized transmission of sensitive information of the user to third party websites for reference must be avoided. On the basis of user agreement the information must be processed. All the information about the registered user must be securely stored in the central database.;SE;vague;and
R969;49;The website must provide highest degree of security to the registered users. All the transactions that are made must be secured. The sensitive information passed to and from the website must be secured. Identity theft and other security related issues must be solved. Unauthorized transmission of sensitive information of the user to third party websites for reference must be avoided. On the basis of user agreement the information must be processed. All the information about the registered user must be securely stored in the central database.;SE;plurals;websites
R969;49;The website must provide highest degree of security to the registered users. All the transactions that are made must be secured. The sensitive information passed to and from the website must be secured. Identity theft and other security related issues must be solved. Unauthorized transmission of sensitive information of the user to third party websites for reference must be avoided. On the basis of user agreement the information must be processed. All the information about the registered user must be securely stored in the central database.;SE;vague;securely
