ID;ID progetto;REQUISITO (testo);Classe dei requisiti;CATEGORIA;PAROLA
R3;1;If projected  the data must be readable.  On a 10x10 projection screen  90% of viewers must be able to read Event / Activity data from a viewing distance of 30;US;vague;able to
R3;1;If projected  the data must be readable.  On a 10x10 projection screen  90% of viewers must be able to read Event / Activity data from a viewing distance of 30;US;vague;/
R4;1;The product shall be available during normal business hours. As long as the user has access to the client PC  the system will be available 99% of the time during the first six months of operation.;A;vague;normal
R5;1;If projected  the data must be understandable. On a 10x10 projection screen  90% of viewers must be able to determine that Events or Activities are occuring in current time from a viewing distance of 100;US;vague;able to
R5;1;If projected  the data must be understandable. On a 10x10 projection screen  90% of viewers must be able to determine that Events or Activities are occuring in current time from a viewing distance of 100;US;vague;understandable
R6;1;The product shall ensure that it can only be accessed by authorized users.  The product will be able to distinguish between authorized and unauthorized users in all access attempts;SE;vague;able to
R6;1;The product shall ensure that it can only be accessed by authorized users.  The product will be able to distinguish between authorized and unauthorized users in all access attempts;SE;vague;only
R6;1;The product shall ensure that it can only be accessed by authorized users.  The product will be able to distinguish between authorized and unauthorized users in all access attempts;SE;vague;and
R7;1;The product shall be intuitive and self-explanatory. 90% of new users shall be able to start the display of Events or Activities within 90 minutes of using the product.;US;vague;able to
R7;1;The product shall be intuitive and self-explanatory. 90% of new users shall be able to start the display of Events or Activities within 90 minutes of using the product.;US;vague;and
R8;1;The product shall respond fast to keep up-to-date data in the display.;PE;vague;fast
R9;1;The system shall have a MDI form that allows for the viewing of the graph and the data table.;F;vague;and
R14;1;The data displayed in both the nodes within the graph and the rows in the table are MSEL Summary data;F;vague;both
R14;1;The data displayed in both the nodes within the graph and the rows in the table are MSEL Summary data;F;vague;and
R15;1;The table side of the display shall be split into 2 regions: sequential and temporal.;F;vague;sequential
R15;1;The table side of the display shall be split into 2 regions: sequential and temporal.;F;vague;and
R19;1;The system shall display data from the Sync Matrix 1.0 and Exercise Management Tool 1.0 applications;F;vague;and
R23;1;The system shall filter data by: Venues and Key Events.;F;vague;and
R25;1;The system shall display the local and exercise time in separate clocks;F;vague;and
R26;1;The system shall offer the ability to pause and resume the refresh of data.;F;vague;and
R29;2;The look and feel of the system shall conform to the user interface standards of the smart device.;LF;vague;and
R32;2;The product shall have a consistent color scheme and fonts.;LF;vague;consistent
R32;2;The product shall have a consistent color scheme and fonts.;LF;vague;and
R34;2;The system shall be intuitive and self explanatory.;US;vague;and
R35;2;The product shall be easy for a realtor to learn.;US;vague;easy
R36;2;The product shall use symbols and words that are naturally understandable by the realtor community.;US;vague;and
R36;2;The product shall use symbols and words that are naturally understandable by the realtor community.;US;vague;understandable
R41;2;The product shall synchronize contacts and appointments in an acceptable time.;PE;vague;and
R46;2;The product shall allow the user to view previously downloaded search results CMA reports  and appointments.;FT;vague;and
R49;2;The product shall be able to support multiple remote users;SC;vague;able to
R51;2;The product shall be capable of handling the existing 1000 users. This number is expected to grow 5 times within the next year.;SC;vague;capable of
R51;2;The product shall be capable of handling the existing 1000 users. This number is expected to grow 5 times within the next year.;SC;vague;existing
R53;2;90% of untrained realtors shall be able to install the product on their device without printed instructions;US;vague;able to
R54;2;The product is expected to run on Windows CE and Palm operating systems.;PO;vague;and
R55;2;Only registered realtors shall be able to access the system.;SE;vague;able to
R55;2;Only registered realtors shall be able to access the system.;SE;vague;Only
R56;2;Every user of the system shall be authenticated and authorized.;SE;vague;and
R59;2;The user shall be able to get driving directions to a selected property;F;vague;able to
R60;2;The user shall be able to download appointments and contact information for clients;F;vague;able to
R60;2;The user shall be able to download appointments and contact information for clients;F;vague;and
R63;2;Realtor shall be able to generate a CMA report based on property criteria;F;vague;able to
R64;2;The system shall be able to call the seller or buyer to schedule an appointment;F;vague;able to
R66;2;The realtor shall be able to retrieve a map showing property locations for a specified area;F;vague;able to
R69;3;The system shall be easy to use by the Program Administrators/Nursing Staff Members.;US;vague;easy
R70;3;All of the users shall be able to use the system after one day of training.;US;vague;able to
R71;3;The system shall help the user avoid making mistakes while scheduling classes and clinicals for the nursing students.;US;vague;and
R74;3;2 out of 3 Program Administrators/Nursing Staff Members shall successfully be able to use the system to manage the scheduling of classes and clinicals.;US;vague;able to
R74;3;2 out of 3 Program Administrators/Nursing Staff Members shall successfully be able to use the system to manage the scheduling of classes and clinicals.;US;vague;and
R75;3;The system shall use symbols and words that are naturally understandable by the user community.;US;vague;and
R75;3;The system shall use symbols and words that are naturally understandable by the user community.;US;vague;understandable
R76;3;The verbiage used within the system shall be consistent with Standard English and the terminology of the national Nursing Community.;US;vague;consistent
R76;3;The verbiage used within the system shall be consistent with Standard English and the terminology of the national Nursing Community.;US;vague;and
R77;3;Staff members shall be able to complete a set of tasks in a timely manner.;PE;vague;able to
R77;3;Staff members shall be able to complete a set of tasks in a timely manner.;PE;vague;timely
R78;3;The response time of general student management tasks shall take no longer than 5 seconds and the response time of schedule generation shall take no longer than 30 seconds.;PE;vague;general
R78;3;The response time of general student management tasks shall take no longer than 5 seconds and the response time of schedule generation shall take no longer than 30 seconds.;PE;vague;and
R79;3;The system shall be available for use between the hours of 8am and 6pm.;A;vague;and
R81;3;system shall be able to handle all of the user requests/usage during business hours.;SC;vague;able to
R83;3;The system shall be capable of processing 100% of nursing students and their classes for the next 10 years.;SC;vague;capable of
R83;3;The system shall be capable of processing 100% of nursing students and their classes for the next 10 years.;SC;vague;and
R84;3;The system shall be expected to manage the nursing program curriculum and class/clinical scheduling for a minimum of 5 years.;SC;vague;and
R84;3;The system shall be expected to manage the nursing program curriculum and class/clinical scheduling for a minimum of 5 years.;SC;vague;minimum
R85;3;The system shall able to operate within a business office environment typical of the Nursing Department at DePaul University.;O;vague;able to
R91;3;We must be able to interface with any HTML browser.;O;vague;able to
R92;3;Only authorized users shall have access to clinical site information.;SE;vague;Only
R93;3;Program Administrators/Nursing Staff Members are the only people who shall have access to clinical site details.;SE;vague;only
R94;3;Only authorized users shall have access to students\92 personal information.;SE;vague;Only
R95;3;Dr Susan Poslusny and Dr Julie Donalek are the only people who shall have access to students\92 personal information.;SE;vague;and
R95;3;Dr Susan Poslusny and Dr Julie Donalek are the only people who shall have access to students\92 personal information.;SE;vague;only
R96;3;Only authorized users shall have access to the portion of the system that interfaces with CampusConnect.;SE;vague;Only
R97;3;Fit Criterion: Dr Susan Poslusny and Karen Sysol are the only people who shall have access to the final class section scheduling for the system that interfaces with CampusConnect.;SE;vague;and
R97;3;Fit Criterion: Dr Susan Poslusny and Karen Sysol are the only people who shall have access to the final class section scheduling for the system that interfaces with CampusConnect.;SE;vague;only
R100;3;The system shall be built such that it is as secure as possible from malicious interference.;SE;vague;secure
R103;3;Program Administrators and Nursing Staff Members shall be able to add a listing of students to a cohort.;F;vague;able to
R103;3;Program Administrators and Nursing Staff Members shall be able to add a listing of students to a cohort.;F;vague;and
R104;3;Program Administrators and Nursing Staff Members shall be able to add a single student to a cohort;F;vague;able to
R104;3;Program Administrators and Nursing Staff Members shall be able to add a single student to a cohort;F;vague;and
R106;3;Program Administrators and Nursing Staff Members shall be able to specify the preferred sequence of classes for a given cohort.;F;vague;able to
R106;3;Program Administrators and Nursing Staff Members shall be able to specify the preferred sequence of classes for a given cohort.;F;vague;and
R107;3;For each class within a sequence for a cohort  Program Administrators and Nursing Staff Members shall be able to specify which quarter that class will be offered.;F;vague;able to
R107;3;For each class within a sequence for a cohort  Program Administrators and Nursing Staff Members shall be able to specify which quarter that class will be offered.;F;vague;and
R108;3;Program Administrators and Nursing Staff Members shall be able to add new classes to a sequence of classes;F;vague;able to
R108;3;Program Administrators and Nursing Staff Members shall be able to add new classes to a sequence of classes;F;vague;and
R109;3;Program Administrators and Nursing Staff Members shall be able to add clinical classes or sections to a sequence of classes;F;vague;able to
R109;3;Program Administrators and Nursing Staff Members shall be able to add clinical classes or sections to a sequence of classes;F;vague;and
R110;3;Program Administrators and Nursing Staff Members shall be able to add a new cohort to the system  identified by start month and year.;F;vague;able to
R110;3;Program Administrators and Nursing Staff Members shall be able to add a new cohort to the system  identified by start month and year.;F;vague;and
R111;3;Program Administrators and Nursing Staff Members shall be able to add new classes for the nursing department into the system.;F;vague;able to
R111;3;Program Administrators and Nursing Staff Members shall be able to add new classes for the nursing department into the system.;F;vague;and
R113;3;A non-clinical class shall specify the course name  lecture room requirements  and instructor needs.;F;vague;and
R114;3;A clinical class shall specify the course name  lecture room requirements  clinical site needs  lecture instructor needs  and clinical lab instructor needs.;F;vague;and
R115;3;Program Administrators/Nursing Staff Members shall be able to create a new Program of Study.;F;vague;able to
R116;3;A Program of Study shall consist of a program name and listing of required classes (both clinical and non-clinical) that must be completed.;F;vague;and
R116;3;A Program of Study shall consist of a program name and listing of required classes (both clinical and non-clinical) that must be completed.;F;vague;(
R116;3;A Program of Study shall consist of a program name and listing of required classes (both clinical and non-clinical) that must be completed.;F;vague;both
R117;3;Program Administrators and Nursing Staff Members shall have the ability to specify which classes are required for a Program of Study;F;vague;and
R118;3;The system shall be able to display a report of needed classes for a given quarter for all cohorts of all programs for Program Administrators/Nursing Staff Members\92 planning purposes.;F;vague;able to
R119;3;The report of needed classes shall include (but not be limited to) classes to be offered  number of sections needed  number of labs needed  and room types needed.;F;vague;(
R119;3;The report of needed classes shall include (but not be limited to) classes to be offered  number of sections needed  number of labs needed  and room types needed.;F;vague;but
R119;3;The report of needed classes shall include (but not be limited to) classes to be offered  number of sections needed  number of labs needed  and room types needed.;F;vague;and
R120;3;Classes for a given cohort shall not conflict with regards to the time and day that they are offered.;F;vague;and
R121;3;Program Administrators and Nursing Staff Members shall be able to add a new clinical site into the system.;F;vague;able to
R121;3;Program Administrators and Nursing Staff Members shall be able to add a new clinical site into the system.;F;vague;and
R122;3;Clinical site information shall include (but not be limited to) the name of the site  contact person  and contact information.;F;vague;(
R122;3;Clinical site information shall include (but not be limited to) the name of the site  contact person  and contact information.;F;vague;but
R122;3;Clinical site information shall include (but not be limited to) the name of the site  contact person  and contact information.;F;vague;and
R123;3;Program Administrators and Nursing Staff Members shall be able to add a new clinical lab section for an existing clinical class into the System.;F;vague;able to
R123;3;Program Administrators and Nursing Staff Members shall be able to add a new clinical lab section for an existing clinical class into the System.;F;vague;and
R123;3;Program Administrators and Nursing Staff Members shall be able to add a new clinical lab section for an existing clinical class into the System.;F;vague;existing
R124;3;A clinical lab section shall include the clinical site name  the class  instructor  day and time of the lab.;F;vague;and
R125;3;Program Administrators and Nursing Staff Members shall be able to add a student who has registered for a clinical class to a clinical lab section for that class.;F;vague;able to
R125;3;Program Administrators and Nursing Staff Members shall be able to add a student who has registered for a clinical class to a clinical lab section for that class.;F;vague;and
R128;3;Program Administrators/Nursing Staff Members shall be able to cancel a clinical lab section only if there are no students registered for that clinical lab section.;F;vague;able to
R128;3;Program Administrators/Nursing Staff Members shall be able to cancel a clinical lab section only if there are no students registered for that clinical lab section.;F;vague;only
R128;3;Program Administrators/Nursing Staff Members shall be able to cancel a clinical lab section only if there are no students registered for that clinical lab section.;F;vague;there
R129;3;A Program Administrator/Nursing Staff Member shall be able to add a new nursing student to the system.;F;vague;able to
R130;3;A staff member shall have the ability to manage the progress of a part time student  which includes modifying their sequence of classes and timeline of classes.;F;vague;and
R131;3;The system shall be able to display a printable summary for individual cohorts  which will include the students enlisted  the Program of study  sequence of classes  cohort progress through the program  and timeline of completion.;F;vague;able to
R131;3;The system shall be able to display a printable summary for individual cohorts  which will include the students enlisted  the Program of study  sequence of classes  cohort progress through the program  and timeline of completion.;F;vague;and
R132;3;The system shall be able to display a printable summary for individual clinical sites  which will include information on labs being held at that site for the given quarter (Clinical site  general information on labs held at that location  dates and times of all labs held there).;F;vague;able to
R132;3;The system shall be able to display a printable summary for individual clinical sites  which will include information on labs being held at that site for the given quarter (Clinical site  general information on labs held at that location  dates and times of all labs held there).;F;vague;(
R132;3;The system shall be able to display a printable summary for individual clinical sites  which will include information on labs being held at that site for the given quarter (Clinical site  general information on labs held at that location  dates and times of all labs held there).;F;vague;general
R132;3;The system shall be able to display a printable summary for individual clinical sites  which will include information on labs being held at that site for the given quarter (Clinical site  general information on labs held at that location  dates and times of all labs held there).;F;vague;and
R132;3;The system shall be able to display a printable summary for individual clinical sites  which will include information on labs being held at that site for the given quarter (Clinical site  general information on labs held at that location  dates and times of all labs held there).;F;vague;there
R133;3;The system shall be able to display a printable summary for individual clinical labs  which will include (but not be limited to) class name  class number  lab section  listing of students enrolled  instructor  day(s)  time  and location.;F;vague;able to
R133;3;The system shall be able to display a printable summary for individual clinical labs  which will include (but not be limited to) class name  class number  lab section  listing of students enrolled  instructor  day(s)  time  and location.;F;vague;(
R133;3;The system shall be able to display a printable summary for individual clinical labs  which will include (but not be limited to) class name  class number  lab section  listing of students enrolled  instructor  day(s)  time  and location.;F;vague;but
R133;3;The system shall be able to display a printable summary for individual clinical labs  which will include (but not be limited to) class name  class number  lab section  listing of students enrolled  instructor  day(s)  time  and location.;F;vague;and
R134;3;The system shall be able to display a printable summary for individual nursing students  which will include (but not be limited to) student name  student ID  admission date  classes  credits  GPA  and the cohort that the student is enrolled in.;F;vague;able to
R134;3;The system shall be able to display a printable summary for individual nursing students  which will include (but not be limited to) student name  student ID  admission date  classes  credits  GPA  and the cohort that the student is enrolled in.;F;vague;(
R134;3;The system shall be able to display a printable summary for individual nursing students  which will include (but not be limited to) student name  student ID  admission date  classes  credits  GPA  and the cohort that the student is enrolled in.;F;vague;but
R134;3;The system shall be able to display a printable summary for individual nursing students  which will include (but not be limited to) student name  student ID  admission date  classes  credits  GPA  and the cohort that the student is enrolled in.;F;vague;and
R135;3;The system shall be able to display a printable summary of the system log.;F;vague;able to
R136;3;The system shall contain contact information (e-mail and phone number) for all people relevant to the system  including (but not limited to) staff members  students  lecture instructors  clinical lab instructors  and clinical site administrators.;F;vague;but not limited to
R136;3;The system shall contain contact information (e-mail and phone number) for all people relevant to the system  including (but not limited to) staff members  students  lecture instructors  clinical lab instructors  and clinical site administrators.;F;vague;(
R136;3;The system shall contain contact information (e-mail and phone number) for all people relevant to the system  including (but not limited to) staff members  students  lecture instructors  clinical lab instructors  and clinical site administrators.;F;vague;and
R136;3;The system shall contain contact information (e-mail and phone number) for all people relevant to the system  including (but not limited to) staff members  students  lecture instructors  clinical lab instructors  and clinical site administrators.;F;vague;relevant
R138;3;The system will notify affected parties for routine communication purposes  including but not limited to informing students of upcoming offered classes (timeline) and what their schedule will be/shall be.;F;vague;but not limited to
R138;3;The system will notify affected parties for routine communication purposes  including but not limited to informing students of upcoming offered classes (timeline) and what their schedule will be/shall be.;F;vague;routine
R138;3;The system will notify affected parties for routine communication purposes  including but not limited to informing students of upcoming offered classes (timeline) and what their schedule will be/shall be.;F;vague;(
R138;3;The system will notify affected parties for routine communication purposes  including but not limited to informing students of upcoming offered classes (timeline) and what their schedule will be/shall be.;F;vague;and
R139;3;The system will notify affected parties when changes occur affecting clinicals  including but not limited to clinical section capacity changes  and clinical section cancellations.;F;vague;but not limited to
R139;3;The system will notify affected parties when changes occur affecting clinicals  including but not limited to clinical section capacity changes  and clinical section cancellations.;F;vague;and
R140;3;The system will notify affected parties when changes occur affecting classes  including but not limited to class cancellations  class section detail changes  and changes to class offerings for a given quarter.;F;vague;but not limited to
R140;3;The system will notify affected parties when changes occur affecting classes  including but not limited to class cancellations  class section detail changes  and changes to class offerings for a given quarter.;F;vague;and
R141;3;The system will notify affected parties when changes occur affecting cohorts  including but not limited to changes to the sequence for a cohort\92s program of study and changes to a given week\92s schedule (lab cancelled this week due to instructor illness).;F;vague;but not limited to
R141;3;The system will notify affected parties when changes occur affecting cohorts  including but not limited to changes to the sequence for a cohort\92s program of study and changes to a given week\92s schedule (lab cancelled this week due to instructor illness).;F;vague;and
R141;3;The system will notify affected parties when changes occur affecting cohorts  including but not limited to changes to the sequence for a cohort\92s program of study and changes to a given week\92s schedule (lab cancelled this week due to instructor illness).;F;vague;(
R142;3;The system will notify affected parties when changes occur affecting specific students  including but not limited to changing a student\92s status from full time to part time and moving a student to a different clinical section.;F;vague;but not limited to
R142;3;The system will notify affected parties when changes occur affecting specific students  including but not limited to changing a student\92s status from full time to part time and moving a student to a different clinical section.;F;vague;specific
R142;3;The system will notify affected parties when changes occur affecting specific students  including but not limited to changing a student\92s status from full time to part time and moving a student to a different clinical section.;F;vague;and
R143;3;Program Administrators/Nursing Staff Members shall have the ability to modify information relating to cohorts including cohort identifier  program of study  preferred sequence of classes and quarters that a cohort will be taking specific classes.;F;vague;and
R143;3;Program Administrators/Nursing Staff Members shall have the ability to modify information relating to cohorts including cohort identifier  program of study  preferred sequence of classes and quarters that a cohort will be taking specific classes.;F;vague;specific
R144;3;Program Administrators/Nursing Staff Members shall have the ability to modify information relating to a Program of Study within the Nursing Department including the Program of study name  and required classes for that Program of Study.;F;vague;and
R145;3;Program Administrators/Nursing Staff Members shall have the ability to modify information relating to a Clinical Site  including the clinical site name  site contact person  contact information  and address.;F;vague;and
R146;3;Program Administrators/Nursing Staff Members shall have the ability to modify information relating to a Clinical Lab Section  including the clinical site name the department/section for the lab  the class instructor day and time of lab and contact information.;F;vague;and
R147;3;Program Administrators/Nursing Staff Members shall have the ability to modify information relating to a Nursing Student  including student ID  student name phone number e-mail status (full time or part time) and program of study.;F;vague;(
R147;3;Program Administrators/Nursing Staff Members shall have the ability to modify information relating to a Nursing Student  including student ID  student name phone number e-mail status (full time or part time) and program of study.;F;vague;and
R148;4;The Disputes application shall comply with the corporate standards for user interface creation for internally and externally used applications.;LF;vague;and
R150;4;The list of dispute cases that are displayed after a search is performed must be color coded for easy identification of dispute cases based upon the dispute case status.;US;vague;easy
R151;4;100% of the cardmember and merchant services representatives shall use the Disputes application regularly after a 2-day training course.;US;vague;and
R152;4;100% of cardmember services representatives shall be able to successfully create a dispute case on the first encounter after completing the training course.;US;vague;able to
R153;4;100% of merchant services representatives shall be able to successfully perform a follow up action on a dispute case on the first encounter after completing the training course.;US;vague;able to
R154;4;The maximum wait time for a user navigating from one screen to another within the Disputes application shall be no more than 5 seconds.;PE;vague;maximum
R154;4;The maximum wait time for a user navigating from one screen to another within the Disputes application shall be no more than 5 seconds.;PE;vague;more
R160;4;The Disputes application shall interface with the Letters application.  This will allow the Disputes application to request letters as part of the dispute initiation and dispute follow up process. All letter requests must be sent to the Print Letter Utility application.;O;vague;and
R161;4;The Disputes application shall interface with the Cardmember Posting and Billing System.  This will allow the Disputes application to request adjustments to cardmember and merchant\92s accounts. All adjustment requests must be sent to the Cardmember Posting and Billing System.;O;vague;and
R162;4;The Disputes application shall ensure that only users with the appropriate access level are allowed to initiate dispute requests.;SE;vague;only
R163;4;Only users with Update access must be able to initiate dispute requests.;SE;vague;able to
R163;4;Only users with Update access must be able to initiate dispute requests.;SE;vague;Only
R164;4;The Disputes application shall ensure that only authorized users are allowed to logon to the application.;SE;vague;only
R165;4;All authorized users  once authenticated must be able to logon to the Disputes System;SE;vague;able to
R166;4;The Disputes System shall generate a User Report that details any new users that have been added and any changes to an existing user\92s access level. The report will be reviewed for auditing purposes.;SE;vague;and
R166;4;The Disputes System shall generate a User Report that details any new users that have been added and any changes to an existing user\92s access level. The report will be reviewed for auditing purposes.;SE;vague;existing
R167;4;All additions of new users and modifications to user\92s access shall be recorded on the User Report.;SE;vague;and
R168;4;If a user account is revoked  it can only be re-instantiated by the System Administrator.;SE;vague;only
R169;4;Only the System Administrator shall be able to reset a revoked user logon account;SE;vague;able to
R169;4;Only the System Administrator shall be able to reset a revoked user logon account;SE;vague;Only
R170;4;The Disputes application shall manipulate and view business data. Users will not have direct access to data files or databases.;SE;vague;and
R174;4;The Disputes application must conform to the legal requirements as specified by Regulation E and Regulation Z that govern credit card disputes processing.;L;vague;and
R175;4;All business rules specified in the Disputes System shall be in compliance to the guidelines of Regulation E and Regulation Z.;L;vague;and
R176;4;The Disputes application must maintain a detailed history of every action that a user takes on a dispute case.  This ensures a complete audit trail if questions arise later on with regard to a particular dispute case.;L;vague;particular
R177;4;All actions that modify an existing dispute case must be recorded in the case history.;L;vague;existing
R178;4;The Disputes System must be accessible by both internal and external users.;F;vague;both
R178;4;The Disputes System must be accessible by both internal and external users.;F;vague;and
R181;4;The Disputes System must provide different levels of access with regard to disputes case initiation and follow-up actions.;F;vague;and
R184;4;The Disputes System must allow the users to select disputable transactions (based on the age of the transaction) from a user interface and initiate a dispute (ticket retrieval request or chargeback notification) on the selected transaction.;F;vague;(
R184;4;The Disputes System must allow the users to select disputable transactions (based on the age of the transaction) from a user interface and initiate a dispute (ticket retrieval request or chargeback notification) on the selected transaction.;F;vague;and
R186;4;The Disputes System will provide the user the ability to create or initiate a ticket retrieval request.   As part of ticket retrieval creation process the system must prompt the user to enter all the required information to create the ticket retrieval request.  The ticket retrieval request is a document that is sent to merchant inquiring the validity of a transaction.;F;vague;prompt
R187;4;The Disputes System must allow the user to create three unique types of ticket retrieval requests.  The three types of ticket retrieval requests are (1) Request for original receipt (2) Request for a copy of the receipt or (3) Request for a portfolio. A portfolio consists of documentation that would provide proof of a purchase such as the documentation that is received from a car rental agency that is more than a sales receipt.;F;vague;(
R187;4;The Disputes System must allow the user to create three unique types of ticket retrieval requests.  The three types of ticket retrieval requests are (1) Request for original receipt (2) Request for a copy of the receipt or (3) Request for a portfolio. A portfolio consists of documentation that would provide proof of a purchase such as the documentation that is received from a car rental agency that is more than a sales receipt.;F;vague;more
R189;4;"The Disputes System must provide a confirmation to the user upon the creation of ticket retrieval request that contains the following information; the dispute case number  the type of retrieval requested (copy  original or portfolio)  and the date that the merchant response is due.";F;vague;";"
R189;4;"The Disputes System must provide a confirmation to the user upon the creation of ticket retrieval request that contains the following information; the dispute case number  the type of retrieval requested (copy  original or portfolio)  and the date that the merchant response is due.";F;vague;(
R189;4;"The Disputes System must provide a confirmation to the user upon the creation of ticket retrieval request that contains the following information; the dispute case number  the type of retrieval requested (copy  original or portfolio)  and the date that the merchant response is due.";F;vague;and
R190;4;The Disputes System shall allow the user to create or initiate a chargeback request.  The system must prompt the user to enter the required information to initiate a chargeback request. The chargeback request results in a printed chargeback notification that is sent to merchant indicating that their account will be charged back if no proof is provided that the disputed transaction is valid.;F;vague;prompt
R190;4;The Disputes System shall allow the user to create or initiate a chargeback request.  The system must prompt the user to enter the required information to initiate a chargeback request. The chargeback request results in a printed chargeback notification that is sent to merchant indicating that their account will be charged back if no proof is provided that the disputed transaction is valid.;F;vague;provided
R191;4;"The Disputes System must provide a confirmation to the user upon the creation of a chargeback request. The confirmation must contain the following information; the dispute case number  the type of chargeback requested (pending or immediate)  and the date that the merchant response is due.";F;vague;";"
R191;4;"The Disputes System must provide a confirmation to the user upon the creation of a chargeback request. The confirmation must contain the following information; the dispute case number  the type of chargeback requested (pending or immediate)  and the date that the merchant response is due.";F;vague;(
R191;4;"The Disputes System must provide a confirmation to the user upon the creation of a chargeback request. The confirmation must contain the following information; the dispute case number  the type of chargeback requested (pending or immediate)  and the date that the merchant response is due.";F;vague;and
R193;4;The Disputes System shall accurately provide a list of possible reason codes for a given transaction.  The list of possible reason codes must be derived based on the type of transaction and the industry that the merchant belongs to  according to the business rules defined for the Disputes System.;F;vague;and
R194;4;The Disputes System must provide the ability to view existing dispute cases.;F;vague;existing
R195;4;The Disputes System must provide Search functionality.  The search method must include the ability to search by (1) the dispute case number  (2) the merchant account number  (3) the cardmember account number and (4) the issuer number.  In addition to the above criteria  the search functionality must further allow the user to limit the results of the search by a date range  the type of dispute (ticket retrieval request or chargeback notification)  the case status (open  closed or all) and the dispute reason code.;F;vague;(
R195;4;The Disputes System must provide Search functionality.  The search method must include the ability to search by (1) the dispute case number  (2) the merchant account number  (3) the cardmember account number and (4) the issuer number.  In addition to the above criteria  the search functionality must further allow the user to limit the results of the search by a date range  the type of dispute (ticket retrieval request or chargeback notification)  the case status (open  closed or all) and the dispute reason code.;F;vague;and
R196;4;A list of all disputes cases that meet the entered search criteria must be provided to the user.  The list of cases must differentiate the type and/or status of the case by color -coding the line item in the list.  For example all open cases will be yellow and all closed cases will be gray.;F;vague;provided
R196;4;A list of all disputes cases that meet the entered search criteria must be provided to the user.  The list of cases must differentiate the type and/or status of the case by color -coding the line item in the list.  For example all open cases will be yellow and all closed cases will be gray.;F;vague;and
R198;4;The Dispute System shall provide the users with the ability to follow up on a dispute case via follow-up actions.  The list of available follow up actions for a given dispute case must be filtered by the status of the case and the access level of the user.;F;vague;and
R199;4;The Disputes System shall record the name of the user and the date for any activity that creates or modifies the disputes case in the system.  A detailed history of the actions taken on the case  including the date and the user that performed the action must be maintained for auditing purposes.;F;vague;and
R200;4;For any systematic (non-user initiated) action that occurs on a case such as the disputes aging process  a case activity will be generated.  Upon the next logon the user that initiated the dispute case must be notified that a systematic action has occurred on the dispute case.;F;vague;(
R203;5;The product must support Internet Explorer 5.5 and above.;O;vague;and
R204;5;The product must support Mozilla Firefox 1.0 and above.;O;vague;and
R206;5;The product shall run on the existing hardware for all environments.;O;vague;existing
R211;5;The product shall be easy to use by Adjusters and Collision Estimators.  95% of Adjusters and Collision Estimators shall find the product easy to use.;US;vague;easy
R211;5;The product shall be easy to use by Adjusters and Collision Estimators.  95% of Adjusters and Collision Estimators shall find the product easy to use.;US;vague;and
R214;5;The product shall be easy to learn by Adjusters and Collision Estimators.  The product shall be learned with two days onsite training;US;vague;easy
R214;5;The product shall be easy to learn by Adjusters and Collision Estimators.  The product shall be learned with two days onsite training;US;vague;and
R215;5;The user shall easily locate instructions while using the product.  User help can be found within 90% of the system.;US;vague;easily
R220;5;The product shall adhere to the corporate online availability schedule.  The application is brought down only within 98% of the scheduled outages per the availability schedule.;A;vague;only
R221;5;The product shall achieve a 98% uptime. The product shall not fail more than 2% of the available online time.;A;vague;more
R222;5;The product shall be able to handle up to 1500 simultaneous users. The system shall perform with 1500 users as a time.;SC;vague;able to
R224;5;The product shall be able to handle 10 000 concurrent users within 2 years of the initial launch.;SC;vague;able to
R225;5;For estimators  the product shall be able to be operated in a repair facility during dirty and noisy conditions.;O;vague;able to
R225;5;For estimators  the product shall be able to be operated in a repair facility during dirty and noisy conditions.;O;vague;and
R229;5;Product installations and upgrades shall be handled by the middleware technology team within established launch time frames.;O;vague;and
R230;5;Only adjusters can request recycled parts audit reports. No users without an adjuster role shall request recycled parts audits.;SE;vague;Only
R231;5;Only adjusters with a supervisor role can update preferred repair facility ratings. Users without the supervisor role cannot access the repair facility ratings.;SE;vague;Only
R232;5;Only collision estimators shall search for recycled parts.  Users without the collision estimator role shall not have access to the search for recycled parts.;SE;vague;Only
R233;5;Only valid data shall be entered into the system. No invalid data shall be entered into the system.;SE;vague;Only
R234;5;One insurance company shall not be able to view another insurance companys claim data.;SE;vague;able to
R240;5;The user shall search for the preferred repair facility using vehicle  vehicle location  and radius in miles;F;vague;and
R241;5;The vehicle data shall include vehicle year make and model;F;vague;and
R242;5;The vehicle location shall include street address city state and zipcode;F;vague;and
R243;5;The system shall resolve the zipcode for the street address  city  and state if zipcode is unknown.;F;vague;and
R244;5;The search radius shall be between 1 and 30 miles;F;vague;and
R247;5;The adjuster shall be able to override the preferred repair facitlity on the estimate assignment.;F;vague;able to
R252;5;The system shall search for available recycled parts for the supplied vehicle parts and suppliers.;F;vague;and
R254;5;The system shall retain the available recycled parts and suppliers returned from the search.;F;vague;and
R255;5;The available recycled parts information and their suppliers shall be returned to the user.;F;vague;and
R260;5;The recycled parts search results provided to the estimator shall be retrieved by the system.;F;vague;provided
R261;5;The system shall generate an audit report based on the available recycled parts and the collision estimate.;F;vague;and
R270;5;The system will display a blank set of ratings if there are not ratings yet defined.;F;vague;there
R273;5;The ratings shall include categories for attempted use of recycled parts and actual use of recycled parts;F;vague;and
R276;6;The product must work with most database management systems (DBMS) on the market  whether the DBMS is colocated with the product on the same machine or is located on a different machine on the computer network.;O;vague;(
R278;6;The product will require collaboration with a database management system (DBMS).  The DBMS may be located on the same machine as the product or on a separate machine residing on the same computer network.;O;vague;(
R279;6;The product must make use of web/application server technology.  Open source examples include Apache web server  Tomcat  and the JBoss application server.;O;vague;and
R281;6;The product\92s Look and Feel shall be able to incorporate aspects of the customer\92s organization such as logo  branding  and identity;LF;vague;able to
R281;6;The product\92s Look and Feel shall be able to incorporate aspects of the customer\92s organization such as logo  branding  and identity;LF;vague;and
R282;6;The product shall have a conservative and professional appearance.;LF;vague;and
R284;6;The product shall be easy to use. 90% of users will be able to successfully reserve a conference room within 5 minutes of product use.;US;vague;able to
R284;6;The product shall be easy to use. 90% of users will be able to successfully reserve a conference room within 5 minutes of product use.;US;vague;easy
R285;6;The product shall give users feedback when necessary. 80% of the users surveyed report that the product accurately confirms their actions.;US;vague;necessary
R287;6;The product shall allow for customization of start page and views preferences.;US;vague;and
R288;6;An employee will be able to successfully use the product within a few minutes.  After informally navigating the product for less than 15 minutes  users shall be able to successfully setup meetings and reserve conference rooms.;US;vague;able to
R288;6;An employee will be able to successfully use the product within a few minutes.  After informally navigating the product for less than 15 minutes  users shall be able to successfully setup meetings and reserve conference rooms.;US;vague;less
R288;6;An employee will be able to successfully use the product within a few minutes.  After informally navigating the product for less than 15 minutes  users shall be able to successfully setup meetings and reserve conference rooms.;US;vague;and
R292;6;The response shall be fast enough to avoid interrupting the user\92s flow of thought.  90% of tasks shall complete within 5 seconds.  98% of tasks shall complete within 8 seconds.;PE;vague;fast
R294;6;The product shall create an exception log of problems encountered within the product for transmission to our company for analysis and resolution.;FT;vague;and
R295;6;The product shall be capable of handling up to 1 000 concurrent requests.  This number will increase to 2 000 by Release 2.  The concurrency capacity must be able to handle peak scheduling times such as early morning and late afternoon hours.;SC;vague;capable of
R295;6;The product shall be capable of handling up to 1 000 concurrent requests.  This number will increase to 2 000 by Release 2.  The concurrency capacity must be able to handle peak scheduling times such as early morning and late afternoon hours.;SC;vague;able to
R295;6;The product shall be capable of handling up to 1 000 concurrent requests.  This number will increase to 2 000 by Release 2.  The concurrency capacity must be able to handle peak scheduling times such as early morning and late afternoon hours.;SC;vague;and
R296;6;The product shall be able to process 10 000 transactions per hour within two years of its launch.  This number will increase to 20 000 by Release 2.;SC;vague;able to
R299;6;The product must be able to interface with any HTML browser.  The product shall transmit data between the user and the product without problems. The product shall display HTML properly in 80% of all HTML browsers tested (minimum is to test 8 browsers).;O;vague;able to
R299;6;The product must be able to interface with any HTML browser.  The product shall transmit data between the user and the product without problems. The product shall display HTML properly in 80% of all HTML browsers tested (minimum is to test 8 browsers).;O;vague;and
R299;6;The product must be able to interface with any HTML browser.  The product shall transmit data between the user and the product without problems. The product shall display HTML properly in 80% of all HTML browsers tested (minimum is to test 8 browsers).;O;vague;(
R299;6;The product must be able to interface with any HTML browser.  The product shall transmit data between the user and the product without problems. The product shall display HTML properly in 80% of all HTML browsers tested (minimum is to test 8 browsers).;O;vague;minimum
R300;6;The product must be able to interface with various database management systems. The product shall communicate successfully with the database management system on 100% of all transactions.;O;vague;able to
R300;6;The product must be able to interface with various database management systems. The product shall communicate successfully with the database management system on 100% of all transactions.;O;vague;various
R301;6;The product must be able to interface with various email servers. The product shall be able to send email.;O;vague;able to
R301;6;The product must be able to interface with various email servers. The product shall be able to send email.;O;vague;various
R304;6;The product will be available for licensing as a one-server  two-five servers  or five-or-more servers license.;O;vague;more
R305;6;A new user must be able to be added to the system within 10 minutes. 90% of new users are able to log into the system within 10 minutes.;US;vague;able to
R306;6;The product must be designed using Design Patterns and coding best practices.  90% of maintenance software developers are able to integrate new functionality into the product with 2 working days.;MN;vague;able to
R306;6;The product must be designed using Design Patterns and coding best practices.  90% of maintenance software developers are able to integrate new functionality into the product with 2 working days.;MN;vague;and
R306;6;The product must be designed using Design Patterns and coding best practices.  90% of maintenance software developers are able to integrate new functionality into the product with 2 working days.;MN;vague;best
R307;6;The product must be highly configurable for use with various database management systems for the end users.  80% of end users are able to integrate new database management systems with the product without changing the product\92s software code.;MN;vague;able to
R307;6;The product must be highly configurable for use with various database management systems for the end users.  80% of end users are able to integrate new database management systems with the product without changing the product\92s software code.;MN;vague;various
R310;6;The customer shall be able to easily integrate new building maps with the product throughout the product\92s lifecycle.  Integration of new maps with the product shall be possible with little to no support from product support staff.;MN;vague;able to
R310;6;The customer shall be able to easily integrate new building maps with the product throughout the product\92s lifecycle.  Integration of new maps with the product shall be possible with little to no support from product support staff.;MN;vague;easily
R311;6;The product shall be translated into foreign languages other than the target market countries\92 languages in future releases.  For each emerging target market  it shall take no more than 5 days to configure the product for that market\92s language.;US;vague;future
R311;6;The product shall be translated into foreign languages other than the target market countries\92 languages in future releases.  For each emerging target market  it shall take no more than 5 days to configure the product for that market\92s language.;US;vague;more
R312;6;The product is expected to integrate with multiple database management systems. The product will operate with Oracle  SQL Server  DB2  MySQL  HSQL  and MS Access.;O;vague;and
R313;6;The product shall be able to be installed in any operating environment within 2 days.;O;vague;able to
R314;6;The product shall ensure that only company employees or external users with company-approved user IDs may have product access.  100% of all logons shall be by either company employees or external users with company-approved user IDs.;SE;vague;only
R315;6;Only managers are able to perform search queries for reservations by user.  100% of all search queries for reservations by user shall be from logons of only management logons.;SE;vague;able to
R315;6;Only managers are able to perform search queries for reservations by user.  100% of all search queries for reservations by user shall be from logons of only management logons.;SE;vague;Only
R315;6;Only managers are able to perform search queries for reservations by user.  100% of all search queries for reservations by user shall be from logons of only management logons.;SE;vague;only
R319;6;The product shall have the ability to receive automatic software updates as new threats emerge. 100% of customers will be able to receive automatic software updates transmitted to the installed product.;SE;vague;able to
R321;6;The product shall be able to display calendar dates and times according to the user\92s locale.  90% of survey respondents from each target market country will find that the date and time formatting of the product is correct.;US;vague;able to
R321;6;The product shall be able to display calendar dates and times according to the user\92s locale.  90% of survey respondents from each target market country will find that the date and time formatting of the product is correct.;US;vague;and
R329;6;The product shall update existing conference rooms.;F;vague;existing
R330;6;The product will be able to delete conference rooms.;F;vague;able to
R331;6;The product shall be able to store new room equipment.;F;vague;able to
R332;6;The product will update existing room equipment.;F;vague;existing
R333;6;The product shall be able to delete room equipment.;F;vague;able to
R335;6; Each time a conference room is reserved  the conference room schedule shall be updated to reflect the time and date of the reservation.;F;vague;and
R346;6;The product shall be able to send meeting notifications via different kinds of end-user specified methods.;F;vague;able to
R347;6;The product shall have a customizable Look and Feel.;F;vague;and
R350;7;Recreation of Inventory Quantity Adjustment for the period of previous 30 days shall take no more than 30min.;PE;vague;more
R351;7;The System shall allow for a minimum of  6 users to work at the same time.;PE;vague;minimum
R353;7;The System shall be able to automatically backup business data and restore them on demand.;O;vague;able to
R353;7;The System shall be able to automatically backup business data and restore them on demand.;O;vague;and
R354;7;The System shall maintain consistent security.  Any changes in user passwords and/or permissions should take affect in all parts of the System.;SE;vague;consistent
R356;7;The System shall meet all applicable accounting standards.  The final version of the System must successfully pass independent audit performed by a certified auditor.;L;vague;applicable
R357;7;The System shall not require additional third party licenses resulting in royalty fees.;O;vague;additional
R359;7;The System shall allow on demand generation of all Inventory Quantity Adjustment documents since certain point of time.;F;vague;certain
R360;7;The IQA subsystem shall take into account current inventory status and adjust inventory of substitutionary ingredients accordingly.;F;vague;and
R361;7;The System shall allow entering  storing and modifying product formulas.;F;vague;and
R366;7;Product shall allow entering  storing and modifying product menus used by POS terminals.;F;vague;and
R368;7;PME Subsystem shall allow keeping submenus within menus and products within submenus in a managed and persisted order.;F;vague;and
R369;7;PME Subsystem shall allow for a product to exist in more than one submenu;F;vague;exist in
R369;7;PME Subsystem shall allow for a product to exist in more than one submenu;F;vague;more
R370;7;The RMS System shall have Windows XP look and feel and use GUI futures making its use intuitive.;F;vague;and
R371;7;The System shall generate Inventory Quantity Adjustment document based on product daily sales data and product formulas.;F;vague;and
R373;8;Administrator shall be able to activate a pre-paid card via the Administration section in under 5 seconds.;PE;vague;able to
R374;8; Customer shall be able to check the status of their prepaid card  by entering in the PIN number  in under 5 seconds.;PE;vague;able to
R377;8;System shall let existing customers log into the website with their email address and password in under 5 seconds.;PE;vague;existing
R377;8;System shall let existing customers log into the website with their email address and password in under 5 seconds.;PE;vague;and
R378;8;System shall let customers cancel their account  process shall take no longer than 2 minutes.  Database will mark the account as inactive  and user will not be able to log into the website.;PE;vague;able to
R378;8;System shall let customers cancel their account  process shall take no longer than 2 minutes.  Database will mark the account as inactive  and user will not be able to log into the website.;PE;vague;and
R379;8;System shall let administrator de-activate a customer account in under 1 minute. Customer will no longer be able to access the website.;PE;vague;able to
R380;8;System shall let administrator add/remove movies on the website in under 5 minutes.  Entered movie information will be stored in the database and will now be available on the website.;PE;vague;and
R382;8;System shall let Izogn Manager access sales and usage statistics in under 2 minutes.;PE;vague;and
R383;8;System shall let administrators generate unique pre-paid pins in under 2 minutes and generate an Excel file with the generated PINs.;PE;vague;and
R384;8;The website shall be attractive to all audiences.  The website shall appear to be fun and the colors should be bright and vibrant.;LF;vague;and
R385;8;The website should have an African feel  but should not alienate non-Africans.  The website should use animation on pages which are describing the services  to grab the users attention and encourage them to sign up.;LF;vague;but
R385;8;The website should have an African feel  but should not alienate non-Africans.  The website should use animation on pages which are describing the services  to grab the users attention and encourage them to sign up.;LF;vague;and
R386;8;The website design should be modern  clean  and concise.;LF;vague;and
R387;8;The product should be able to be used by 90% of novice users on the Internet.;US;vague;able to
R388;8;Users should only have to navigate through a maximum of 4 pages  to create an account with the website.;US;vague;only
R388;8;Users should only have to navigate through a maximum of 4 pages  to create an account with the website.;US;vague;maximum
R389;8;Users should be able to access their streaming movies in under 2 clicks after logging into the website.;US;vague;able to
R391;8;An anonymous survey will show that 95% of customers are comfortable using and purchasing pre-paid cards after a month of using the system.;US;vague;and
R392;8;The product shall retain the customer\92s buying preferences and information.;US;vague;and
R393;8;The product shall be easy for customers with novice skills on the  Internet to purchase and watch streaming movies.  Customers should be able to purchase and watch a pre-determined movie in under 3 minutes.;US;vague;able to
R393;8;The product shall be easy for customers with novice skills on the  Internet to purchase and watch streaming movies.  Customers should be able to purchase and watch a pre-determined movie in under 3 minutes.;US;vague;easy
R393;8;The product shall be easy for customers with novice skills on the  Internet to purchase and watch streaming movies.  Customers should be able to purchase and watch a pre-determined movie in under 3 minutes.;US;vague;and
R394;8;The product shall use symbols and words that are naturally understandable by users familiar with websites;US;vague;and
R394;8;The product shall use symbols and words that are naturally understandable by users familiar with websites;US;vague;understandable
R396;8;Any interface between a user and the automated system shall have a maximum response time of 5 seconds  unless noted by an exception below.;PE;vague;and
R396;8;Any interface between a user and the automated system shall have a maximum response time of 5 seconds  unless noted by an exception below.;PE;vague;maximum
R396;8;Any interface between a user and the automated system shall have a maximum response time of 5 seconds  unless noted by an exception below.;PE;vague;unless
R397;8;When purchasing a streaming movie or pre-paid card via credit card  the processing time should have a maximum response time of 15 seconds.;PE;vague;maximum
R398;8;When streaming a movie  the buffering time should take no longer than 10 seconds (plus any latency on the user\92s connection.);PE;vague;(
R399;8;While streaming a movie  buffering should only occur if there is latency in the user\92s connection.;PE;vague;there is
R399;8;While streaming a movie  buffering should only occur if there is latency in the user\92s connection.;PE;vague;only
R400;8;All credit card information will be secured on the server  and only accessible by authorized Izogn administrators.  Information will be encrypted in the database.;SE;vague;secured
R400;8;All credit card information will be secured on the server  and only accessible by authorized Izogn administrators.  Information will be encrypted in the database.;SE;vague;and
R400;8;All credit card information will be secured on the server  and only accessible by authorized Izogn administrators.  Information will be encrypted in the database.;SE;vague;only
R407;8;"The streaming server will support a maximum of 700 movies; new servers can be added to support more movies.";SC;vague;maximum
R407;8;"The streaming server will support a maximum of 700 movies; new servers can be added to support more movies.";SC;vague;";"
R407;8;"The streaming server will support a maximum of 700 movies; new servers can be added to support more movies.";SC;vague;more
R408;8;The server will support a maximum of 1 000 simultaneous users.;SC;vague;maximum
R409;8;The website shall be capable of supporting 100 000 customers.;SC;vague;capable of
R410;8;The product shall be expected to operate within the maximum maintenance budget for a minimum of 2 years.;MN;vague;maximum
R410;8;The product shall be expected to operate within the maximum maintenance budget for a minimum of 2 years.;MN;vague;minimum
R413;8;We must be able to interface with the following browsers: IE 5.X  6.0  Netscape 6.x  7.x  8.x and Firefox 1.0.;O;vague;able to
R413;8;We must be able to interface with the following browsers: IE 5.X  6.0  Netscape 6.x  7.x  8.x and Firefox 1.0.;O;vague;and
R416;8;Movies shall be encoded and streamed via Windows Media Player 9.0.;O;vague;and
R417;8;Movies shall be encoded for 56k and 256k streams.;O;vague;and
R419;8;Izogn Administrator must be able to update the category listings on the website within 2 minutes.;PE;vague;able to
R420;8;Izogn Administrator must be able to add new products to the website within 2 minutes.;PE;vague;able to
R422;8;The website will provide a help section with answers and solutions to common problems.;US;vague;and
R422;8;The website will provide a help section with answers and solutions to common problems.;US;vague;common
R424;8;The product shall be able to be installed in the specified environment within 1 working day.;O;vague;able to
R425;8;Only registered customers can purchase streaming movies.;SE;vague;Only
R426;8;A customer can only stream a movie if they purchased it  and are within the 2 day viewing period.;SE;vague;only
R426;8;A customer can only stream a movie if they purchased it  and are within the 2 day viewing period.;SE;vague;and
R427;8;Only authorized personnel can access customer records in the database.;SE;vague;Only
R428;8;Only administrators can activate a pre-paid card.;SE;vague;Only
R429;8;Only authorized personnel can access sales information.;SE;vague;Only
R431;8;The website shall protect itself from intentional abuse  and notify the administrator at all occurrences.;SE;vague;and
R435;8;The system shall reveal private information only in compliance with the organization\92s information policy.;SE;vague;only
R436;8;All customer information will be stored on a secure database  accessible only to authorized personnel.;SE;vague;secure
R436;8;All customer information will be stored on a secure database  accessible only to authorized personnel.;SE;vague;only
R441;8;The website should appeal to all Africans  not only Nigerians.;LF;vague;not only
R447;8;viewing a movie details the website will display the movies description actor and director entered in by the administrator.;F;vague;and
R448;8;Website shall request  and authorize credit card payment before allowing a user to stream a movie.;F;vague;and
R449;8;shall be able to stream purchased movie via Windows Media Player  for up to 2 days aftere purchase date.;F;vague;able to
R456;8;System shall automatically update the main page of the website every Friday  and show the 4 latest movies that have been added to the website.;F;vague;and
R457;8;System shall allow users to update their billing and contact information via the \93My Account\94 section of the website.;F;vague;and
R459;8;Movies can only be streamed if the customer has purchased a movie  and is within the 2-day time period to stream the movie.;F;vague;only
R459;8;Movies can only be streamed if the customer has purchased a movie  and is within the 2-day time period to stream the movie.;F;vague;and
R460;8;Website must be able to support free trial periods with various parameters set by the Izogn Manager.;F;vague;able to
R460;8;Website must be able to support free trial periods with various parameters set by the Izogn Manager.;F;vague;various
R461;8;All streaming movie sales will be logged in the database  and accessible by the administrator.;F;vague;and
R462;8;All registered customer information shall be stored and maintained in the database  even after the customer cancels their account.;F;vague;and
R463;8;Daily usage statistics should be logged  and accessible by the administrator.;F;vague;and
R465;9;"Total lead cycle time must be completed in 5 minutes for 90% of lead volume between the business hours of 8AM CST to 8PM CST; then 3 minutes for 99% of lead volume during off business hours.";PE;vague;";"
R467;9;For leads that process longer than 25 seconds the system will record the event and duration;PE;vague;and
R469;9;The lead washing process will operate within the established physical web service structure.;O;vague;physical
R470;9;The washing process must use a non binding  neutral data format  such as xml  when receiving and processing lead data.;O;vague;neutral
R470;9;The washing process must use a non binding  neutral data format  such as xml  when receiving and processing lead data.;O;vague;and
R475;9;If a lead is scored to the high range the system will supply the lead data and score to the enterprise system.;F;vague;and
R481;9;The leads washing functionality will compile both contact and academic scoring information for a total score.;F;vague;both
R481;9;The leads washing functionality will compile both contact and academic scoring information for a total score.;F;vague;and
R482;9;The leads washing functionality will use the parameters supplied by corporate and schools to score part of the lead.;F;vague;and
R485;9;The leads washing functionality will verify the users authentication and rights to make parameter updates.;F;vague;and
R491;10;The product shall display each type of ship in a grid using an image of the specific type of ship.;LF;vague;specific
R497;10;The product shall able to handle a large number of games simultaneously.;PE;vague;able to
R498;10;The response time shall be fast enough to maintain the flow of the game.  The response time shall be no more than 2 seconds for 95% of responses and no more than 4% for the remaining responses.;PE;vague;fast
R498;10;The response time shall be fast enough to maintain the flow of the game.  The response time shall be no more than 2 seconds for 95% of responses and no more than 4% for the remaining responses.;PE;vague;more
R498;10;The response time shall be fast enough to maintain the flow of the game.  The response time shall be no more than 2 seconds for 95% of responses and no more than 4% for the remaining responses.;PE;vague;and
R500;10;The product shall be intuitive and self-explanatory.  Nine out ten users shall be able to successfully complete a game with no training.;US;vague;able to
R500;10;The product shall be intuitive and self-explanatory.  Nine out ten users shall be able to successfully complete a game with no training.;US;vague;and
R501;10;The product shall be available to players who understand English  Spanish and French.  The product shall allow the user to select the language upon accessing the product.;US;vague;and
R503;10;The response time shall be fast enough to maintain the flow of the game. The response time shall be no more than 2 seconds for 95% of responses and no more than 4% for the remaining responses.;PE;vague;fast
R503;10;The response time shall be fast enough to maintain the flow of the game. The response time shall be no more than 2 seconds for 95% of responses and no more than 4% for the remaining responses.;PE;vague;more
R503;10;The response time shall be fast enough to maintain the flow of the game. The response time shall be no more than 2 seconds for 95% of responses and no more than 4% for the remaining responses.;PE;vague;and
R514;10;Once a game is initiated  the product shall allow each player to position their 5 ships on their respective defensive grids.;F;vague;respective
R519;10;When both players have positioned their 5 ships on their defensive grids  the product shall define the status of each player for the first turn.;F;vague;both
R520;10;For each turn  the product shall identify one player as offensive status and one player as defensive status.;F;vague;and
R539;10;The notification of the game ending will include the reason the game is ended (i.e.  a player has won the game or a player has ended the game).;F;vague;(
R542;11;The system shall be easy to use by callers and supervisors. Callers and supervisors must be able to accomplish any system task within 2 minutes.;US;vague;able to
R542;11;The system shall be easy to use by callers and supervisors. Callers and supervisors must be able to accomplish any system task within 2 minutes.;US;vague;easy
R542;11;The system shall be easy to use by callers and supervisors. Callers and supervisors must be able to accomplish any system task within 2 minutes.;US;vague;and
R543;11;The system shall be easy to learn by callers and supervisors. Callers and supervisors shall learn how to use the system within 10 minutes.;US;vague;easy
R543;11;The system shall be easy to learn by callers and supervisors. Callers and supervisors shall learn how to use the system within 10 minutes.;US;vague;and
R544;11;The system shall be responsive. At the DePaul TeleServices Center  when a supervisor uses the system to view a callers schedule  the system response time must be no more than 2 seconds 90% of the time and no more than 5 seconds the rest of the time.;PE;vague;more
R544;11;The system shall be responsive. At the DePaul TeleServices Center  when a supervisor uses the system to view a callers schedule  the system response time must be no more than 2 seconds 90% of the time and no more than 5 seconds the rest of the time.;PE;vague;and
R545;11;On a 56k connection  the system response time for all operations must be no more than 6 seconds 90% of the time.;PE;vague;more
R546;11;On a 112k connection or faster  the system response time for all operations must be no more than 3 seconds 90% of the time.;PE;vague;faster
R546;11;On a 112k connection or faster  the system response time for all operations must be no more than 3 seconds 90% of the time.;PE;vague;more
R547;11;The system shall have high availability every day of the year.The system must be available for use between 12:00AM and 6:00PM all days of the year.;A;vague;and
R548;11;The system must be available for use between 7:00AM and 11:59PM all days of the year.;A;vague;and
R549;11;The product shall be internet browser independent.The product must run using Internet Explorer and Netscape Navigator.;MN;vague;and
R550;11;The product shall ensure that only supervisors can advertise empty time slots.The product must ensure that supervisors are allowed to access advertise empty time slots.;SE;vague;only
R551;11;The product shall ensure that only supervisors can enter a caller\92s schedule.The product must ensure that supervisors are allowed to access advertise empty time slots.;SE;vague;only
R552;11;The product shall ensure that only supervisors can view schedule of all callers.The product must ensure that supervisors are allowed to access advertise empty time slots.;SE;vague;only
R553;11;The interface shall have a simple look. In the interface and usability survey  90% of beta testers must report that the interface is adequately simple.;LF;vague;simple
R553;11;The interface shall have a simple look. In the interface and usability survey  90% of beta testers must report that the interface is adequately simple.;LF;vague;and
R554;11;The interface shall be appealing to callers and supervisors. In the interface and usability survey  80% of beta testers must report that the interface is appealing.;LF;vague;and
R555;12;The product shall provide GUI based Monitoring Services.System Administrators shall monitor message exchanges will predict and determine problems and will also provide internal and external support.;LF;vague;and
R555;12;The product shall provide GUI based Monitoring Services.System Administrators shall monitor message exchanges will predict and determine problems and will also provide internal and external support.;LF;vague;also
R557;12;The product shall provide Monitoring Services.The product shall be easy for System Administrators and DBAs to use after two weeks of usage.;US;vague;easy
R557;12;The product shall provide Monitoring Services.The product shall be easy for System Administrators and DBAs to use after two weeks of usage.;US;vague;and
R558;12;The product shall provide Error Tracking Services.The product shall help the System Administrators and DBAs to resolve transaction errors 99% of the time.;US;vague;and
R559;12;The product shall provide Portals.The product shall help System Administrators to analyze the transactions with ad-hoc reporting and KPIs (Key Performance Indicators);US;vague;and
R559;12;The product shall provide Portals.The product shall help System Administrators to analyze the transactions with ad-hoc reporting and KPIs (Key Performance Indicators);US;vague;(
R560;12;The product shall provide Asynchronous Messaging.The product shall provide asynchronous messaging to enable parallel processing and reduce the overhead in communications;PE;vague;and
R561;12;The product shall provide Multi-threading and Load Balancing.The product shall provide multi-threading technology as well as load balancing to overcome data load spikes and traffic.;PE;vague;as well as
R561;12;The product shall provide Multi-threading and Load Balancing.The product shall provide multi-threading technology as well as load balancing to overcome data load spikes and traffic.;PE;vague;and
R562;12;The product shall process messages within 2 seconds.The product shall have a maximum message processing time of 2 seconds;PE;vague;maximum
R563;12;The product shall poll the system for messages every second.The product shall poll the system for new messages at a maximum of every 1 second.;PE;vague;maximum
R564;12;The product shall provide Dynamic Change Support and Transparent resource addition.The product shall support Transparent Resource addition and Dynamic Change support to provide scalability and avoid service interruptions of more than 1 day.;PE;vague;and
R564;12;The product shall provide Dynamic Change Support and Transparent resource addition.The product shall support Transparent Resource addition and Dynamic Change support to provide scalability and avoid service interruptions of more than 1 day.;PE;vague;Transparent
R564;12;The product shall provide Dynamic Change Support and Transparent resource addition.The product shall support Transparent Resource addition and Dynamic Change support to provide scalability and avoid service interruptions of more than 1 day.;PE;vague;more
R566;12;The product shall be robust.The product shall have fault avoidance based on standards adoption.;FT;vague;robust
R567;12;The product shall be robust with fault tolerance.The product shall have fault tolerance by using recovery technique compensatory transaction and routing around failures.;FT;vague;robust
R567;12;The product shall be robust with fault tolerance.The product shall have fault tolerance by using recovery technique compensatory transaction and routing around failures.;FT;vague;and
R568;12;The product shall be able to process all transactions.The product shall process minimum of 1 million transactions per year.;SC;vague;able to
R568;12;The product shall be able to process all transactions.The product shall process minimum of 1 million transactions per year.;SC;vague;minimum
R569;12;The product shall be platform independent.The product shall enable access to any type of development environment and platform.;O;vague;and
R570;12;The product shall interface CSR and Datastream.The product shall exchange messages between CSR and EAM on a real time basis without any direct interfaces between two systems.;O;vague;and
R571;12;The product shall continue to operate during upgrade  change or new resource addition.The product shall be able to continue to operate with no interruption in service due to new resource additions.;MN;vague;able to
R572;12;The product shall be updated on a regular basis.The product will have a new major feature introduced every six months and quarterly maintenance releases every six months.;MN;vague;and
R574;12;The product shall have security.The product shall provide authentication  and authorization.;SE;vague;and
R575;12;The product shall information Security. The product shall enable privacy by encryption WS-Security and Integrity Checking.;SE;vague;and
R576;12;The product shall have audit capabilities.The product shall store messages for a minimum of one year for audit and transaction tracking purposes.;SE;vague;minimum
R576;12;The product shall have audit capabilities.The product shall store messages for a minimum of one year for audit and transaction tracking purposes.;SE;vague;and
R577;13;The system shall use IBM and CCR branding standards. The interface must have one IBM logo and one CCR logo.;LF;vague;and
R579;13;The system interface will use CCR nomenclature. The system must use the same nomenclature used in the existing WCS system and reports;LF;vague;existing
R579;13;The system interface will use CCR nomenclature. The system must use the same nomenclature used in the existing WCS system and reports;LF;vague;and
R580;13;The interface must summarize the data in a fashion that\92s appealing to CCR management. Every report type must have at least one high level summary shown in the results dashboard/interface;LF;vague;high level
R581;13;The system must use a point and click interface. 100% of all selection and navigation functionality must be able to be activated/selected by either a mouse or a keyboard;US;vague;able to
R581;13;The system must use a point and click interface. 100% of all selection and navigation functionality must be able to be activated/selected by either a mouse or a keyboard;US;vague;and
R582;13;The interface shall be easy to use. 90% of users should be able to successfully use the system to generate a report on their first use. The interface should adhere to IBM usability standards.;US;vague;able to
R582;13;The interface shall be easy to use. 90% of users should be able to successfully use the system to generate a report on their first use. The interface should adhere to IBM usability standards.;US;vague;easy
R583;13;Reports must be easy to generate. Reports must be generated within one button click and exported within one button click (after selecting the report);US;vague;easy
R583;13;Reports must be easy to generate. Reports must be generated within one button click and exported within one button click (after selecting the report);US;vague;and
R583;13;Reports must be easy to generate. Reports must be generated within one button click and exported within one button click (after selecting the report);US;vague;(
R584;13;A user shall be able to use the system without instruction after a short amount of time. After one use a user should understand and remember 90% of the system usage and navigation.;US;vague;able to
R584;13;A user shall be able to use the system without instruction after a short amount of time. After one use a user should understand and remember 90% of the system usage and navigation.;US;vague;and
R585;13;All CCR users shall receive training before the WCS system is deployed. One training session will be held for 100% of CCR users before system deployment (based on a CCR user being available);US;vague;(
R586;13;The WCS system shall use appropriate nomenclature and terminology as defined by the Corporate Community Grants organization. All interfaces and reports will undergo usability tests by CCR users.;US;vague;and
R589;13;The WCS system shall have the ability to include data for regions outside the United States and be accessed by users outside of the United States if approved by CCR management.;SC;vague;and
R591;13;The Brio portion of the WCS system must be able to export files in spreadsheet form (Microsoft Excel and Lotus 1-2-3 formats).  Brio will provide buttons in the user interface that produce/export reports in .xls or .123 file formats.;O;vague;able to
R591;13;The Brio portion of the WCS system must be able to export files in spreadsheet form (Microsoft Excel and Lotus 1-2-3 formats).  Brio will provide buttons in the user interface that produce/export reports in .xls or .123 file formats.;O;vague;(
R591;13;The Brio portion of the WCS system must be able to export files in spreadsheet form (Microsoft Excel and Lotus 1-2-3 formats).  Brio will provide buttons in the user interface that produce/export reports in .xls or .123 file formats.;O;vague;and
R592;13;The WCS system must run queries to the WCS databases once again (on a specified day) to update the available data available to CCR users. Queries must be made to external databases for data refresh once a week.;MN;vague;(
R593;13;All changes  updates  and additions to the WCS system shall be updated in the WCS Developer and WCS User Guides. Every change must be reflected in WCS system documentation;MN;vague;and
R594;13;The system shall only be accessed by authorized Corporate Community Grants (CCR) employees. Users must be authenticated using their IBM intranet user name and password.;SE;vague;only
R594;13;The system shall only be accessed by authorized Corporate Community Grants (CCR) employees. Users must be authenticated using their IBM intranet user name and password.;SE;vague;(
R594;13;The system shall only be accessed by authorized Corporate Community Grants (CCR) employees. Users must be authenticated using their IBM intranet user name and password.;SE;vague;and
R596;14;Each team owner will need to use a username and password in order to be authenticated to reach the team owner\92s page;SE;vague;and
R597;14;The Commissioner will be the only authorized user per league to adjust league settings.;SE;vague;only
R599;14;Each page shall contain a similar format with action items in one location and navigation buttons in a different location.;LF;vague;and
R601;14;A new user shall be able to navigate through the league and team pages within 30 seconds of reaching the start-up page.;US;vague;able to
R601;14;A new user shall be able to navigate through the league and team pages within 30 seconds of reaching the start-up page.;US;vague;and
R602;14;Users shall be able to reach the \91add\92  \91drop\92  and \91trade player\92 pages with one click from the team owner\92s page.;US;vague;able to
R602;14;Users shall be able to reach the \91add\92  \91drop\92  and \91trade player\92 pages with one click from the team owner\92s page.;US;vague;and
R603;14;Users shall be able to view at least 25 NFL player statistics and points on each page.;US;vague;able to
R603;14;Users shall be able to view at least 25 NFL player statistics and points on each page.;US;vague;and
R605;14;The application shall be able to complete every user transaction within one fourth of a second of receiving the request over the network.;PE;vague;able to
R609;14;A secondary database will be used to store historical statistics and data.;O;vague;and
R610;14;Application updates shall occur between 3AM and 6 AM CST on Wednesday morning during the middle of the NFL season.;MN;vague;and
R612;15;The RFS system should be available 24/7  especially during the budgeting period. The RFS system shall be available 90% of the time all year  and 98% during the budgeting period. 2% of the time  the system will become available within 1 hour of the time that the situation is reported.;A;vague;and
R613;15;98% of the user workstations shall meet the minimum hardware requirements prior to implementation. Minimum Hard Disk Space:  400MB.;O;vague;minimum
R613;15;98% of the user workstations shall meet the minimum hardware requirements prior to implementation. Minimum Hard Disk Space:  400MB.;O;vague;Minimum
R614;15;98% of the user workstations shall meet the minimum software requirements prior to implementation: Microsoft Internet Explorer 5.0. Microsoft .NET Framework 1.1. Microsoft Internet Explorer Web Controls;O;vague;minimum
R615;15;The RFS system should be able to easily interface with the BDW environment  in order to load the data. \95	7 data files shall be received from the BDW and loaded into the RFS system within 3 hours one day prior to the start of budgeting process  every year. The data will be as of October month-end. 	Test files (7) shall be loaded up to 5 times throughout the year  from the BDW.;O;vague;able to
R615;15;The RFS system should be able to easily interface with the BDW environment  in order to load the data. \95	7 data files shall be received from the BDW and loaded into the RFS system within 3 hours one day prior to the start of budgeting process  every year. The data will be as of October month-end. 	Test files (7) shall be loaded up to 5 times throughout the year  from the BDW.;O;vague;easily
R615;15;The RFS system should be able to easily interface with the BDW environment  in order to load the data. \95	7 data files shall be received from the BDW and loaded into the RFS system within 3 hours one day prior to the start of budgeting process  every year. The data will be as of October month-end. 	Test files (7) shall be loaded up to 5 times throughout the year  from the BDW.;O;vague;and
R615;15;The RFS system should be able to easily interface with the BDW environment  in order to load the data. \95	7 data files shall be received from the BDW and loaded into the RFS system within 3 hours one day prior to the start of budgeting process  every year. The data will be as of October month-end. 	Test files (7) shall be loaded up to 5 times throughout the year  from the BDW.;O;vague;(
R616;15;Changes to revenue and expense formulae must be applied to the RFS system  every year  prior to the budgeting process start. Revenue and expense formulae will be updated within one week of their receipt  after which 2 weeks will be allotted to testing of the budget calculations  to be conducted jointly by the project development team and PCG Finance.;MN;vague;and
R617;15;New branches/complexes/districts/regions and revenue/expense accounts added to the BDW  must be reflected in the RFS system. 100% of the entities (mentioned above) available as of October month-end  will be loaded into the RFS system  prior to the budget start process.;MN;vague;and
R617;15;New branches/complexes/districts/regions and revenue/expense accounts added to the BDW  must be reflected in the RFS system. 100% of the entities (mentioned above) available as of October month-end  will be loaded into the RFS system  prior to the budget start process.;MN;vague;(
R618;15;Only authorized user shall access the RFS system. ONLY users that exist in the UAS system  with the RFS system assigned to their role(s)  shall access the RFS system and use it.;SE;vague;exist in
R618;15;Only authorized user shall access the RFS system. ONLY users that exist in the UAS system  with the RFS system assigned to their role(s)  shall access the RFS system and use it.;SE;vague;Only
R618;15;Only authorized user shall access the RFS system. ONLY users that exist in the UAS system  with the RFS system assigned to their role(s)  shall access the RFS system and use it.;SE;vague;ONLY
R618;15;Only authorized user shall access the RFS system. ONLY users that exist in the UAS system  with the RFS system assigned to their role(s)  shall access the RFS system and use it.;SE;vague;and
R619;15;User access should be limited to the permissions granted to their role(s) Each level in the PCG hierarchy will be assigned a role and users will be assigned to these roles. Access to functionality within RFS system is dependent on the privileges/permission assigned to the role..;SE;vague;and
R620;15;The product must comply with the intranet page standards and requirements of ENET Securities. 95% of the product look & feel will be approved by the Architecture group  prior to implementation. The remaining 5% will be corrected and approved within one month of product release.;LF;vague;and
R621;15;The intranet pages should display appropriately in all resolutions  from 800x600 and higher. The display of all the pages will be correct in 95% of the resolutions  prior to implementation. The remaining 5% will be corrected within a week of notification of the incorrect display.;LF;vague;and
R622;15;The users should be able to easily use the system to successfully complete their budgets  within the stipulated time for completion. With a week of training prior to product implementation  98% of the users shall complete their budgets within the stipulated time.;US;vague;able to
R622;15;The users should be able to easily use the system to successfully complete their budgets  within the stipulated time for completion. With a week of training prior to product implementation  98% of the users shall complete their budgets within the stipulated time.;US;vague;easily
R623;15;The product interface should be fast. The response time of the product interface should not exceed 2 seconds 90% of the time. For 10% of the time  the response time should not be more than 10 seconds.not be more than 10 seconds.;PE;vague;fast
R623;15;The product interface should be fast. The response time of the product interface should not exceed 2 seconds 90% of the time. For 10% of the time  the response time should not be more than 10 seconds.not be more than 10 seconds.;PE;vague;more
R624;16;The system shall operate on Unix and Windows operating systems.;PO;vague;and
R625;16;The system shall be evoked by typing “pine” into a command or shell prompt.;O;vague;prompt
R627;16;The system shall support the ability to perform a send and receive operation.;F;vague;and
R628;16;The system shall support the ability to perform a send only operation.;F;vague;only
R629;16;The system shall support the ability to perform a receive only operation.;F;vague;only
R631;16;The system shall have a help system that offers tips and explanation for each screen and each item on the screens upon demand.;US;vague;and
R632;16;The system shall display and embed in each message a date/timestamp of when the message was sent.;F;vague;and
R641;17;The system shall be able to issue a specific amount of money to the user.;F;vague;able to
R641;17;The system shall be able to issue a specific amount of money to the user.;F;vague;specific
R642;18;The meeting scheduler system shall be able to select a participant as an important participant.;F;vague;able to
R646;18;The meeting scheduler system may (optionally) automatically propose another meeting if current meeting is canceled by an important participant.;F;vague;(
R647;18;The meeting scheduler system may provide the “meeting initiator” a summary of the scan of “potential meeting participants” showing available “time slots” and schedule conflicts as a means of informing the “meeting initiator” of the overall results of the system.;F;vague;and
R648;18;The meeting scheduler system may be able to include an agenda for a meeting proposal.;F;vague;able to
R650;18;The meeting scheduler system may be able to include a list of required equipment for a meeting proposal.;F;vague;able to
R653;19;The system must be easy to use by both managers and chefs such that they do not need to read an extensive amount of manuals.;US;vague;easy
R653;19;The system must be easy to use by both managers and chefs such that they do not need to read an extensive amount of manuals.;US;vague;both
R653;19;The system must be easy to use by both managers and chefs such that they do not need to read an extensive amount of manuals.;US;vague;and
R654;19;The system must be quickly accessible by both managers and chefs.;US;vague;quickly
R654;19;The system must be quickly accessible by both managers and chefs.;US;vague;both
R654;19;The system must be quickly accessible by both managers and chefs.;US;vague;and
R655;19;The system must be intuitive and simple in the way it displays all relevant data and relationships.;US;vague;and
R655;19;The system must be intuitive and simple in the way it displays all relevant data and relationships.;US;vague;simple
R655;19;The system must be intuitive and simple in the way it displays all relevant data and relationships.;US;vague;relevant
R656;19;The menus of the system must be easily navigable by the users with buttons that are easy to understand.;US;vague;easily
R656;19;The menus of the system must be easily navigable by the users with buttons that are easy to understand.;US;vague;easy
R658;19;The calculations performed by the system must comply according to the norms set by the user and should not vary unless explicitly changed by the user.;L;vague;and
R658;19;The calculations performed by the system must comply according to the norms set by the user and should not vary unless explicitly changed by the user.;L;vague;unless
R660;20;All Web pages generated by the system shall be fully downloadable in no more than 10 seconds over a 40KBps modem connection.;PE;vague;more
R666;20;The system shall permit only cafeteria staff members who are on the list of authorized Menu Managers to create or edit menus.;F;vague;only
R667;20;Only users who have been authorized for home access to the corporate Intranet may use the COS from non-company locations.;SE;vague;Only
R668;21;Programmers and application developers will have access to source code to address bugs or system enhancements as deemed necessary. Network Administrator and DBA support is also required to maintain a 24x7 system uptime.;A;vague;and
R668;21;Programmers and application developers will have access to source code to address bugs or system enhancements as deemed necessary. Network Administrator and DBA support is also required to maintain a 24x7 system uptime.;A;vague;necessary
R668;21;Programmers and application developers will have access to source code to address bugs or system enhancements as deemed necessary. Network Administrator and DBA support is also required to maintain a 24x7 system uptime.;A;vague;also
R669;21;System security and access levels are provided in the online system. There are varying levels of system access and functional authority. Each student’s access is limited to his/her own registration records. Only authorized system administrator(s) has access to all student registration records.;SE;vague;and
R669;21;System security and access levels are provided in the online system. There are varying levels of system access and functional authority. Each student’s access is limited to his/her own registration records. Only authorized system administrator(s) has access to all student registration records.;SE;vague;provided
R669;21;System security and access levels are provided in the online system. There are varying levels of system access and functional authority. Each student’s access is limited to his/her own registration records. Only authorized system administrator(s) has access to all student registration records.;SE;vague;There
R669;21;System security and access levels are provided in the online system. There are varying levels of system access and functional authority. Each student’s access is limited to his/her own registration records. Only authorized system administrator(s) has access to all student registration records.;SE;vague;varying
R669;21;System security and access levels are provided in the online system. There are varying levels of system access and functional authority. Each student’s access is limited to his/her own registration records. Only authorized system administrator(s) has access to all student registration records.;SE;vague;Only
R671;22;All data entry forms for the application should match their Microsoft Excel hardcopy counterparts as closely as possible. Hardcopies of these forms were provided to the design team during the second requirements interview.;O;vague;provided
R672;23;95% of users will not need to read the user manual to be able to use the application.;US;vague;able to
R676;24;The application should be easy to extend. The code should be written in a way that it favors implementation of new functions.;MN;vague;easy
R678;24;The application should be portable with iOS and Android.;PO;vague;and
R679;25;The system shall show a tabbed display (or equivalent functionality) with the campus map on one tab and info on the most recently announced building on the other.;LF;vague;(
R679;25;The system shall show a tabbed display (or equivalent functionality) with the campus map on one tab and info on the most recently announced building on the other.;LF;vague;and
R681;25;The campus map shall provide visual clues regarding what areas have prepared audio and therefore may be selected.;LF;vague;and
R682;25;The campus map shall have a pause/resume button. The pause and resume button will allow the user to scroll and select other buildings without being interrupted by the automatic search and announce feature.;LF;vague;and
R684;26;It should generate a report about registered complaint to the admin and response report to the user who has submitted his queries.;F;vague;and
R685;26;The system should maintain correct schedules of labs and the documentation of all the lab equipment.;F;vague;and
R686;27;The system should use the company colors and logos.;LF;vague;and
R687;27;The system shall be capable of restoring itself to its previous state in the event of failure (e.g. a system crash or power loss).;FT;vague;capable of
R687;27;The system shall be capable of restoring itself to its previous state in the event of failure (e.g. a system crash or power loss).;FT;vague;(
R688;27;The system shall be able to display a menu at all times to facilitate manual order taking should the need arise.;LF;vague;able to
R689;27;The system shall utilise periodic 30-second keep-alive messages between tablets and the server to monitor tablet operational status.;O;vague;and
R690;27;The system shall flag tablets that fail to send timely keep-alive messages as non-operational and disassociate the assigned waiter from the tablet.;FT;vague;timely
R690;27;The system shall flag tablets that fail to send timely keep-alive messages as non-operational and disassociate the assigned waiter from the tablet.;FT;vague;and
R693;27;A waiter shall only be able to log into one tablet at any given instance of time.;SE;vague;able to
R693;27;A waiter shall only be able to log into one tablet at any given instance of time.;SE;vague;only
R694;27;A waiter that attempts to log into a second tablet while already logged into another tablet shall be rejected and notified through both tablets.;SE;vague;and
R694;27;A waiter that attempts to log into a second tablet while already logged into another tablet shall be rejected and notified through both tablets.;SE;vague;both
R697;27;A tablet shall require a user to log in using a username and password.;SE;vague;and
R703;29;Unauthorised users can only read data without modifying anything.;SE;vague;only
R704;29;ABS shall handle all expected and unexpected errors in ways that prevent loss in information and long downtime period.;FT;vague;and
R705;30;Authenticate and Login user to the web app.;F;vague;and
R708;30;Enable a registered user to view his profile. Additional information viz. questions asked by him and answers posted by him are also displayed.;F;vague;Additional
R708;30;Enable a registered user to view his profile. Additional information viz. questions asked by him and answers posted by him are also displayed.;F;vague;and
R708;30;Enable a registered user to view his profile. Additional information viz. questions asked by him and answers posted by him are also displayed.;F;vague;also
R709;30;Enable a user to view questions and their corresponding answers.;F;vague;and
R712;30;Enable a logged in user to up vote and down vote answers.;F;vague;and
R714;30;Enable the admin to generate reports which contains all the posts and their corresponding replies.;F;vague;and
R715;30;Information transmission should be securely transmitted to server without any changes in information.;SE;vague;securely
R717;31;Flea Market system will interface with the web server and RDBMS software using APIs provided by the implementation language;O;vague;and
R717;31;Flea Market system will interface with the web server and RDBMS software using APIs provided by the implementation language;O;vague;provided
R718;31;All transactions at the Flea Market require a valid user ID and password.;SE;vague;and
R719;31;Secure data transfer over the Internet could be provided using SSL encryption that will be configured by the host system administrator.;SE;vague;Secure
R719;31;Secure data transfer over the Internet could be provided using SSL encryption that will be configured by the host system administrator.;SE;vague;provided
R723;31;Detailed documentation of the code and SRS will enable easy maintenance of the Flea Market.;MN;vague;and
R723;31;Detailed documentation of the code and SRS will enable easy maintenance of the Flea Market.;MN;vague;easy
R726;32;It must be able to download the most recent medical record.;F;vague;able to
R726;32;It must be able to download the most recent medical record.;F;vague;recent
R727;32;It must store the most recent copy of information in its application data folder.;F;vague;recent
R728;32;It must only update the parts that have changed when connecting to the server.;O;vague;only
R729;32;It must be able to change and update information on the server.;O;vague;able to
R729;32;It must be able to change and update information on the server.;O;vague;and
R731;32;A correct combination of username and password is required for a user to login.;SE;vague;and
R733;32;The user must be able to set an option to hide information based on who has tagged it.;F;vague;able to
R734;32;The user must be able to add photos from his/her photo library to his/her medical record.;F;vague;able to
R742;32;A user must be logged on to be able to view or edit any medical information.;F;vague;able to
R743;32;Each account must securely store all of its data.;SE;vague;securely
R748;33;The system shall give the user an opportunity for the user to choose the selection of doughnut provided.;F;vague;provided
R756;34;The system use SSL (secured socket layer) in all transactions that include any confidential customer information.;SE;vague;(
R756;34;The system use SSL (secured socket layer) in all transactions that include any confidential customer information.;SE;vague;secured
R759;34;The system’s back-end servers shall only be accessible to authenticated administrators.;SE;vague;only
R762;34;The reliability of the overall program depends on the reliability of the separate components. The main pillar of reliability of the system is the backup of the database which is continuously maintained and updated to reflect the most recent changes.;FT;vague;and
R762;34;The reliability of the overall program depends on the reliability of the separate components. The main pillar of reliability of the system is the backup of the database which is continuously maintained and updated to reflect the most recent changes.;FT;vague;recent
R763;34;"An end-user may use this system on any OS; either it is Windows or Linux.";PO;vague;";"
R764;35;The logo and the current basic design of registration system should be displayed. The system should be attractive according to the clients. The design and the color should make users feel comfortable when using the system instead of flashing useless colors on the screen. The design should also reflect the seriousness of the environment.;LF;vague;and
R764;35;The logo and the current basic design of registration system should be displayed. The system should be attractive according to the clients. The design and the color should make users feel comfortable when using the system instead of flashing useless colors on the screen. The design should also reflect the seriousness of the environment.;LF;vague;also
R765;35;The system should be able to manage all the information incoming from the database and the catalogue.;O;vague;able to
R765;35;The system should be able to manage all the information incoming from the database and the catalogue.;O;vague;and
R767;35;For the system to successfully operate the registration system should be integrated with other IT services and the portal.;O;vague;and
R768;35;The system should need to be entirely self-supporting since the users would be using it only to register courses.;US;vague;only
R770;35;Everyone (stakeholders and guests) can have access to the system and the catalogue. Every client must have secure and private access to his/her data. The  and the service man can have access to every part of the system. All these accesses (except the “guest tour” access) require identification through ID and password.;SE;vague;(
R770;35;Everyone (stakeholders and guests) can have access to the system and the catalogue. Every client must have secure and private access to his/her data. The  and the service man can have access to every part of the system. All these accesses (except the “guest tour” access) require identification through ID and password.;SE;vague;and
R770;35;Everyone (stakeholders and guests) can have access to the system and the catalogue. Every client must have secure and private access to his/her data. The  and the service man can have access to every part of the system. All these accesses (except the “guest tour” access) require identification through ID and password.;SE;vague;secure
R771;35;The system will develop a security system that will reduce to the minimum the possibility of corruption from systems and/or humans.;SE;vague;minimum
R772;36;The Operational Interface shall have a Mean Time Between Failures of no less than 7 days.;FT;vague;less
R774;36;The software system needs a robust security mechanism in place so that unauthorized users are not allowed access to parts of the system.;SE;vague;robust
R776;36;All source code and development related documents shall be controlled under a version control system.;MN;vague;and
R777;36;All source code shall adhere to an agreed upon and well-defined set of coding standards for each development language used.;MN;vague;and
R778;36;Since the software must run on several popular hardware platforms and the goal is to achieve a reasonable level of platform independence.;PO;vague;and
R779;37;High level of performance requires high speed network and high level of connectivity.;PE;vague;High level
R779;37;High level of performance requires high speed network and high level of connectivity.;PE;vague;high level
R779;37;High level of performance requires high speed network and high level of connectivity.;PE;vague;and
R780;37;The available server must be reliable and the network connectivity in the supermarket should be proper for smooth flow of all operations and data.;O;vague;and
R781;37;Every user of the software is provided a unique login ID and a password which is stored in the database hashed by SHA2 algorithm.;SE;vague;provided
R781;37;Every user of the software is provided a unique login ID and a password which is stored in the database hashed by SHA2 algorithm.;SE;vague;and
R783;38;The system shall accommodate high number of items and users without any fault.;FT;vague;and
R786;38;Normal users can just read information but they cannot edit or modify anything except their personal and some other information.;SE;vague;Normal
R786;38;Normal users can just read information but they cannot edit or modify anything except their personal and some other information.;SE;vague;but
R786;38;Normal users can just read information but they cannot edit or modify anything except their personal and some other information.;SE;vague;and
R787;38;System will have different types of users and every user has access constraints.;SE;vague;and
R788;38;Control the database and keep track of all records of customers and employee details.;F;vague;and
R789;38;Contact with the vendors and give permission to sell their product under the site after testing the product’s quality.;F;vague;and
R790;38;View the details of all employees and control the whole site.;F;vague;and
R793;38;Can view all available products and can compare them and make a choice for purchasing products.;F;vague;and
R795;38;Can give feedback to the 24X7 Customer Care Service center about their impression for the site and services.;F;vague;and
R797;38;Can only visit the site without registration.;F;vague;only
R799;38;Can consult with the Administrator regarding product’s quality and advertisements.;F;vague;and
R801;38;Responsible for properly allocating the selected product according to the customer’s choice and delivering product to the customer.;F;vague;and
R803;38;Responsible for informing administrator when any product item’s stock goes under the minimum level.;F;vague;minimum
R806;38;Keep track of all the payment transactions made by the customers and update the payment information.;F;vague;and
R807;38;Responsible for contacting the banks for the validation of the a/c number provided by the customer while purchasing and make the transaction from the given a/c.;F;vague;provided
R807;38;Responsible for contacting the banks for the validation of the a/c number provided by the customer while purchasing and make the transaction from the given a/c.;F;vague;and
R809;38;Provide feasible solutions to the customers on their complaints and queries.;F;vague;and
R811;40;The system is expected to have reasonable short time response. The voter should be able to login and should be able to get response for his requests in 2-3 seconds.;PE;vague;able to
R811;40;The system is expected to have reasonable short time response. The voter should be able to login and should be able to get response for his requests in 2-3 seconds.;PE;vague;and
R812;40;The data transaction between client and server must be encrypted using SSL technology.;SE;vague;and
R814;40;To prevent attacks the system should generate random word and ask the user to enter it correctly for multiple tryings.;SE;vague;random
R814;40;To prevent attacks the system should generate random word and ask the user to enter it correctly for multiple tryings.;SE;vague;and
R814;40;To prevent attacks the system should generate random word and ask the user to enter it correctly for multiple tryings.;SE;vague;correctly
R816;40;The system should be simple to use;LF;vague;simple
R825;42;The font will be larger enough for easy reading.;F;vague;easy
R830;42;The text and time/date of a note that has been entered is displayed starting with most recent.;F;vague;and
R830;42;The text and time/date of a note that has been entered is displayed starting with most recent.;F;vague;recent
R831;42;New and Delete buttons will allow the physician/pharmacist to add a notation to the patient’s file.;F;vague;and
R832;42;A description and time/date of each prescription that has been ordered or given is displayed starting with most recent.;F;vague;and
R832;42;A description and time/date of each prescription that has been ordered or given is displayed starting with most recent.;F;vague;recent
R834;43;All login attempts shall be done so in a secure manner.;SE;vague;secure
R837;45;The system shall allow the administrator to install additional distributed location templates.;F;vague;additional
R838;45;The system shall allow the administrator to remove physical locations.;F;vague;physical
R840;45;The system shall give the mediator privileges to schedule location and equipment resources.;F;vague;and
R843;45;The system shall allow the mediator to negotiate a location / equipment.;F;vague;/
R845;45;The system shall allow the mediator to send and receive messages from users.;F;vague;and
R848;45;The system shall allow the initiator to send and receive messages from users.;F;vague;and
R852;45;The system shall allow users to send and receive messages.;F;vague;and
R868;45;The web application shall add no more than 5 seconds of perceivable overhead time to any necessary web and database transaction time.;PE;vague;more
R868;45;The web application shall add no more than 5 seconds of perceivable overhead time to any necessary web and database transaction time.;PE;vague;necessary
R868;45;The web application shall add no more than 5 seconds of perceivable overhead time to any necessary web and database transaction time.;PE;vague;and
R870;45;User authentication and privileges are defined outside the scope of the sytem by the Microsoft Active Directroy Server.;SE;vague;and
R874;45;The system shall be compatible with IIS6.0 and above or  Apache 2.0 and above.;PO;vague;and
R878;46;The system shall enable user to add one or more component to the configuration.;F;vague;more
R887;46;The system shall display only 10 matching result on the current screen.;F;vague;only
R890;46;The system shall allow user to create profile and set his credential.;F;vague;and
R893;46;The system shall display both the active and completed order history in the customer profile.;F;vague;both
R893;46;The system shall display both the active and completed order history in the customer profile.;F;vague;and
R896;46;The system shall display the most frequently searched items by the user in the profile.;F;vague;frequently
R897;46;The system shall allow user to register for newsletters and surveys in the profile.;F;vague;and
R899;46;The system shall allow user to enter the customer and product information for the support.;F;vague;and
R910;46;The system shall display different shipping options provided by shipping department.;F;vague;provided
R924;46;The system shall enable the user to enter their reviews and ratings.;F;vague;and
R933;46;The system shall provide a uniform look and feel between all the web pages.;LF;vague;and
R935;46;The system shall provide use of icons and toolbars.;US;vague;and
R940;46;The product shall be based on web and has to be run from a web server.;O;vague;and
R941;46;The product shall take initial load time depending on internet connection strength which also depends on the media from which the product is run.;PE;vague;also
R943;46;The system shall use secure sockets in all transactions that include any confidential customer information.;SE;vague;secure
R950;46;The system’s back-end servers shall never display a customer’s password.  The customer’s password may be reset but never shown.;SE;vague;but
R954;47;The system shall use secure socket layer (SSL) technology to ensure all payments made online and user logins are secure.;SE;vague;secure
R954;47;The system shall use secure socket layer (SSL) technology to ensure all payments made online and user logins are secure.;SE;vague;(
R954;47;The system shall use secure socket layer (SSL) technology to ensure all payments made online and user logins are secure.;SE;vague;and
R955;48;Any page of the application should not take more than 6 seconds to load on a DSL broadband connection.;PE;vague;more
R956;48;The system may be throttled or slowed down on heavy loads to ensure service for everybody. By throttling is meant that certain functionality may be unavailable during heavy server load.;PE;vague;certain
R957;48;The application should be able to support 100 concurrent users without any performance degradation.;PE;vague;able to
R958;48;The system should be able to scale up to 500 concurrent users (if there is a need in the future) by installing additional hardware components.;SC;vague;able to
R958;48;The system should be able to scale up to 500 concurrent users (if there is a need in the future) by installing additional hardware components.;SC;vague;there is
R958;48;The system should be able to scale up to 500 concurrent users (if there is a need in the future) by installing additional hardware components.;SC;vague;(
R958;48;The system should be able to scale up to 500 concurrent users (if there is a need in the future) by installing additional hardware components.;SC;vague;future
R958;48;The system should be able to scale up to 500 concurrent users (if there is a need in the future) by installing additional hardware components.;SC;vague;additional
R959;48;The MTBF (if any) should not be less than 2 months.;A;vague;(
R959;48;The MTBF (if any) should not be less than 2 months.;A;vague;less
R960;48;A secure server will be required to ensure confidentiality of customer’s credit card and other details.;SE;vague;secure
R960;48;A secure server will be required to ensure confidentiality of customer’s credit card and other details.;SE;vague;and
R962;48;It should not take more than 120 seconds for a new user to register for an account.;US;vague;more
R963;48;It should not take more than 90 seconds for a registered user to place an order.;US;vague;more
R964;48;The system should be easy enough to maintain that someone else could do it with a manual and a few hours training.;MN;vague;easy
R964;48;The system should be easy enough to maintain that someone else could do it with a manual and a few hours training.;MN;vague;and
R965;48;The system should be portable to various operating environments.;PO;vague;various
R966;49;Registered User must be able to maintain his/her session information for at least 60 minutes of inactive session before the system prompts him to log out of the system. The registered user must be provided with all the options of the E-store regardless of the time when he/she logs in.;F;vague;able to
R966;49;Registered User must be able to maintain his/her session information for at least 60 minutes of inactive session before the system prompts him to log out of the system. The registered user must be provided with all the options of the E-store regardless of the time when he/she logs in.;F;vague;regardless of
R966;49;Registered User must be able to maintain his/her session information for at least 60 minutes of inactive session before the system prompts him to log out of the system. The registered user must be provided with all the options of the E-store regardless of the time when he/she logs in.;F;vague;provided
R967;49;The entire website must be user-friendly and easily navigable. The website must be provided with a site map for quick access to a particular link according to the requirement specification. The user must be able to find what he/she wants from the site without any difficulty. The website must adhere to branding schemes and the layout of the web pages must be uniform throughout  ;US;vague;able to
R967;49;The entire website must be user-friendly and easily navigable. The website must be provided with a site map for quick access to a particular link according to the requirement specification. The user must be able to find what he/she wants from the site without any difficulty. The website must adhere to branding schemes and the layout of the web pages must be uniform throughout  ;US;vague;and
R967;49;The entire website must be user-friendly and easily navigable. The website must be provided with a site map for quick access to a particular link according to the requirement specification. The user must be able to find what he/she wants from the site without any difficulty. The website must adhere to branding schemes and the layout of the web pages must be uniform throughout  ;US;vague;easily
R967;49;The entire website must be user-friendly and easily navigable. The website must be provided with a site map for quick access to a particular link according to the requirement specification. The user must be able to find what he/she wants from the site without any difficulty. The website must adhere to branding schemes and the layout of the web pages must be uniform throughout  ;US;vague;provided
R967;49;The entire website must be user-friendly and easily navigable. The website must be provided with a site map for quick access to a particular link according to the requirement specification. The user must be able to find what he/she wants from the site without any difficulty. The website must adhere to branding schemes and the layout of the web pages must be uniform throughout  ;US;vague;particular
R968;49;The system shall support up to 10000 simultaneous users against the central database at any given time and up to 5000 simultaneous users against the local servers at any one time. The performance of the website must be optimal incase of huge loads and hence appropriate load balancing must be done to achieve this. There can be any number of mirror servers readily available in case of huge loads without the user getting any delay.;PE;vague;and
R968;49;The system shall support up to 10000 simultaneous users against the central database at any given time and up to 5000 simultaneous users against the local servers at any one time. The performance of the website must be optimal incase of huge loads and hence appropriate load balancing must be done to achieve this. There can be any number of mirror servers readily available in case of huge loads without the user getting any delay.;PE;vague;There
R969;49;The website must provide highest degree of security to the registered users. All the transactions that are made must be secured. The sensitive information passed to and from the website must be secured. Identity theft and other security related issues must be solved. Unauthorized transmission of sensitive information of the user to third party websites for reference must be avoided. On the basis of user agreement the information must be processed. All the information about the registered user must be securely stored in the central database.;SE;vague;secured
R969;49;The website must provide highest degree of security to the registered users. All the transactions that are made must be secured. The sensitive information passed to and from the website must be secured. Identity theft and other security related issues must be solved. Unauthorized transmission of sensitive information of the user to third party websites for reference must be avoided. On the basis of user agreement the information must be processed. All the information about the registered user must be securely stored in the central database.;SE;vague;and
R969;49;The website must provide highest degree of security to the registered users. All the transactions that are made must be secured. The sensitive information passed to and from the website must be secured. Identity theft and other security related issues must be solved. Unauthorized transmission of sensitive information of the user to third party websites for reference must be avoided. On the basis of user agreement the information must be processed. All the information about the registered user must be securely stored in the central database.;SE;vague;securely
